316365
110823
692768
737523
789517
141090
666736
371427
304737
240310
428525
1000887
488942
751765
338769
426373
627148
360094
290041
838768
892847
1025840
735790
71487
157705
51098
772010
521748
326425
447692
830911
930432
1069876
571988
893684
708737
1010760
714460
170141
114932
292027
985491
369452
190494
49885
136613
50497
384519
584212
407353
965878
843595
1072160
569035
553689
805934
221011
828987
971735
506278
149272
655796
281870
55680
793897
118192
609036
723527
35408
920896
665238
53810
662194
822158
107356
936650
204155
888220
851826
258542
36715
56901
856593
730310
368215
848303
85158
300244
598782
1083026
861798
348525
983906
615933
537532
73233
819557
864078
307151
679466
357334
950505
824436
263424
1055561
165840
824029
546304
821720
1025874
70299
609579
334679
563788
814152
574974
261810
535715
51266
250805
224114
981386
317393
976912
505107
498389
87085
471512
167630
227085
202410
78526
239165
91900
529010
870197
307322
727308
239169
104879
816900
468691
333934
1026233
359863
738775
834774
1074744
359400
683624
147772
104432
48207
624768
208512
944957
182708
48485
99770
589657
639618
533588
961826
803674
245858
468652
642048
263459
1068933
1051686
50541
767635
935997
197979
903702
325729
576265
238740
782720
529266
442572
688899
295425
467605
48361
482495
1011859
752518
266850
856488
719286
896402
922727
234749
524974
111186
619362
1080360
668353
417482
436654
481083
507602
788836
727750
537759
50252
1032169
1062854
294713
897004
1014484
189647
1083078
578837
209619
459795
227431
893672
849469
298229
240602
921940
1086361
453883
338205
451729
571565
766921
684775
728431
528124
313176
65082
464167
539512
1011147
33440
717153
35189
366025
421293
544348
482558
153228
893692
773946
776607
397534
221333
50519
822720
711051
691599
860638
719445
539664
844177
578519
740841
157365
917047
467741
989883
725895
593109
61367
222678
112781
358718
472543
921268
616282
887734
835663
50536
142646
832283
320277
435468
994359
825819
1035475
207354
860125
346078
1033486
450782
647602
75884
626625
614470
291140
526592
1078547
637274
998218
279693
915209
699311
1093425
673548
442291
582784
83297
651361
1053673
617886
1042740
627104
554023
334877
607717
551820
700490
312556
542949
812153
926800
1037848
353356
804425
82980
194507
431485
664740
107159
640631
84210
871415
228191
679360
271006
54597
722230
506323
743067
1088680
911321
505072
1091189
175472
68524
702380
39902
930247
54667
353310
589357
439257
899367
606696
345939
92158
81566
1042739
818686
233738
796913
603703
914679
104584
480453
699649
879302
1021156
426074
1072399
186501
705853
848573
376106
493771
1084524
1017797
151467
878780
828838
457534
536131
48321
591218
68311
545408
178888
376992
529809
941284
911645
640628
210441
623487
113079
1000803
368142
533560
437884
264441
88385
837288
53602
1055448
623046
46693
800411
712789
203023
538577
339628
419263
152302
366642
790919
48797
462032
851744
37468
49829
871779
368625
111950
830052
869060
400317
333824
465735
192049
947775
701376
524584
402252
1063250
536444
814959
518851
613335
540601
308546
557781
758486
577819
1049163
459099
396934
46056
221006
458415
578125
353843
675428
460629
341423
68844
459563
813452
548930
540049
445184
548011
787516
87627
69230
322625
1042422
915503
631994
768714
850814
746653
415218
601020
587771
554188
1013573
320151
747816
296742
817359
128307
151517
545707
158021
1035212
436581
951769
644901
84434
563885
706953
49928
1038916
904783
904643
888435
768878
1019120
405961
907133
821202
606570
201586
169657
337799
707078
766194
900544
801131
258163
789403
108920
909620
421676
236317
480649
1001856
804589
362596
279082
461590
201000
727439
677690
1060619
921623
349635
793579
1015499
386361
78388
1056220
416141
524248
275452
250610
573973
60180
51246
779987
598659
450075
114123
653909
310505
267242
141286
327992
876683
562942
274176
152992
405458
336940
873988
454229
823300
1028071
363055
135146
1045447
509145
427632
152586
318009
512807
396961
308983
544271
136868
780498
165399
745479
584631
376000
985051
909211
462900
264576
246485
913284
898882
771175
469577
930631
821577
697435
384623
109742
102272
770259
971751
338732
978658
782688
738343
327647
959161
421487
1000838
591750
436321
266298
462176
592806
221904
184701
476000
890067
1073853
449205
630585
1032213
129353
787839
427834
112051
647987
627881
441990
898974
58956
957745
682801
880234
511692
220740
353629
1059878
106930
801502
341675
36170
1078790
1040127
1017727
773482
894467
60335
914218
816193
498091
1086088
49798
90569
418869
661784
74989
282847
919970
374296
948093
306945
301077
527702
1056912
801094
194814
1074644
258861
148815
804238
1014884
768868
441542
78944
858475
462530
1008812
414557
354079
496435
413339
710054
626394
1001267
1060909
493312
446790
590535
258504
54225
76902
661410
186608
374411
956550
168709
859329
294181
90918
293995
670374
752249
947898
399509
839429
972275
180211
826965
767296
53339
597930
443700
746704
785295
48450
198966
933900
850002
643183
363416
627426
459802
691998
697126
444238
85853
106869
38991
381579
969741
680039
77040
557708
569424
138028
524091
74032
272690
866765
728590
566172
1045358
81865
808972
232414
640152
879160
520507
481118
1086207
914307
553612
54567
53182
317810
996053
312779
734175
162689
519011
323685
278394
840987
291190
692440
407508
271554
287000
244257
266756
70105
583510
572554
739135
48321
304836
50947
133714
956706
907686
833851
648891
280337
821457
893565
754996
939362
733620
613155
996543
389316
564010
49502
653275
482211
111386
1047479
125178
56763
165993
971417
50317
514749
277818
822208
814607
466593
580482
384480
457579
338734
189961
692854
727535
180670
255847
483953
429245
689036
939474
173686
904609
747364
346151
379778
213136
742951
387412
1034488
166222
956476
904704
458574
132983
141958
527843
688454
822193
772527
684447
902496
1083444
148264
398897
863287
729048
1042739
726848
250352
938279
690563
51007
472429
637813
861661
293474
401626
583268
1067399
97024
340382
650226
119430
233319
557284
234124
376855
948307
519701
982567
903797
114455
295472
1033583
754686
1054973
611857
787318
186682
916684
272289
1067248
488980
897556
1020859
131402
758549
1091933
388207
130044
427870
397482
38922
727872
498334
500862
861439
870275
346478
492262
47731
460631
1070445
119027
325858
189274
51817
298389
558738
481501
756616
697468
288968
196648
536534
865334
745747
89016
130316
961081
79319
659488
653031
629609
817253
643423
807290
1011813
617919
251454
56537
221767
889160
154368
437396
258085
52526
515121
984057
148640
446018
714794
450560
620909
599189
975379
975361
1068362
441284
970637
789532
175166
64690
154749
630967
942398
429600
619217
868953
387854
827762
786455
971056
464174
517302
1035302
45941
613659
562808
994335
1034914
738304
229515
251463
448923
936394
813818
450897
883109
129371
369045
810593
891515
783396
297204
142546
1073216
335023
94275
444867
1054337
975870
650235
631156
997231
282609
44096
946197
909547
723636
913789
761880
456891
566754
426387
967065
993652
569208
871174
596729
580779
930796
138045
233136
682071
938951
602400
1088182
475861
1067530
671547
520629
325242
329279
533370
520407
863547
63359
900296
834854
472608
285216
150806
177894
346533
982985
795848
461145
612655
820502
562757
49391
595209
314171
252006
903840
590725
631050
878065
128311
311839
204189
347186
1087098
1022250
908184
232609
120623
752209
667339
644345
75501
642238
946192
66025
721725
596483
445887
552521
574291
353881
601729
1072811
709312
188337
74713
269893
275922
804685
677548
710833
987820
351112
614378
57289
556368
36980
48465
881547
972858
50969
1067881
816021
222732
261100
34567
804688
187442
1047083
450436
742049
68151
859292
989954
669418
396991
50342
266596
989632
987350
525442
906660
1080129
210954
872805
949021
1082835
618939
195292
109129
888593
322751
735966
415614
173592
957145
758663
232366
694624
211456
426804
666191
332742
336580
692898
171127
437514
614930
138028
1029040
967298
1048992
932303
809783
763529
996072
365622
298900
46786
367316
646932
371651
314600
435006
281815
511487
959335
289474
177822
1015867
1062101
817000
826986
889394
1056947
914681
986900
587465
1001349
262948
414808
792764
73731
575347
294606
923061
456205
325339
818554
927615
129630
728790
473783
327415
599163
1027029
693719
321034
135187
825004
153360
155549
47313
63020
157381
183123
274931
527496
128932
437026
903324
708245
584139
745364
419883
332376
859353
168082
743090
241763
886560
945240
699474
1053132
213007
37913
117350
310817
855087
442719
423203
142966
336030
955097
1077379
49711
685891
617624
650859
321568
948652
109775
92008
604169
334257
51180
662164
49928
310267
528839
223713
489691
537945
1037340
1046617
402340
162302
274534
598946
63231
494851
330252
366832
510738
964933
225284
48154
410184
766716
357796
566480
198680
169125
629881
486580
790167
624286
284626
631844
292206
624353
252730
627819
210642
437687
922840
838018
205067
63650
829124
999829
48898
616290
984293
983084
773945
377795
438977
1000827
418503
1088375
474913
288970
907364
416388
764767
1030409
477862
102008
515123
241078
761608
139948
89367
445807
905838
694312
853571
942397
926444
965541
941736
778256
82257
426946
544297
273242
1086521
227022
870477
419400
687026
216207
60124
468230
416239
805730
408826
635460
647981
785211
487955
59388
523614
581841
639527
380314
239863
47415
729664
323826
817143
1029969
954479
235642
474089
736539
129450
172209
506262
360154
413715
896819
294757
794035
840715
738512
172542
78027
955060
741600
603661
780325
690031
784602
55827
239673
811277
632680
573298
122595
1072908
1006149
579773
109514
1031074
666345
898247
955674
1075154
461752
357656
1072686
86460
840862
537938
402357
660080
422383
234447
350749
882045
884311
530387
270816
194616
541066
502750
585990
385684
950374
892606
35470
303133
640253
1070085
290534
297872
862987
76814
979633
1064143
1039280
1085659
93737
811442
222309
616799
866958
971744
225317
896030
860737
55904
550492
129742
611052
543941
682223
1061091
60184
293820
115217
457795
662637
203757
343732
633042
865867
1089649
300552
166337
1039649
1092553
132164
892936
766587
313652
965799
851935
687301
591397
1045570
162867
283344
37764
184440
430358
762836
1006497
1080870
311133
366582
278522
890531
95360
156417
746728
654303
526762
755820
775959
650299
852991
835921
998039
919153
772484
684022
865460
317741
278475
1001991
525144
530287
895852
988888
101792
616912
1034533
722794
1038259
275560
937142
304023
994692
317067
487995
698582
146975
765934
356434
880795
859622
638293
565778
462994
70214
1006228
749691
169877
550924
1019054
823929
963390
95695
895885
530769
1022014
313603
675308
311021
431959
799580
255268
232495
673933
301362
983602
1092536
941841
323821
1035969
326899
127548
397257
835897
701342
542678
1023576
606774
77478
914182
168760
450026
55967
671135
848798
611617
516114
629647
905645
733957
926381
680288
582330
252528
779677
71264
605550
426246
228027
541698
35552
541083
700761
231542
835842
966314
618455
586453
781692
302896
1032201
120862
219005
794497
932005
656499
47280
978858
493234
286045
657639
314509
427583
1017563
360362
590311
722443
459808
435079
128397
953119
578541
971922
966689
985089
765843
895924
886938
143151
472056
722493
116479
681562
218043
804361
1048315
693910
298975
425881
143606
562686
1041931
1020322
982687
668169
976186
167987
1032717
587500
237932
276279
873534
195392
303120
801724
201878
888606
457696
307478
48979
235902
212703
171849
692769
260794
785100
874003
827399
156496
867906
946047
629560
914040
924054
834458
279737
958875
1002668
811817
222326
696347
581888
295951
555205
91281
198439
349136
74730
50427
685593
708717
86393
339372
884724
920919
36292
904580
842508
256132
828791
119260
57666
286033
503630
1058980
1019379
818984
658283
269089
604933
291984
293531
296366
305711
496917
416017
64312
445768
1026937
960427
763039
985014
897777
48139
880893
500326
794839
559130
56196
679408
228063
1076360
514986
898561
538881
270989
1092795
981022
770499
528314
254011
191122
733701
849276
926730
764899
884731
1062230
920980
1047946
789844
59111
100466
1023362
676589
484479
216247
41028
733844
161622
376596
996429
257344
484659
303491
964013
158501
351724
585345
992878
765391
391927
488736
91251
613041
930146
950409
591182
515327
55965
637672
985957
312030
416180
413060
380659
642284
151149
538383
353481
821271
634162
379358
953314
834934
196131
749471
748241
483803
46970
344833
953395
263749
591909
810996
311723
706551
719230
525510
47657
300775
394598
539529
446953
37745
121484
76254
963215
596721
466496
230206
163548
313805
425709
373683
65489
913863
328964
360124
922708
672372
108546
936715
1052722
749974
601767
267677
1094507
110558
510130
238430
948338
1031013
481883
1077859
663935
234016
641594
316446
558740
880352
555979
240760
38254
49907
777522
1052535
386043
119268
686307
333593
88776
72533
61788
548234
519447
64492
610828
1011305
1047163
708381
187515
418507
367319
736760
187259
776137
302912
755010
406587
968241
794207
939858
727123
164023
517506
489459
199442
494826
184863
654806
775493
170065
255951
755734
522953
594712
649469
261198
351058
852610
444078
972910
286409
413000
166438
909930
152483
799238
322841
511501
632206
537374
1072816
1004472
810211
246066
227807
754166
952711
1010878
827727
445283
699386
315194
562967
681894
410781
94659
843961
557386
675157
225319
278061
427954
783071
986471
680645
90502
115353
961292
281310
952632
1046364
1068236
447410
583232
539906
327259
595746
249252
666456
468739
716493
655737
411973
254886
871581
442485
881783
279001
1073552
186307
814990
61291
809318
291996
826068
724998
1082661
831706
306839
195543
483994
418489
1020098
991887
794158
666120
529697
51361
546339
50740
799455
1094368
824637
303379
357571
544369
208314
853033
239325
1001506
847267
112552
1023005
171179
166759
466598
707148
809196
720383
745898
526025
506618
859580
288101
464240
841138
97319
516524
394178
309528
710971
392966
227864
436737
882149
110304
1075295
697223
757985
732439
915802
477905
734972
798480
149553
471975
981481
269079
748398
773375
193780
971108
1080964
876609
791569
551265
153774
960093
979157
312813
552954
46168
759831
888641
495799
736484
976726
695008
924194
1089618
57037
303605
504212
207576
472501
571781
765909
469713
386780
932842
750388
771319
81689
382779
815221
740982
729026
857299
633853
1067666
545812
961081
172242
111719
217152
565130
649372
445594
895539
419493
515476
584968
192606
874789
822582
1061178
603488
613126
1018594
193613
866021
470752
419228
1009988
254493
1079340
753069
174908
65544
171382
677845
512487
928196
190316
404187
69300
925443
278432
179472
987629
135254
104794
302473
1036383
263096
1036420
914516
1005083
617427
56547
524490
249490
191472
765974
70238
489195
317734
45752
798733
87916
277867
699363
803576
152220
944623
646011
687601
433751
895394
1014968
134341
798439
528835
50472
220878
633477
461448
792647
60292
820930
158645
188915
510671
131240
879071
937046
652303
1057947
68309
301427
1035862
1017525
770945
314541
244321
432778
561663
46016
1041940
949710
302028
309446
663060
839355
925900
571846
961605
776579
832222
175883
45838
452410
467374
517025
728672
908685
201544
173935
61345
489561
695236
503428
420910
343486
176238
1069754
338553
129022
629844
525483
700050
729964
888632
779551
431669
48170
1046749
274514
374588
799251
49224
382285
35171
555531
767312
457918
853356
396821
510616
876870
425530
871040
795857
90451
358780
48087
435778
210428
120372
610603
309019
824264
755671
385857
353637
342676
1075027
308558
1048138
185557
938430
383261
603882
560131
733486
928050
508247
91162
479798
456665
563774
502124
902297
587103
493081
754414
1027918
861722
423458
961591
1076978
661785
97632
487675
466902
325391
887915
258483
153999
873848
893019
1074972
798850
960751
198421
424949
123529
819387
437567
442511
906433
1070233
1073942
988697
784863
220606
789353
616469
1065537
770759
655985
368699
884353
516770
399121
157507
476014
179236
533788
881068
467960
1032603
536783
70428
826182
722938
842069
973653
874192
428491
114429
598553
487290
316664
299897
706239
622145
946688
892669
632062
784515
656860
543808
476710
951150
827006
691364
80043
441356
199844
285968
518247
737337
301711
1049959
937427
836970
525764
59166
873881
662222
300035
667913
145115
433795
810161
441156
838717
1070106
189115
981932
443258
236096
290784
797024
234396
809945
1085436
514042
978953
1012798
171634
339379
53159
740046
117868
963759
286311
1048410
804735
423200
395920
128621
713472
412498
1003913
587894
374665
1043166
1059971
875079
100860
325568
403367
54053
645076
878337
149879
386857
50239
789969
606946
1070391
311275
598044
288959
358069
625706
1066660
490290
646841
940675
443456
1066297
407638
109273
431723
789016
687313
747511
803452
92560
829157
185328
329753
1034839
323014
739291
648197
379138
84320
1010901
966858
747418
723226
728285
1080954
456523
280510
506350
869322
132602
503114
539264
628114
972561
701402
928692
34214
1031438
1023210
278264
55783
891438
812273
392317
599334
792175
399651
837291
53923
510464
1015324
713196
760184
933553
649009
165131
121624
1087927
661365
329769
285270
111026
758759
990902
506900
89237
72916
46712
1001031
961880
979413
900347
509354
851006
368778
217553
509065
597463
638399
482637
52549
221225
430986
900736
598655
1039783
588011
642984
230043
977963
291140
589616
656300
653035
712262
74685
622888
412443
535115
974246
1054241
467015
48029
656845
957570
232559
135313
894397
740822
529155
88334
293631
1058501
640350
785734
720140
837242
375388
109969
981650
684199
342756
481218
1007046
341739
894716
835058
229593
655008
191498
962744
340946
912751
1028702
293931
132369
65078
1005117
277780
500750
93396
632425
868307
971498
539291
731278
698583
1082548
766397
71120
377706
895956
466885
1041411
778858
530740
509935
138553
544448
613784
1077237
70904
615683
1002773
1010278
343140
193998
417548
105080
711700
599718
138543
473611
355593
304752
908538
658393
418834
975181
388156
46903
424065
106250
36773
160377
811236
758197
916613
393602
338148
51270
893156
66352
515678
130085
823947
236085
775112
784954
280283
798595
197106
667641
1027563
44923
980808
492735
846599
167737
908105
788520
39967
721864
1079305
614921
486072
835461
1041121
847689
774313
104502
129418
854934
898299
329665
304239
693330
399820
295757
1031406
866805
657545
53453
766534
781468
760312
167977
804860
276352
76005
296751
103608
647451
554711
698239
85061
166041
267693
287934
503172
665849
442086
330196
930963
417559
856745
781117
276146
652563
384558
964979
51750
373774
255510
66344
295456
868736
612098
1075764
445750
119414
148575
1077130
889468
563129
985744
924855
976367
170987
719470
222978
629229
480763
93334
498214
243211
431141
375645
824003
849731
270104
484678
433394
1023058
321553
244584
803539
933086
752781
44002
1009595
1023315
122911
522682
595431
363707
1062244
983309
143065
666763
181427
547429
1090685
633315
271928
124479
661458
166091
308980
1048599
273196
362084
51332
47496
128562
144963
757162
1000919
100711
162465
963857
953033
37028
577946
746368
940845
168534
728044
135001
366734
371423
50097
827674
406108
469620
324121
1020356
257390
729585
1029169
215976
370815
1048804
647686
204071
629065
185271
244352
675826
925594
604844
922236
605199
1061778
921085
968141
313466
637393
565317
162541
600057
71100
831001
272691
1026812
678333
550241
254863
606953
913853
465087
511644
819059
152931
843481
265049
532241
88417
531748
493116
710717
169016
542017
799906
218835
275673
506955
1019527
679588
969506
853158
170397
1069276
982403
75404
911171
416737
826403
546255
268445
279515
792030
115914
37562
112482
924367
49149
725525
1080025
934130
684917
389337
438419
924306
449318
419683
816301
696201
928763
585047
575371
338820
629610
183196
147473
1005722
511069
200500
1047846
251746
943575
1060415
350118
236584
680980
1094251
791382
470195
1092441
200962
945254
479435
234767
183136
998619
528006
1078438
634210
41656
699858
806010
511830
904423
320283
1051886
941093
142426
997784
537954
858776
142451
256396
805818
248456
560805
793184
67407
193013
721821
156669
822151
985389
1005175
329546
839151
88990
548255
835522
821787
808210
949011
49033
509033
274169
153638
1046260
847491
439404
224974
968645
411892
847768
851910
911576
53911
588745
45923
91411
1020016
877527
274262
369318
396460
1057764
789103
595312
166120
88622
866568
306525
979340
333418
623052
83285
630627
613822
65768
686690
616432
66813
1022522
182030
342775
803836
1034008
553465
941970
47113
880734
73316
618620
103040
727758
418324
717830
379352
513386
290006
190906
85324
197771
324094
644389
662617
1033861
994098
44995
807436
795528
491842
298495
219296
874886
808986
469234
50469
663258
859998
814599
458174
278266
916721
370444
229381
236216
624670
368217
737740
990913
1043507
336580
560577
503096
553690
147876
1067927
682433
513382
460400
551016
338627
274915
119119
970571
747871
270482
521201
638544
86941
889947
936788
1033399
111293
364007
793220
1045185
655485
643535
583447
332055
750154
773107
194508
900222
508025
761894
198035
738993
509334
138479
768670
651442
90139
742648
1087125
58979
807562
201322
41546
45751
375495
969203
228754
454104
782539
139271
1073798
289283
840313
386504
918165
198697
1081060
571260
1004966
382039
785389
316651
253619
279898
162943
830771
338205
382529
470646
602139
224432
103277
456529
46020
451436
59017
927403
401959
788963
622930
313074
711524
779783
794115
226892
407204
711521
49880
886064
936043
405012
346898
46440
1050641
552338
982097
487941
172974
136698
450942
294036
521413
502317
757213
1091660
39106
1076512
414947
943383
67516
207044
365497
862071
269583
1018828
1059769
481775
502848
117969
779222
354386
342429
904756
516041
563910
726313
425598
619068
496570
214716
86326
691414
641440
374517
264039
866630
666346
596457
48818
519661
60100
666889
1000569
106370
429190
837392
207396
922655
849389
1036078
424563
938511
224735
403765
367832
540563
550889
48545
141111
810388
38444
401315
1059421
697888
574502
430109
1002050
310317
948404
87029
797657
1070012
827973
843069
115729
126765
606589
741842
491489
411822
964019
986012
984166
79122
400797
247089
673985
628093
897542
521783
329518
581247
558722
785471
224601
754082
890965
1062091
889202
946216
1004700
468662
206101
370744
1084286
946223
979487
119340
214995
177075
841193
836450
557811
401404
1032186
749987
787973
1061370
236744
58806
497795
1024726
808147
551565
559342
178797
339987
826224
205622
107742
444646
723190
377505
364981
609774
241868
491216
47476
877200
604205
329058
305819
279884
687273
398998
258037
701163
1035027
423649
655059
82146
400146
369734
692633
1061052
399498
403108
888805
232308
684206
565072
374513
50549
1055706
635986
802717
809446
847823
133238
664908
704543
282723
543484
561287
925638
334868
967095
401638
804632
984246
196018
927611
255412
392163
539121
649202
860514
617168
626178
418131
748903
273170
450886
218379
904126
454617
549449
496495
276788
142786
707139
109288
935126
525733
122792
120526
515465
76917
742825
194928
354503
378624
401755
393264
90947
1059568
1083531
56934
856776
1036239
125696
502941
504227
226310
681664
894048
370398
67547
1080804
810452
639241
742222
64515
963743
716240
809920
918129
1046242
992904
745063
343265
916925
127924
689479
543633
100668
65186
805402
322843
996346
412141
817956
980328
374282
474679
1078602
125034
344839
862287
950593
49256
415372
97345
831558
154559
843634
53182
296870
471907
837651
711229
436561
214753
815872
664260
68860
160741
423581
734237
738165
89572
896492
641200
913064
614981
1058819
337341
353880
1078296
281357
59202
48549
913868
451114
465821
920591
201427
56775
914953
334112
603873
1082993
969057
389854
819237
402843
608302
664440
240964
248118
248684
1014732
107705
805382
745500
115915
221651
973089
560313
122017
687288
917670
262451
651341
960929
100288
265746
604351
237738
256505
170598
898365
902808
1065888
179769
886875
746453
353105
1033030
1047069
1064954
869564
615823
968824
979857
507404
438090
403566
276960
130357
581004
45249
926464
940557
367966
437098
606680
634815
304822
178190
386663
189245
349468
357556
854189
352819
447172
884455
530193
711525
321631
486628
869423
688480
56754
484283
357894
613342
119287
234983
473402
63622
894433
50342
1085984
70796
365173
39738
921805
888065
307369
763786
840787
472938
1038842
585784
255871
1052978
604546
49466
615280
129819
600100
115214
193506
776675
746601
240375
1057115
944131
575957
72110
116675
572692
710235
731247
514126
588471
1027960
554351
141770
480998
856214
798264
985492
340044
865943
961025
911129
464797
957520
1076605
171737
1064716
827401
796735
395652
421268
279339
78732
299952
958014
736577
739234
196726
531550
505384
670414
649641
37174
535105
911373
954328
556697
714733
174540
58793
563512
892647
324302
484859
778881
807632
51217
495527
367399
465634
251365
402526
197550
404936
484242
88982
868231
717074
302221
59213
977804
454059
126998
72013
209911
75680
393517
741335
131978
789630
454944
667747
820285
610358
359764
612618
647235
585619
760005
478832
461807
250377
792485
298436
755020
595681
737381
747126
110539
119254
189452
910358
710694
747981
504874
639878
1089474
598898
810048
1083539
676723
349924
311937
210158
318273
466602
634390
911449
884805
552710
1056544
767095
648019
928177
938051
118376
954077
860319
47125
259570
624735
1050882
380131
152805
236458
501545
760972
939565
768543
607093
315136
581922
214694
270408
1025312
694841
486847
738887
79155
116752
246589
385519
1042194
953944
1066347
195630
851810
128202
314486
151662
637332
56229
962427
508638
484247
452858
273669
851185
277194
312410
328211
741897
117380
780157
61475
1040753
947843
193053
73371
939524
287994
802117
557523
126827
79762
79679
386499
466059
591569
249008
639472
387316
74894
224686
1003484
311617
533115
241752
176320
689852
278180
483402
476853
705247
923394
730717
56445
138043
572672
387877
46690
775526
617303
356951
56673
1028667
351429
760570
1057146
766229
900296
1047569
990109
722680
856237
205118
158637
207049
479844
681276
432733
78959
125058
738338
464330
874893
790226
108116
107179
907178
582364
786348
153490
216872
689122
376537
729811
814546
978985
333146
367516
879504
989742
396750
55431
1049143
333827
415339
384892
169689
55159
187531
400038
949704
539976
127643
835717
565354
884390
496779
947757
260311
145887
444461
435960
456428
64411
367338
863736
1025159
922059
694561
373130
401702
881754
194649
799391
763093
759055
181093
1084765
964345
48638
411019
585208
748249
753605
58642
393463
515791
891879
680753
774077
923867
970597
231450
74653
439179
718140
162198
904439
529875
510729
121571
652388
197298
652515
309339
902313
757678
1085325
174364
642431
151540
927863
1002563
343909
502239
47249
62447
416360
442285
687644
192307
817338
860376
1068777
793112
717330
794179
918523
590841
1079128
747669
399300
293730
625080
198732
1022085
734471
831506
387458
69268
178095
1032569
125600
823503
324507
287487
384679
1076558
144506
825343
405217
1092296
822508
744790
868724
365060
853296
575524
489635
786190
1089626
49735
613947
603271
1050959
561212
305852
431650
976465
81539
568214
240858
183947
107818
139546
1043982
283658
1020829
969016
816702
474079
111352
870556
355588
110532
609301
952687
94142
325785
1055275
400248
436406
338257
448108
265206
39640
788250
36172
849725
771499
756696
699485
317267
675619
676837
712039
123213
679029
950565
340410
194870
47655
55986
1022219
217422
395067
817638
863301
230021
550178
1083310
914967
92102
962801
454025
91645
46952
615253
881735
133195
702234
724153
842111
129275
564549
276098
429466
60207
336695
936352
111596
862799
228926
68564
353115
966643
136350
56937
50803
295468
473563
47084
65783
1070006
492963
913100
226208
1021648
782019
700108
343876
446049
512189
176054
456276
346481
631451
194137
165100
436866
270971
157952
943337
541031
757405
518300
295633
361072
501258
890369
156564
779807
364530
126291
90935
585390
46505
1001044
872944
402684
235902
739786
702695
1050412
1056676
542024
345326
596616
622548
1022307
1068536
679785
1057275
897163
233193
100688
136402
133482
654052
882889
810374
780709
688502
188047
307905
924092
1057065
875745
471677
530742
869282
705219
653935
362649
87791
236724
210803
918056
255150
997008
731743
577611
250832
659010
800977
255096
344627
1089705
940428
1059246
185925
1044906
718304
260411
674703
205250
207057
510978
1038781
508610
1019040
706839
93089
349195
129471
49054
898675
695456
639129
515624
745067
306481
148379
395106
73170
369533
749582
914143
552466
440523
337718
439332
850431
388522
366736
501344
974591
300203
590895
679821
337513
669973
591131
505030
409314
349793
591299
67095
298264
272950
53901
915040
109282
734236
941516
303649
897522
453013
328932
751478
365227
143682
549665
779064
703993
101465
1087399
639947
326272
1007722
108712
976305
874560
183851
38237
50007
90974
33836
60918
451158
774511
427243
944770
92683
104068
464728
625474
420785
374978
404763
416354
778838
450629
284140
209852
658904
336253
974448
1046649
48512
1003334
142133
60137
952598
670696
752734
725134
862860
300255
260520
228519
970613
682473
349001
147241
807465
43897
1056995
931137
47351
282662
621583
589666
637336
125253
998358
996105
128969
313226
46946
1042483
863537
77697
510478
244323
814859
58826
645212
47080
47156
505650
807462
583699
763125
52474
447085
899447
447956
949125
1053532
103436
271353
567225
71653
203341
831001
200232
100895
1037756
1027413
313672
233565
1024513
525336
382218
126231
227327
974325
150379
384260
707335
977073
329447
1022660
785196
539225
623938
1014833
361201
633238
60995
369795
509965
219582
815933
161790
254180
619373
207178
532312
462917
363892
758058
224483
943044
208876
677240
1090756
138993
936442
910955
182882
234902
980993
990896
537658
799687
975445
991769
794681
804583
204321
788643
699967
71148
144942
364320
1032611
903030
62496
179265
814319
1063748
692458
83200
56376
1057011
47878
945998
367370
948875
634701
852395
162296
1062612
428838
895580
667221
1032074
900922
821069
64735
214201
358711
849732
324851
534125
451136
1037384
288653
720453
216257
331728
1033560
40554
652608
79140
204687
564443
1033710
329457
862005
527255
737833
617948
678978
531030
389290
448550
227966
327769
528876
253908
424446
92838
287752
1092229
951071
241639
518222
372579
875807
884539
347826
83860
688294
58988
672720
357123
309705
772670
517828
88106
878189
327802
684559
449342
510949
1009023
590695
565764
1087558
1059687
1051564
1011441
469339
339734
137955
523077
953818
290989
788723
352529
43102
197248
119563
71663
115647
1044562
973646
50725
1032626
550306
594227
578433
799475
1003993
249734
184092
651567
791052
912955
412858
493212
322255
144735
606476
432722
212389
733334
564620
286974
463789
750659
737271
334172
217548
219688
412541
636420
493782
137457
86492
697054
791422
447564
765479
160889
962602
980951
696269
613589
696921
40093
1070117
180602
270245
347048
42315
55345
519718
428466
905858
649284
388297
223849
787807
51514
413281
140144
458170
335073
656642
427444
664200
480741
549839
728268
822244
666101
102478
954649
419464
230117
967217
325983
817170
790671
435081
658138
711488
499233
1039862
979064
836602
50073
977346
737710
1009359
707337
114780
928455
823286
997688
1023475
603191
126003
1054477
970199
486309
196139
634493
341971
945731
442665
560712
341297
634842
822545
47012
394808
1006680
61451
614285
556779
544487
161707
818662
97682
80484
411532
992186
453563
827701
678654
627008
1021311
1073725
537244
552836
337329
830834
847547
1048191
473169
493633
852649
937342
157322
812079
118173
47947
398259
738334
413321
221433
78919
989503
400557
113981
374580
662143
89710
1059873
536044
432386
400443
855260
136134
376648
536243
94590
304901
61685
123934
452443
367145
687281
293783
361540
847326
45450
46791
698439
1061118
55959
451351
167234
1010936
973028
155375
358182
565812
1088405
38570
868242
610915
420061
380054
670421
206031
610498
636121
420346
1087916
233610
58565
588112
435205
453992
493505
416482
1045185
666004
836849
1010791
219444
779217
157315
976550
529005
997465
125229
42300
697322
1003458
54969
516962
263314
103382
827525
201632
485501
110754
628790
775818
215288
202202
578060
588750
321498
493611
327231
1001374
117018
863728
923071
63207
58398
694282
911113
625442
1023471
108404
925330
667564
891363
53486
353494
589008
760662
504522
142240
303832
669881
828848
649209
676220
769686
1023411
295477
439395
872718
451252
217311
170052
360177
47190
44758
173759
952510
154014
389373
753057
363415
384617
873730
158905
969107
227749
46541
1010224
765208
846712
301732
762977
291759
496312
817036
684562
395954
209045
647277
923454
433524
951856
318688
537266
112327
342989
411898
1029708
413650
89131
837668
722918
1001935
1063091
871134
464160
407827
168459
49150
326417
1038067
452270
1042031
564090
825452
259088
1060746
146585
205523
727502
353784
417055
896541
649657
858506
540660
1089734
514470
790839
855308
71638
83742
403577
780569
850583
675072
859400
579600
948060
821544
368316
269947
902345
732381
767425
782752
1049279
911916
72182
771610
259162
700519
112448
446245
751110
374905
601052
1046571
364695
887193
772966
778707
63766
349668
383952
752914
985759
935689
402820
257002
673048
34374
898616
466540
920615
647212
881164
578096
166728
416346
949381
234235
80278
50927
470031
502403
66714
1044993
695751
429542
399800
233265
59827
627765
588618
198172
279728
777331
943617
888798
690676
130127
1065470
637138
176078
972792
466872
334250
440000
613471
985246
601226
588179
207447
532329
338009
372347
349081
899640
633261
833016
834933
486343
351248
864103
359590
692475
511790
456504
312222
603303
156980
158026
501895
241732
639482
55052
276728
851151
829648
118090
261618
110317
276370
975961
828049
612615
499998
333525
987036
490886
472349
526975
876540
965775
590197
277121
1075817
270666
67823
274150
323043
52495
1087285
530310
365012
71952
727150
1008531
390986
486062
682441
386871
442571
361563
1034146
518863
262924
438081
98021
1078313
701755
517487
847977
958785
555718
382102
245563
92426
182359
76230
600243
1044651
105564
252166
654400
778158
725074
501320
444165
537939
398412
340035
712385
584778
677858
759925
77662
163670
447050
363598
825897
960376
439907
58710
971747
831519
792643
730736
778160
1032990
33822
528973
162125
122289
848150
853290
783792
840990
387665
638856
409608
188401
637372
61957
890576
81356
960156
53031
846588
425566
998388
537330
49678
439201
468402
291783
694792
501932
552008
694705
74759
807764
608070
36470
981357
54131
891636
33141
229357
363152
520690
39185
848809
932904
322225
161483
450355
400454
874328
750694
770497
131134
461943
412145
197226
267546
580538
727374
687073
890271
553095
865034
745442
477973
157105
953281
459205
579585
54321
1067637
668132
396749
753273
637981
784857
413648
735964
676846
561922
853258
187928
790650
399737
941121
412849
453990
682608
1004639
921135
51374
101348
628715
264878
1071051
816407
148874
615878
268845
676419
675537
809927
997692
306284
539072
460850
516864
790676
772888
104886
632014
971262
1060374
721865
51911
313319
998500
1044732
40226
68154
819979
913633
225658
429795
890999
779833
903308
944951
805946
891236
131992
1046911
382532
1076838
448636
389772
208916
890613
757656
461057
377237
807719
745429
775819
296170
333934
489924
538161
518762
149961
166304
424460
916458
1032142
80327
674172
461521
157382
901031
177003
669644
382178
1001654
494382
742129
417288
594038
350783
949825
235756
59092
214369
532179
640003
216652
595876
424823
970546
471288
59762
871171
155215
712722
976061
947705
947256
468662
906848
579221
796059
182741
837254
831753
209651
218848
764896
740527
736322
830959
999562
1021248
431834
451762
295700
434173
243023
45481
386246
1021298
720883
528050
652030
187537
440561
295559
530051
500117
200775
627150
873167
675150
747976
325326
963021
1060069
477680
656009
435138
689411
269134
288520
828879
590887
77643
61462
72043
853036
769576
89429
1051755
967391
955747
1057343
620645
837567
847547
693096
531191
1021274
167570
42107
313728
662577
135638
754835
114673
127021
804242
675248
452773
291314
898631
490130
594279
714458
59340
471671
446152
555832
848232
630679
986638
850397
1022621
977535
553445
35449
978016
940491
954008
893419
457157
767776
917263
356666
365571
958719
742325
1089958
48287
451228
232539
783475
84469
940968
136604
682252
203394
190946
1089339
766276
479441
190085
697742
270558
510220
737209
491629
561020
514179
1068574
819408
76677
46629
545364
587281
1045369
243929
1020065
863954
586873
202948
129429
721361
1023330
770438
554428
420632
898617
802636
356272
773285
146458
933880
591219
985156
772106
423709
692123
806809
773726
357328
933775
759491
525824
268124
464236
334545
696993
45720
260468
291156
421716
275674
1061997
104680
800809
294461
271672
712354
990743
974502
201322
32997
815577
306865
794953
180798
279573
178939
1068036
545611
621817
317061
700036
210888
929236
179666
1067709
58479
405101
754461
921574
240081
395783
36002
51583
219065
639143
44928
874013
361702
548790
369103
98010
48222
396394
394331
362684
253469
753752
100865
647392
231746
351090
453828
47345
105881
489789
359878
884577
490966
296177
51201
1072329
979949
1031541
66256
309396
1045413
534700
974043
746423
709270
971302
873383
495293
782691
977156
1005491
1036428
46541
393512
697159
401862
209877
702361
977564
94399
391365
548003
509692
939236
906887
268335
360867
83002
1069913
656128
1013463
625035
534310
581866
1050555
790510
513189
469629
719974
647043
580065
668664
798403
548066
509672
174363
1040188
347287
781363
334161
171180
926603
1000084
763494
666343
157004
1085832
453310
465647
306756
744469
718997
1083131
1073311
359763
347814
401500
429004
432905
66361
869563
394329
963694
860521
694271
60560
662092
375736
264516
485240
877468
1021330
363165
1067737
247875
261159
205757
33781
977334
373957
175338
184957
293345
59807
856022
583088
399610
724101
919827
1025426
972280
1035552
980525
548727
214411
705823
713925
133138
957505
813179
587991
826963
695410
142835
634010
287175
544271
41825
307943
378247
392743
802175
261832
519128
846818
358251
612330
725625
269253
834811
241584
797660
760101
478734
60216
213591
445912
800001
164098
60990
769753
742969
810214
243850
290744
347588
454865
440192
976567
461763
379921
967290
539834
1015157
471392
821061
39551
58486
259642
364352
105679
490497
667935
661745
224250
875876
991085
290930
83260
571750
749087
440111
719168
1040353
286851
592990
609627
46712
762096
1038266
59718
486983
487424
104763
617183
378331
1016529
617176
143392
401891
258943
387908
52421
672435
277365
1059374
310702
107109
410859
352272
470129
315549
469859
507960
524274
601102
1083850
888756
489958
313190
794020
263914
368087
810283
805108
1055099
326102
241721
268228
403846
348239
1015696
484845
984147
138292
678895
124736
1041259
262262
935348
301434
1058989
832915
822088
233813
64920
345018
409399
520627
560939
798500
584844
89300
76632
1009070
934136
169250
905771
278224
912591
444916
38177
47319
563144
47237
497617
318222
428705
989820
558922
334651
1052542
401708
579244
781294
817144
34742
787677
151435
909614
619931
45095
627357
249750
411031
993115
259669
753045
466591
344383
50114
807402
789388
95349
332684
322395
532303
1006658
825649
285152
207546
755029
937636
515032
588916
389291
352022
941258
933676
407861
827874
147174
403272
900954
389956
919177
107787
157264
102183
323420
299342
908149
397936
819725
208251
671770
915123
805911
595790
397507
881471
91556
68752
685192
526573
791869
1040770
615874
181475
681464
296912
110864
175508
120673
382990
1030217
709412
887477
86289
932403
254293
1020663
533064
424581
790837
351305
901287
467872
768579
813623
206338
985763
840150
685562
481251
114801
162261
556808
120193
446989
907785
450153
410071
77280
137897
645370
141659
47400
54184
304538
944161
330283
103550
98021
502241
469242
413266
64968
948752
510870
890092
479663
304685
768896
119777
745685
912822
73371
751731
50194
462534
1005478
844024
451904
986657
588691
355185
773518
611879
224739
46915
839926
825050
233331
273984
342360
583438
755647
94726
594313
406594
806015
156189
964376
101048
322663
106047
326234
293891
950875
361132
313289
360710
294005
658676
494766
260968
759671
529469
232250
101707
368669
250995
113709
500419
98444
629210
295823
61558
365383
960266
66465
904301
59551
257724
377001
167247
83014
94442
704731
1002604
943639
567315
1011202
212675
1066451
520599
468173
651717
868131
1005935
47507
622484
1009677
919333
423686
824743
309970
372309
367384
138897
666207
456984
1046815
49478
205964
719189
61616
1080519
664184
524001
272150
421767
730416
440916
701748
335520
869241
926021
354975
824606
758153
783327
638073
555494
408911
742233
244044
744365
346936
309458
577617
366624
549440
512031
469160
975815
432185
525526
568731
1031470
660022
360300
773295
650171
49153
58871
799520
857347
594404
743931
304515
270082
245695
176496
185753
217740
378072
469049
756812
115047
462030
774517
862983
871629
530867
917973
818836
61391
724677
963201
810459
150800
749616
223135
733800
937315
593453
243182
885101
605922
1009179
907663
963430
301770
397270
785479
397108
838111
294766
1086107
669464
65724
354226
223223
161707
438603
46650
1017240
657004
987131
883601
362306
693261
510306
66901
616953
178025
51845
72327
51782
937318
462063
667688
659854
675747
201559
274435
604524
556588
162503
842317
664935
985829
675094
367379
652659
87094
590921
886854
36353
444209
289574
202264
950698
552942
701327
208318
218573
747679
881012
930955
908448
808305
77144
712279
40510
240642
397445
813887
494155
614797
1002870
910181
753698
828683
924815
955459
914751
178812
622330
1009159
612319
1018179
138980
325318
195893
214388
834570
373243
779783
383057
143737
897453
36659
476728
912101
381963
1091210
192161
960630
104010
451340
771754
688904
233244
298316
488175
53293
1015537
347041
1031827
592322
425254
548727
544652
951022
97648
629884
686881
156097
1010169
933314
1015233
101707
764912
975468
1023665
757938
38285
721407
411669
319734
151402
161452
654884
853723
861976
658951
554346
1082607
566817
258836
810610
472441
174690
993598
289398
375666
1080895
740647
500506
593435
192833
339967
924668
770843
927095
452646
830883
98853
607359
544339
50629
698945
386088
595633
796632
607706
426082
626202
748821
1030196
595635
539256
930739
452432
444601
429768
628041
802745
78007
48276
234231
785565
812818
725225
471670
139753
72307
480770
783728
866517
669763
694254
622944
121890
582085
538143
951853
788702
816948
73106
582276
80688
494144
535035
123979
797600
454984
711072
951940
583863
799563
625406
201663
1091197
394891
344521
1087060
930289
546537
34138
892633
66950
702744
341552
668752
110771
394347
874199
993997
480745
1001268
172397
732795
906341
355032
733850
227152
692486
144576
444342
105934
254174
279468
247615
428577
689069
294567
978228
792844
652074
55884
956832
306796
780972
999200
981805
1002656
930044
845487
169438
80070
742929
273548
685654
1020336
865683
46920
732678
257260
127383
735583
523816
429104
107164
801514
611866
847386
88718
283913
97761
441427
473058
810366
673974
727497
942750
770281
78731
85518
257200
175166
143548
317013
113947
55606
206529
54368
856210
665059
510799
492190
414491
971256
947349
920769
837299
60543
114560
629734
429082
606021
513541
572106
668537
532474
728881
153036
550977
420676
868757
333756
901973
306228
466789
817088
55386
679937
794844
142588
912916
248644
1073790
1042102
496031
1006384
137252
364913
651351
551653
656514
722367
475225
805916
235331
593244
477444
538373
841788
977190
582440
402702
432413
370132
407993
494534
648703
155927
136541
549725
483837
440506
766070
414607
315997
321228
819126
957469
132431
323277
442266
409407
995662
962705
298440
714820
114784
83715
435241
1061806
314238
437234
275803
960796
93790
661175
956245
483741
418509
184146
815535
573552
189395
48836
745307
1089323
338303
686872
646070
993998
985220
543361
221002
966984
625102
755253
453820
872214
194818
609895
475154
859546
587211
229962
452763
432837
579811
898967
735915
51420
47711
1000339
669214
255625
781627
495227
155994
202718
228746
70824
864498
645577
107800
109038
742882
383852
700119
935657
682738
50440
957166
76038
1093356
1063163
115410
846080
227419
885195
1078654
207048
731628
803684
901764
213456
303462
629621
803365
469669
794776
947394
797603
997136
866885
347396
258193
109658
458894
255696
128923
1002300
770234
352757
476009
1019058
118005
873011
981220
779762
582962
364959
440752
1044052
466717
972497
719932
442408
261406
374842
367547
112444
198630
915617
1080570
222682
397779
847547
464669
849784
163808
914122
780550
920933
937581
881417
218634
926201
39841
908765
76990
124321
844094
118189
948910
887072
713572
121112
933526
1047517
551512
899617
1021526
353542
191990
266763
672400
169321
833672
502465
102785
522035
714468
631742
445292
777401
925894
397889
1058635
436907
258709
232144
571532
885754
880261
637919
520369
264174
586900
561287
494798
47979
246309
95972
701462
1091137
283068
200697
955446
675735
541659
132145
473260
622894
857474
631899
348239
392852
610281
524069
361447
298947
470529
982554
1001442
776523
53908
713830
827661
99589
775434
503321
658313
998434
49513
1039380
758857
1089189
159958
135311
299379
112198
923089
189981
779971
551702
506260
327424
532571
1082564
761818
834508
1028174
376719
1045091
694626
870512
416634
581273
839474
924934
183044
46196
448940
755533
175793
68999
383758
1024415
1037003
816351
481276
888664
1037722
758611
926014
499345
46388
1084317
367988
360886
976256
391162
479294
260401
98849
845548
1084470
84333
445573
671716
277521
418428
296257
817676
156872
310296
926232
545066
1015585
783101
521218
83905
379439
738845
551563
265110
1070573
674317
146593
1093439
1039271
304074
511558
492459
451508
740403
481747
691579
261894
679116
278967
1090549
567396
299886
919478
731994
567513
840420
91567
963958
1067856
549671
911774
673488
73555
757224
630362
474867
101629
99781
1082700
411472
554888
436553
217917
757627
1021559
201241
34370
424608
399019
734657
851372
260934
445617
496806
382656
200566
964879
521843
487721
47374
728264
60892
785335
85554
362138
178846
990065
399318
612408
75586
528666
976311
44008
478726
351942
1074791
292118
867803
722393
390542
1021134
941480
694180
176406
226295
804060
108954
733597
196957
453252
946172
881055
906732
397255
126225
828845
302714
484798
747964
119374
764003
691035
642473
447133
68340
707192
919178
401737
625930
48125
1014186
113527
897816
116366
775786
593433
885302
593017
909348
578487
94931
816992
441797
76829
434816
222666
207805
76132
658887
458053
651617
854900
994307
128491
712625
239771
146899
55372
771712
737399
81527
263201
905239
372729
234894
573645
862010
321305
48803
412988
879196
893859
641464
688525
914543
328345
549371
260889
298827
99653
93800
935795
134082
1084548
548688
607106
375515
1001020
507169
357173
47369
645894
539106
233113
126420
378717
44342
747618
131818
54673
749862
1092146
309487
1072722
56975
1082075
330561
894685
797656
979712
52324
861484
1059344
167692
190878
56312
387108
686224
1079735
806941
616016
344334
518490
47829
948019
61589
403576
474964
1055286
319563
80285
176208
600138
438176
133464
639918
209157
666639
1024087
131727
70336
46730
909167
54493
370739
323438
256612
597261
794137
301105
352779
640303
838671
330892
276307
598318
675934
823699
1015217
575606
595481
973648
647327
43305
49305
740455
570229
330894
838412
853597
854887
996499
1016857
1078376
105336
517376
503301
918399
496544
125500
255839
980666
875664
909508
751710
562048
115093
740479
897127
699026
795638
832583
59128
1040685
101438
290641
715606
655135
60124
819244
164173
867724
806822
144546
404995
700181
157961
170856
102677
96200
617054
674581
135657
556453
165477
252219
52572
391196
558144
86033
1093011
124296
698421
343962
428387
48022
527181
854643
871094
850766
873846
438044
347691
1040792
374182
183058
411803
471995
1055256
37519
441906
477575
924779
1080151
328941
999113
487660
1049022
962144
169213
366515
754280
703503
968229
394298
153247
974703
216156
86001
95480
770718
244019
620144
279713
694235
780975
516796
347811
234251
189453
720609
415766
178102
322661
766700
353421
242255
505090
985417
954045
343995
1002424
230185
146141
987143
221178
738122
872127
869085
684157
733127
72327
758371
1065323
695557
937148
72570
328901
341564
280927
220990
343766
634138
734881
492864
487024
723922
61348
693732
320017
151205
174789
771861
732060
993614
978577
736309
186222
956526
878802
127595
804466
417123
616856
79463
685088
465911
828104
36691
826113
1032344
915323
627737
929885
446104
804826
562988
186536
309898
37515
508833
1022853
656352
663530
174259
641697
303045
361771
53145
1075257
425753
1063422
1072391
125783
559076
987967
199524
548562
696705
626131
584436
760843
477256
404066
957712
137514
562039
792167
294129
299075
198195
705916
252031
624151
303461
110310
315956
48233
853806
330738
492062
194624
418976
558956
956914
275144
992812
372733
889775
781657
625995
48521
792916
176797
572849
289485
1009919
47596
632829
375402
769884
338473
154710
560543
54119
268569
714310
755759
1074189
323008
233085
425067
940156
580584
433038
439112
941997
421613
1081411
155814
191088
852437
852055
905135
962529
364274
1041634
544774
225986
423093
634246
202881
783341
652027
728312
191098
49262
448078
668400
201832
444445
944635
838274
804220
418501
521432
915023
894594
269449
739574
579544
755441
259646
95311
798140
784909
1030250
385985
670125
171523
951928
515387
643377
873820
835610
836145
274219
455191
404330
33421
334622
726160
279215
624280
673728
170943
51881
104179
129482
544680
1064774
401731
393679
492044
701114
1080856
786933
456510
171200
606184
255892
454526
227873
547565
786051
267743
560577
188380
412692
665044
34750
735341
852600
181392
445223
82613
39235
939033
640703
498281
1053547
37669
813485
955240
366603
923260
70765
52219
274065
637839
1001151
1015539
73588
946526
516673
411057
151172
77179
901736
301124
41634
119173
567138
676226
141078
463566
47277
282378
201425
732941
419385
582373
1009329
365268
970586
301068
664486
339302
827094
436952
626251
533375
959320
919477
286719
386157
367088
328001
1044997
852576
680629
352439
293708
555085
48103
846505
571339
360514
740266
227449
525391
94204
367456
889335
50318
136343
41910
49734
969187
903488
766238
304881
371418
115642
53090
772963
173618
114719
257232
305264
325327
45740
536002
459912
401482
148127
722234
852033
722798
1035033
806249
1065293
401100
563623
399209
864007
500321
798357
458440
210115
676952
352556
846979
501250
665364
778614
66877
434733
340597
673575
635691
956301
208960
46073
392209
770838
425915
332045
583111
337744
232846
400038
790247
905262
648048
432983
137553
593199
1048485
1053058
970560
476350
104210
544344
681779
821912
324917
708509
690455
946554
352987
1094447
207086
954618
264223
323265
47596
803007
355065
276230
229296
433750
230272
116319
1028898
468666
834289
730710
615205
190294
469739
772226
50835
199448
552538
585088
606634
650075
382382
904840
1026307
675798
789209
589527
844646
437677
876107
735222
148385
935555
638198
644612
831442
736612
60491
597974
272042
236483
676884
496155
510840
1081672
720546
294520
96301
732915
351064
526972
838500
123778
474684
629536
707089
720715
1077934
90033
45899
865237
594082
47558
208154
287767
591967
229234
88173
573380
109169
1000771
1047124
109070
433441
403575
99509
731537
588647
781902
1077209
474760
672243
676929
1032210
71823
279888
269429
396523
492462
114069
187947
72806
106609
401000
752381
865695
330510
407244
436948
783020
509324
480922
53465
883391
670185
809579
271958
716811
279549
198267
949009
602574
842742
842496
210225
434501
670660
736248
824754
817666
976925
639680
146616
1009275
118386
1019701
240205
684038
382210
363163
667272
859730
307729
361177
383269
759196
846801
183887
453061
326428
1022147
785100
569839
366930
640027
1015155
73134
806074
279727
962244
641241
718337
254607
721648
895908
507007
228660
52325
968834
252086
681621
1040411
441825
212357
1054873
48207
623780
868097
431741
659571
891213
407594
349962
365096
101923
1035274
909662
241220
362480
55741
84035
173799
957176
902200
729664
398097
115306
748199
997215
193885
768174
380394
802382
507348
168434
1093108
540991
66882
859967
304920
1073300
559356
913215
461446
687119
905243
457679
213893
452857
756080
1044605
336671
656434
800673
234154
487210
839167
898509
971764
828703
601623
262551
443326
682075
50840
151023
165927
667352
887700
115253
1016505
243818
48824
969008
509620
984431
607969
794697
736402
543836
435742
129345
259429
216533
255626
96386
169426
369398
608655
853854
130112
175989
240328
402983
305781
948878
50247
388732
411386
452025
448986
341954
47070
761245
1055341
50137
488914
94504
295906
348480
239210
498345
859029
303322
436352
726053
108231
147527
785088
597619
639652
101660
451449
988481
59489
171071
1090660
96436
184208
1045158
449266
240594
238805
38565
66693
853218
930286
240167
95093
34140
47961
538256
212104
527440
640049
339440
779906
113344
209850
714343
705027
318001
1065324
864811
191932
585286
184103
918066
206125
246506
110466
104493
150539
80538
296923
420050
871412
638310
458938
595642
168293
148919
556963
1074807
644681
944726
1037348
570211
901648
886967
519286
62263
768456
224422
357152
318526
1052927
316948
951240
348541
47765
59042
869963
793086
685635
1078268
996751
595561
34862
59887
48787
177360
277519
517509
1019831
418105
220109
176167
574714
210905
401950
270745
632239
284661
707028
304095
267746
220826
831346
1001929
471712
109432
954347
459035
1059275
995416
457075
629595
436928
771190
606989
59092
1012336
360159
824058
588355
297978
569338
927109
787178
357552
61199
937174
623982
897097
852878
876833
902095
815855
361927
792902
402856
401044
156652
975727
677821
491076
813892
159753
596330
216941
259631
814750
46275
439761
851165
951055
824749
527217
167891
499160
828477
206397
1071241
599077
943581
604605
531684
916202
969605
501074
728660
678052
489786
727602
42776
527697
1059202
250516
1010874
673533
630479
113794
80774
559019
822668
851099
375320
168270
701583
554259
48806
666855
625012
476987
1076079
228690
806861
943553
1052767
770977
693648
562817
1007314
453333
1055006
741141
108079
846676
857041
670493
999409
57509
250091
695058
949877
964938
222581
542015
289207
454445
47517
931674
49167
148697
266076
55415
101663
53096
144586
961113
1024836
812634
741990
878833
35507
410287
351628
65334
286456
164915
431831
418492
499500
49594
996037
668168
500830
268118
852365
814761
1041433
415373
840842
541038
1087187
591277
464395
347469
755194
58284
900853
569911
764584
198288
726644
725451
368903
858375
167188
152929
473970
490676
78839
450641
575430
294237
665380
393443
73038
1006467
407033
222789
506195
42347
1077728
565920
57846
165489
1002539
78671
1073254
837595
233091
902511
851405
825555
735059
1014381
783434
664340
979714
539595
1075002
308916
339403
246413
887681
285625
146526
419331
832840
874675
594416
1058611
920191
105281
675212
378833
415906
704092
787997
572979
964470
314774
833333
510975
319095
715470
426040
512150
794137
47487
1000365
605811
285540
451153
713927
713426
541892
102358
55207
1051309
155306
504431
851941
388446
1083112
76458
416355
515737
503018
1063633
720236
910930
678445
113257
51350
921483
710571
692782
338162
474814
1046498
45448
823246
93267
594098
909654
45729
601911
304741
278600
845209
50123
898238
1016922
294923
423833
249304
659709
1033201
917413
147390
661105
741451
436615
163712
454868
877726
256019
859841
280313
1055409
807828
881507
903221
959727
1006139
506219
898169
518495
139256
53793
671790
729884
476443
572161
873396
659037
350842
721791
493265
404928
263620
1031599
328326
357258
298291
469026
80734
798780
786268
708847
1005841
776930
751151
476634
986019
863177
971871
499370
1081846
211219
305063
416109
316994
473554
265956
708113
860940
951152
936613
981786
213425
394562
51950
958336
844821
1046587
423649
947279
156421
358434
973498
627816
105866
792144
592453
361980
358150
921486
640159
637439
39371
1005619
994369
615937
756031
1013367
663423
195604
168126
1010652
365852
959235
892953
401912
689713
587468
286250
550302
803440
707400
52019
179072
927530
929453
725044
1016597
597564
816122
626899
239719
45176
101286
46626
296770
62467
548966
333627
85877
1030668
917229
863470
666034
831721
1056779
454215
317359
50858
880661
716238
1060631
842115
483380
495118
444374
278258
1023233
398607
707174
78239
383470
168172
370900
51560
905507
654770
85649
917278
432471
409182
1030443
52820
1074564
1083213
644187
482562
200548
688199
50734
1040186
884449
440324
477286
981469
336223
332966
304423
338974
952983
746749
202265
502234
608647
890782
901905
939749
51328
851436
306631
913190
528387
814723
763693
636927
899118
1010876
224823
695807
208261
350399
323947
635494
1094263
377576
182421
943207
1043077
853046
210521
1084389
1000908
807223
786941
760529
649493
629324
939997
992426
975136
631120
550867
997874
515198
691233
458663
897191
635629
241426
95493
689412
808822
988951
221449
153577
259106
978283
700667
597767
808501
131542
772189
425490
1028757
138656
166607
949765
764886
695610
633779
252580
806144
115811
457794
972643
996174
248158
602852
751874
515167
234710
1006696
326666
914355
111609
93720
52497
74787
199355
579720
217271
435281
206157
546102
35031
1076790
1049180
178860
608131
349242
967350
282180
389204
422670
399270
829821
953669
190167
144961
270236
1004095
723424
547823
68373
548466
397770
371514
1092222
1068519
339912
973371
329066
905644
872503
311372
491932
46900
610489
70559
123407
361738
843670
932361
301236
1081381
457103
980133
414923
217283
265882
227200
539649
622104
54534
746541
662703
595285
1091320
68870
685846
39227
51510
808702
963883
366910
795427
452106
46584
417663
307317
1023033
113569
766856
818531
861604
362315
1002971
334552
365516
368744
973136
243396
442546
41466
542272
57838
762000
183037
658230
880285
732432
994991
905203
535224
170280
592811
993412
1025054
1074703
962507
487005
981061
632770
619008
275004
807336
130666
198933
416098
1047494
509400
65009
880684
631324
365587
281084
682697
71164
495850
755404
781931
254442
527669
708079
883486
116484
233032
479670
341617
823903
45973
454919
753337
514167
177815
1083405
417370
451150
1070606
1025705
268637
864561
53189
779570
886562
225115
278771
1038360
903938
674934
230395
958335
902935
533561
47841
981125
769672
61165
593208
671506
321759
833585
706388
1045344
193003
692707
789391
106864
58973
1063832
954377
1034553
311440
522199
219774
720387
244210
414603
271076
472428
782751
576406
325016
116437
858829
652933
614153
586487
873865
165357
42459
576965
219208
618014
124304
438388
566912
92046
234887
984162
411200
48828
477903
53391
973013
961481
421713
1006342
296886
721663
1085489
94990
723221
323041
255693
466951
582705
499472
175589
109415
951429
328875
211783
308141
49774
335931
932297
286335
44196
112042
840853
192970
642465
830228
614628
623931
1063062
780296
160503
501073
123498
51256
555943
158260
576053
766248
936899
1080699
533994
351817
407603
79359
413544
1069837
903997
525337
791976
484213
590751
754278
207857
478336
536915
242261
1002449
880118
830661
782351
752505
978605
558832
878442
494771
776091
380564
354964
357494
305175
174052
765954
405875
432909
895800
166042
221662
687830
408740
1000304
790631
801238
365414
1078992
526765
789897
776791
470634
330407
902184
244111
233983
887715
797756
808844
139824
823259
324290
370680
138167
938524
134354
404084
352763
796506
571626
296839
297547
715118
702211
555137
316510
257424
724626
460573
359296
129232
538006
379639
287446
432036
362343
57374
940242
93094
607134
703659
425319
705174
380021
1030696
872519
430990
1055848
100494
912763
477921
752385
527093
42520
1069249
735971
220890
489561
117475
1029118
598661
110688
1014785
834538
787559
798059
762253
95792
587462
606219
940667
396576
45535
422561
598424
376662
984877
575866
621704
754080
624254
938399
590432
1085544
137825
310601
666747
639366
694982
267847
52671
464562
1085259
625511
390786
186147
222688
948445
341227
882574
366317
430430
647452
451818
707178
974353
981120
142332
736044
564294
328585
188798
689021
406916
661522
555090
826176
709284
433389
810314
434330
905546
760852
722145
1059336
248507
705707
61614
792005
529043
618847
964118
618740
1057655
392267
311502
1043124
694926
96765
677852
969086
496941
858449
67096
919558
336951
464174
466111
828726
210143
320317
478233
725588
41164
908776
977874
931768
293628
983993
374469
56873
804357
590418
1006942
40016
112940
826596
611085
173618
841391
382988
287896
74894
509092
340813
40288
373178
882813
692190
309664
550507
64755
655962
180792
49884
635247
452571
280230
679947
785544
461030
482179
391009
614925
685445
649196
97331
201944
784831
603348
95762
1022820
145988
996821
985434
511190
374105
683098
551452
694582
328920
1036161
150104
1079930
1022631
710170
375685
222280
837423
89894
465763
105302
947676
348722
1064407
113236
522056
87467
1051629
757666
127294
744305
266626
472197
487360
631192
885754
104171
682397
265425
1048627
242986
471917
1068913
505381
146382
722421
308984
465453
556483
1065082
1024593
1091371
599042
48279
271882
706207
931174
869261
696858
226292
321131
433565
1081186
774737
332438
941078
968838
764531
878074
207944
925677
913547
566622
1077296
84576
57203
739585
787725
207227
408852
730866
388848
88204
214099
33575
997224
39504
472797
955082
348529
565485
806459
202735
203507
102481
247786
661966
504353
1054366
457987
964243
982315
312559
702446
113439
905520
232229
459606
214053
662695
264227
809022
1009079
82848
583609
161004
462099
208397
618551
375904
138121
69481
1091939
114594
417018
724689
142935
914406
958122
480359
132440
60841
654596
70689
548980
167056
481419
946283
730832
598567
628252
561315
1012485
1093529
587433
1091878
172618
727592
669611
825160
134306
57453
374306
72314
163345
279514
822843
939365
708833
462513
215347
477513
300983
93370
699427
478988
825183
242874
910637
672480
119831
540233
239266
409543
323615
79059
845493
527902
881446
334935
267752
560994
39841
1086865
747510
761302
152395
949240
381107
815414
541003
584812
679779
980482
439443
189066
741335
986156
782273
590672
277313
628913
54138
876035
210937
144294
938039
1052070
949199
419618
573150
1066113
578223
1070084
919006
416959
542256
990998
189578
284364
383831
501025
714090
571955
277636
136418
1058340
286487
323800
877272
58335
283010
273101
52351
716231
446754
673453
965720
707635
1001294
178291
520499
508221
973939
152420
649071
487997
804780
128806
636345
813255
225068
862657
48002
1085350
610006
32786
586950
129277
587425
430704
789421
814597
908563
509401
767212
479598
185870
54019
200347
658263
425843
427369
329819
944889
740106
627128
1088432
916111
760385
888179
50494
895646
120945
231980
787351
983556
973672
43652
193058
100326
1054717
666975
303568
1083440
685401
370186
988822
85896
716224
435611
254694
281169
481686
759361
385352
151383
977951
815403
726193
1056734
676703
636922
612419
954193
265324
404746
1076700
527477
660860
670812
657865
564683
169418
1052108
495516
119775
176213
113049
854318
815366
609584
84456
601985
1016180
894076
680396
999041
1059089
997179
1037016
219959
1028808
491977
154549
1083191
783996
540329
286568
842965
534112
143274
827591
913043
527025
586555
1030068
574413
420775
754292
661844
748981
159167
370103
1015868
667395
49674
691352
675487
646403
797244
190131
415345
1091420
668051
978322
1020058
816056
1084926
257587
1071996
41614
416383
451200
1086778
412152
672853
133291
115313
426639
625806
355810
375023
589961
61687
316019
532039
112216
520156
44233
599649
195056
145455
639766
462889
966354
283812
920003
817503
213445
256799
136995
51659
39660
630309
161519
535691
962858
236087
715854
563303
1012352
664144
257163
147908
88578
478125
1018574
996253
443510
808665
988653
772523
60782
1056223
775760
526365
399204
568079
382126
1051868
421205
619786
52702
588692
487907
254933
792474
906563
312734
502275
760286
423423
946407
641612
309293
930041
820229
977348
51217
873982
240745
1062495
195516
912665
727939
55383
833299
275303
480306
149116
633860
186291
48800
808196
728339
790096
1027380
191285
288933
700484
143370
706012
279524
588307
381052
1076692
331007
487315
46989
273644
585213
901837
516961
51535
722775
758779
285148
681965
477262
184544
352272
922394
790835
992358
451230
891543
874728
593209
856219
862010
243230
765911
519930
253712
130396
1012513
569580
1004690
894320
395175
464692
365855
447486
370359
987961
1080391
1003344
355934
156609
827680
632722
234265
885891
953082
50664
532798
759501
480143
843058
60557
278377
997979
129805
691325
886108
726054
739576
392520
161141
765388
169451
117747
77252
266013
608279
339879
440379
424142
274715
816637
832691
699679
909556
151268
820581
749022
305189
307521
253934
486934
660444
955726
1089009
802074
730440
461344
1069188
274546
374714
370563
564488
616604
494492
477090
997671
325737
344337
733328
306415
566536
977419
601290
321893
109658
567981
615234
617539
477448
198202
700207
314977
172298
593582
596172
577993
1037340
693292
704021
880230
936313
46969
77170
629413
88843
806371
892624
287395
616391
244992
884372
1013868
845723
261903
1027204
217524
139446
875616
944709
643066
499611
565085
60353
572734
280418
612159
963830
299569
602183
930554
342104
896772
629899
564657
429133
347782
499323
248845
826279
35274
1026404
315483
813828
641717
515406
770410
308796
336868
869722
948143
781768
265931
1006110
617107
567574
873810
941155
899790
716637
298678
777933
53835
1053903
600202
233305
678214
498258
790634
61648
472959
623205
265711
717283
392082
807591
1015220
369130
249358
941984
404131
996011
246615
143408
182429
765208
1001234
659290
948511
900776
780367
382065
454012
789607
1039833
148350
1044169
707082
52601
675659
868810
187979
738569
781656
262424
239955
582830
1088029
427954
849536
282520
636941
667511
290610
143356
439610
771539
993402
198095
100295
121513
794556
364140
526128
1049816
1045356
356309
792205
289187
253404
920076
266051
111843
161988
969863
292360
452230
357250
189354
383561
648139
529231
923130
974610
1048319
112489
1048284
610976
680619
327665
1005869
534454
487144
940367
725711
88793
825875
645721
595587
1085609
823946
711741
1029159
476150
939984
447291
543971
734514
487204
321770
487748
390822
1020588
269750
594151
276182
757187
1084620
361843
621439
1072769
882227
50884
891516
713203
680739
922593
597349
589638
600396
1079448
629216
133507
121310
1051306
221306
1012145
157216
708785
1036944
1059927
347776
748696
307811
946862
267935
132527
552193
279435
85920
281623
257519
364439
530197
48619
279666
103723
123951
355254
442029
516389
560008
791367
306776
701650
499570
911922
959571
114066
1018828
642856
439394
206392
344906
676838
259442
200202
850011
657942
761202
142505
266197
363868
149302
786177
56714
375691
555523
145095
678275
861911
286010
362868
985760
262089
983184
505927
390447
830243
788449
426593
254686
281971
716066
1084149
51716
415891
198158
630515
273558
451845
1054792
796951
934826
83701
845277
834594
796400
1062973
970390
323021
456639
554989
680739
564255
101002
662800
847835
1080803
130729
1065992
1034886
225944
492677
432116
303042
50867
383677
51423
903915
573162
583569
48797
213130
110824
791061
385437
532116
49661
852539
1040136
361896
612220
559281
347138
1043529
746932
511678
538704
474838
718847
452523
959303
99398
560637
725391
1042136
413564
440940
900508
379603
679664
1008910
46135
949088
916826
542338
422557
715506
371675
927397
647150
382175
885901
453452
398884
124781
168350
413363
350593
755949
852844
469332
432021
46158
922992
760674
1070224
79186
612237
1058123
1093385
321833
243175
474026
1074178
183607
335184
872872
918441
208090
701262
34525
646328
126996
883436
655893
1060407
526805
321246
814218
378430
778308
679802
285483
263766
1006622
991682
821610
846130
374500
573565
966614
814214
708791
297558
777508
153320
298110
46993
229106
1071718
489813
564722
592039
422212
45948
53488
831302
110028
918267
142851
943017
303755
655324
227556
331070
357519
157421
240314
227398
318981
1094177
37512
1044310
206436
725367
295707
35385
1061271
59546
687619
1041509
390771
328176
1044281
254321
542932
330722
705005
737458
475148
1062145
200809
46497
1003498
345160
546887
117220
231184
577574
659503
605645
713841
757421
579563
339715
609701
792725
831183
411499
725851
135843
922782
47240
977979
650662
159836
846492
573610
552688
432338
974558
939477
486705
939499
47270
895740
619923
588483
126799
77124
444308
898801
573108
507297
932742
734995
689968
855107
613061
1091022
47458
561324
389511
578614
47019
149060
302021
336967
989975
218069
634827
574193
833558
680833
250114
190696
244557
320328
759522
149576
211666
517919
660026
75071
448115
468129
732490
293018
131166
262856
1062502
244829
498047
292948
413984
999638
544270
830530
748669
201308
720763
47600
431274
404969
554496
372868
190545
1000132
255535
48787
309401
847639
611841
558827
123624
229518
490519
618125
56908
668091
55092
1005218
331372
401930
369303
884524
299664
957517
932529
271881
733220
241787
92496
106411
313332
761788
805632
171052
697343
668929
763334
180223
100831
566368
279546
1020597
561303
547445
171308
318534
719380
280307
482280
922564
893292
196389
523905
532497
990640
786529
512014
44994
520744
855751
872052
709142
95093
214927
47319
45717
535496
815756
231206
755741
409993
858966
142080
1053412
985712
285684
402607
126535
197202
769825
762188
197291
1007156
611244
720226
36998
932868
46487
388562
49060
130861
129197
561060
520831
353730
106129
882781
89504
1070155
651198
680546
400087
42510
817460
825242
222542
1083329
101385
1086415
888502
773305
43901
412440
769653
924185
51247
268091
796179
1030412
818153
202816
673990
41247
422490
211657
641287
65565
919246
313665
46071
967403
188250
334587
794712
984430
614427
499362
718209
357324
826271
632940
263234
494072
713442
140872
992193
618049
238216
799130
917235
475524
521594
469155
981676
466122
699234
786491
962802
1020028
411895
168388
268802
777530
61583
366509
430453
111254
214150
474782
68182
918733
699568
1092547
618633
422805
60045
436081
779044
715403
1042733
721503
221043
114665
201617
855407
879448
51064
409993
794983
190708
978763
910947
243798
431751
144989
534469
197091
365070
99665
279877
463051
219402
402638
599095
431814
601414
900839
548223
361598
837577
657027
46137
773521
827819
247935
65819
519326
391079
365791
589426
624256
269831
1076535
775034
308777
952364
956959
734582
989128
479451
538463
373359
657081
1032359
43643
952100
845720
318548
912246
705980
348527
45890
1076885
1072801
863363
168535
431620
51980
119388
206271
262464
228093
518160
392676
866948
533775
110747
550241
121750
385533
772627
671682
1057422
330871
1005541
707633
322082
117920
1071394
156723
768374
610300
988809
618009
946757
455076
138873
281293
433511
1013509
576924
594499
82328
1079334
242187
386545
766866
630485
322855
457210
47761
552852
832878
914111
722906
938467
807312
262931
813052
421172
943895
121000
597190
556468
543694
82762
412509
795073
973383
487961
484424
531360
275640
706255
90663
54564
1029480
251191
318274
296875
70710
1064858
585857
633330
46160
1092526
52272
453167
845599
230069
745871
896963
1065509
267820
446125
163971
207829
937347
919055
161803
1084869
36945
1073107
456912
226655
77428
46820
364312
1023442
1014581
553803
992127
642307
895733
622893
33350
847451
764815
1030892
538255
475079
1063491
668563
734641
367918
36428
192126
801376
760729
565400
976333
816157
486349
662592
496579
912003
332359
198213
359002
230553
920849
370685
269289
42356
690921
405072
50086
623310
133004
448351
124137
378467
655428
540121
41966
691012
1005224
706694
760165
152673
758128
576063
1056264
371783
672166
91153
499385
143646
625587
225971
1032031
1022216
742260
412232
881099
422581
468674
362027
499818
954232
433413
90445
408164
758508
511170
413505
1049105
299661
396920
50321
565702
167753
34471
741842
47259
57393
155147
585459
374514
210963
889544
403186
609965
820802
1065512
652659
93456
855989
875092
369238
975624
1069785
583777
274263
63306
528553
139926
981311
456352
914641
835907
549340
205131
400354
382882
689369
183033
47950
393100
160988
485827
249355
596777
773140
239546
166185
656770
53055
397400
412983
744403
1073853
47109
805103
593150
561426
984101
306231
81790
838566
987392
986160
47984
412414
240376
1069264
584434
953635
305105
380061
997991
474118
246177
262408
694709
424588
650870
902184
867590
881494
354012
945969
516802
49965
809855
57803
438511
350507
275529
939594
1082434
444411
611678
934071
388417
1086159
421020
588524
368141
359948
1076031
153911
47467
1088996
816811
553535
52788
390348
622383
589511
878831
160176
747839
126772
775781
889900
238500
939674
727892
969589
731067
865188
146647
89725
690861
330007
592063
459001
267169
321651
46838
1078796
926639
53443
434735
895321
330343
1041871
196675
210297
532108
801392
446941
950721
161225
880198
798323
888893
600349
994272
970995
798296
256918
722843
93093
1019822
493885
775841
441434
241047
790356
806084
214120
835759
852859
400694
379814
111701
135567
895141
90533
782048
850803
346709
171765
300671
1082181
292763
321646
318911
806204
954623
986098
969157
775162
548019
111580
994356
798468
804683
790640
1049934
215888
148137
1011765
610906
88193
949228
228101
583145
365552
57432
1004294
71945
437181
1031189
63988
1033557
708093
1026738
617485
970098
1051650
768616
357939
657868
699124
841070
630957
83968
53762
591960
1021189
1074147
611701
444016
830858
100602
712813
852489
282685
1093088
303898
283947
764943
166450
113811
888239
957331
948333
915660
176171
45508
49806
472767
434099
237068
685904
783579
1067195
744738
619614
154632
785127
321055
109975
141599
982465
1074785
553331
735817
437440
375007
523009
311746
975496
920577
49652
669304
802529
878872
185748
921690
855571
882091
101951
405791
327439
834320
74177
857924
127607
269617
865097
1008239
588876
890510
77916
949580
120038
843426
164656
150069
896255
655444
322934
200327
607419
599540
552651
487452
50230
262316
882355
601454
180460
724022
658363
292036
202361
100279
131866
981518
1078663
850704
410144
1004672
293243
48414
369579
41270
712613
804799
676189
829329
749670
787832
547189
340053
973195
807862
655176
621932
769970
488344
85230
789485
540332
188936
313478
1090063
1057436
520049
768166
578270
1022487
779722
253131
780990
78526
47637
429370
724153
788702
58908
268213
986189
99284
628072
204948
535900
804937
733077
529821
721544
1010314
722273
864054
523529
431115
409063
496250
33268
842305
174267
373151
439511
52113
528164
306636
959394
525411
148269
316227
470152
577279
347348
193982
623492
876855
521289
537098
488469
403650
194453
34245
473293
319529
111501
462859
402853
227181
508350
1027378
191208
590105
938290
978487
917656
938507
291406
717346
649624
267438
220963
287285
265856
614362
1078560
472623
894614
797062
369551
860782
361421
1010151
115199
169362
913196
861988
212542
596457
74539
454715
109822
73854
365506
821142
686351
502067
1024001
1051428
506025
765211
972592
688347
457110
367116
283407
238663
917454
678104
122027
224793
995901
350377
816082
560672
723958
829307
46413
856076
1038313
1000761
741804
520472
396520
1025123
1090912
644696
249161
349975
987811
526801
171461
209797
796037
664516
44766
177497
714377
81610
425536
170313
862439
415074
214177
656085
966031
1008161
207048
916714
1064360
712756
191056
447043
811651
372299
750538
331044
108192
961251
155730
365274
475215
400666
553395
47634
918861
1069567
1083626
469436
701743
729305
1000192
787339
117432
478303
378926
563782
172371
620452
861673
824053
489609
37443
1093336
404575
328890
255962
45531
951546
653105
158993
616377
114176
462657
55980
166924
230027
145477
484511
1051765
231508
962758
769439
526141
1084316
356038
194705
572465
179842
48137
132223
840394
111034
980157
939826
1021101
94749
109934
312138
56689
217856
821901
333468
176245
574425
794876
923141
93200
1033298
54373
268915
509116
596665
295940
37821
821904
1033498
62475
496627
964427
364452
749669
75487
211981
989259
725016
279515
779099
1071321
751749
741756
450974
146225
349035
704757
933977
318935
545966
49015
1025971
262054
572654
947265
402712
174131
46585
445057
728121
351281
785015
1041602
938834
895337
284455
657800
1048085
819672
443358
203584
95876
743593
869222
193606
558674
660682
53012
731919
48852
207680
335393
484547
81667
266516
874517
318247
889124
764175
1084880
637810
376718
549064
120322
664763
833592
783526
85109
123032
48327
683688
887541
233424
383752
995273
45707
712366
213236
738319
707589
314591
351817
123356
350263
649312
1039177
974858
313218
1016560
67450
724658
723450
701327
708596
82441
213926
848852
854401
1044751
973742
439850
421846
227597
94866
115252
1010763
526497
494981
169975
807778
1079925
711159
209388
484067
823911
615903
727473
887185
46626
96825
538881
252770
695532
1067943
269202
711106
117273
205054
780402
679262
992777
586036
531246
369382
1004320
650997
383131
42634
437920
353759
318452
582968
1019696
198149
1036918
587761
323704
377357
53977
121065
70359
1047650
377492
779665
459459
445234
60754
578030
477989
1020778
88943
213504
191580
672439
945322
999012
505537
900800
444385
41172
276402
396978
337293
567513
48144
785478
956799
595229
619128
783415
305135
1044362
684342
918630
729755
47313
389942
83522
1090015
224660
910554
312386
872547
682711
596623
344974
333958
1016907
885173
114345
391071
276021
751659
234992
819398
882920
595354
708740
365896
829238
557093
996108
853557
475663
460184
823562
509236
274961
145801
734369
879025
1032679
400301
642242
490875
1086805
751078
191150
394317
70984
266406
893999
337034
1036805
967217
220420
946403
369418
462396
663114
397992
247789
604843
1045055
494190
50861
614117
668547
625166
399366
383510
993953
728646
459617
948820
376175
1006504
867525
905809
146734
900604
92057
265401
1043260
248709
638425
636159
754301
902124
873578
606308
836397
1044901
1036882
298283
552950
728631
832368
95287
634229
306709
633527
643513
354894
73644
798720
165584
549618
1072740
384511
910879
843304
113968
937608
368632
951353
1092961
1032108
106010
641832
1012658
250539
175904
806193
176562
919540
778293
465853
880957
679409
177567
790857
727008
1072880
170563
1082356
111554
465222
904186
157939
78187
389364
442289
867149
217529
813215
457986
433262
907299
955825
693228
499904
748576
85069
981568
67514
599300
967454
403100
666359
581359
652182
42358
717838
740730
1049503
682723
1043252
466948
677092
426635
594706
689024
788458
999750
337984
492681
1026745
866860
680692
1038996
673992
125480
315873
955190
875356
122560
288314
723902
907494
553854
466912
57937
901743
382411
379467
495207
1045492
448854
282285
354406
1035440
310346
40438
70770
1004849
306778
395530
902819
510758
950591
315611
541951
791243
523869
274271
309736
203300
1027765
563291
1015718
1035417
318476
930608
135622
289487
700794
65064
189756
904107
799462
48414
779830
643748
689174
97809
369699
471466
295170
947218
61281
496291
927811
767876
149796
110820
764593
52305
486339
746956
260984
942047
813255
639645
995102
981523
326138
747701
434437
123893
357779
828630
797983
835117
232265
746398
806570
280278
1075090
48042
977076
253387
887394
530100
68721
797754
880086
598794
111234
889748
785758
561219
57590
546837
1090032
380701
105659
449669
759079
43447
179489
889554
618148
491177
46304
522921
948667
234550
674477
695856
1053428
390735
124831
653850
516020
626807
389432
577862
732361
448471
408478
63732
766475
36010
678536
1092958
873118
458166
805482
552057
168141
771685
813204
477228
900366
139817
454366
1081661
488880
391308
397528
44504
44349
73126
133910
781763
995719
902536
456849
1019537
688395
367789
354302
410459
723569
706037
175667
292030
1026596
53782
194724
433370
752754
414146
653816
498007
57017
1089910
326198
444453
640923
865307
644236
370704
93967
715176
443817
485633
990129
346223
127104
1061498
973105
850457
821980
91692
569279
182187
216406
707451
1089458
828161
629293
882796
1043057
976732
659367
798603
52508
472862
99112
1016209
1021430
725471
598932
493536
408185
232414
389868
859481
39839
317272
451691
1016478
1082067
878820
387949
650757
478607
923800
385034
831242
323848
855799
79498
994434
167190
456090
264622
795364
512625
457815
380297
964554
544101
935652
540728
1065645
711335
508394
422536
913605
188801
819463
84264
110771
323099
506577
845935
435064
571765
612359
621364
930633
414411
632578
382569
1087324
163763
809966
865494
637433
952028
268706
911092
820181
945038
634440
1070540
972127
624127
479621
259612
857870
377426
529807
131420
1084685
960876
894442
990940
617590
897718
1016202
240838
933719
888770
631135
330844
710834
578262
897085
1018836
564744
932756
393365
339562
813416
1087766
53411
1042151
530563
811429
1057329
41842
622320
850716
237429
609403
52403
328569
595534
79421
127145
652361
670237
787428
450670
689150
60999
865471
692297
1055043
752543
656169
517219
801432
680843
1073473
277888
164941
84206
736971
1027294
661559
508324
340895
163474
722679
310999
270047
220020
1024284
202680
298423
1043847
108890
433107
484521
638814
240614
274711
161270
236632
516334
48732
369961
199374
899886
212929
652326
616699
590348
186892
996255
334214
978320
751812
262572
771920
300795
1076022
819485
853927
857891
941542
305022
761411
998588
294559
356422
555635
449189
813517
313295
592448
373585
240334
47173
509506
364817
392244
510277
972161
1002992
373106
1065433
224956
523743
421974
765884
678919
818937
845863
720418
1010757
286502
597569
815358
138775
890835
1049192
350704
560757
477624
795902
921218
373274
1087128
961258
502591
485474
1006085
338656
801693
714154
636390
184948
1015069
116850
538206
319068
533586
670511
1051190
839777
1050937
458121
49515
836976
200803
968198
1020253
218636
615583
740426
229185
828572
1091133
735427
604498
1012193
376940
315177
504259
923236
300741
907085
517578
137407
289826
907675
778478
114781
283745
369899
824266
1092441
436347
880451
818836
825796
387853
441732
792572
891202
704023
306539
461913
1043849
668983
871793
344099
54722
220556
413480
811584
852595
52812
428126
129513
407134
1039544
239591
883867
206423
420932
668242
740273
1069013
747229
635283
960921
1013221
780405
309021
323240
928886
53196
785356
716502
393776
88266
571184
245746
816965
267143
658998
54525
977014
308747
1094095
291494
373808
763131
327714
379098
748807
362907
928409
1023570
745036
201821
77634
902388
629507
823973
420593
1068730
553807
511561
185507
1071108
979018
1046083
114288
962579
561391
894869
177448
46661
899011
916896
847910
90697
87701
464196
576902
238219
998189
670558
585174
459863
307142
982770
142150
1032074
40283
929060
866497
852710
1067927
989189
960667
995621
885246
95883
48136
831224
162140
56986
101665
358915
1078546
234581
47887
1086063
962884
420423
384720
581143
934978
51355
1007859
584893
749859
258621
862654
35942
1078482
879260
866035
807782
233224
732580
550170
924352
1059865
214250
1064738
953877
600815
439957
875492
546483
206983
855701
1019710
142921
375165
763572
611894
860245
1006363
652190
812931
595350
162120
958980
1091260
118530
874035
449476
800304
535999
421287
51625
755816
924323
861778
624489
673722
727876
357187
630236
1016078
357538
35980
897765
483863
720825
211468
769723
700040
493204
732318
219799
59023
527578
966149
832541
1044938
58809
705860
558168
567451
259831
595404
668193
706874
706567
544106
1051886
434740
899462
985740
186206
444308
368031
851803
669062
278052
407632
1053478
482959
276856
139709
51884
238975
953780
990507
375745
42345
953468
554575
1048207
246035
51268
535084
293488
465688
973128
510100
140567
651495
330611
122859
793907
300023
266315
750846
887577
604205
906015
187526
131336
990841
127270
1058791
891996
750536
303983
1081026
843780
261529
598702
721639
98663
378183
442907
63085
906098
584490
804612
865814
866016
897638
830831
863085
758890
244344
903471
724173
53299
286206
432913
281110
576244
367400
732532
50469
886821
839989
704628
569605
163210
152363
436345
828203
558857
771797
394066
273641
133038
94796
150939
571989
795147
827829
420112
254146
55249
48230
807123
182515
602746
418222
762043
346679
302451
684116
687149
667128
342247
373217
630384
1080345
547799
45325
479062
165080
1014572
724196
968334
704330
768756
122267
208942
827900
856187
284178
230449
604505
83085
840534
741860
553658
829989
528906
913565
59586
59525
171844
997668
640182
610600
696028
645199
469544
1028005
779588
690881
290660
142821
173269
158774
122605
377953
893363
877961
1039438
817172
371399
219422
843563
472653
782026
148049
810559
47539
627264
1059838
453655
539005
215599
897778
661452
334636
451742
269489
47298
534465
944761
540940
206764
538857
105728
349998
875549
43637
556625
230167
1068835
472509
453454
618583
1038084
384092
762218
402266
1078785
638287
902426
143682
431087
696685
503347
562402
871936
331499
571690
494419
626005
720209
804143
192028
832554
1061140
279044
721199
618135
240308
478954
833817
698309
333869
330205
259285
185842
255727
333384
582557
701114
538856
995449
374594
816942
53408
847135
37862
977628
211650
229029
638667
531236
485431
368124
455836
326998
645268
1026779
404114
257704
359496
1008726
984804
878658
385902
899575
203866
123292
542106
682037
906484
548927
403380
195191
846119
755411
364927
664156
39392
761236
264253
220983
73756
409817
132039
537351
245547
142867
55058
860317
671407
304534
678395
785293
944851
760232
880553
911842
745283
424894
944355
950746
511078
123956
820099
280253
353143
1000060
230793
696126
264534
48912
515571
632754
943801
1092972
974516
198047
401932
524556
980151
529813
98876
564943
493376
97954
230983
58233
996939
1090882
909744
385208
762553
207527
530317
897411
510711
468442
699926
485285
1089002
662600
520265
225257
384335
408682
775263
940644
559959
64430
1010656
48291
38913
733191
377393
722148
247855
640346
423353
549725
854402
56195
1069918
137892
44845
190084
632571
1062614
444492
385465
274920
784097
468662
1023695
961857
379598
215380
94108
654849
818197
492788
69245
135250
89688
34867
377199
632685
1012776
559576
81562
252475
208369
951366
376974
162187
664928
119383
311630
219644
809662
512148
946034
643287
173237
405009
516773
441767
847243
52825
754229
372037
307049
987016
576949
852029
677472
562668
1023777
708542
900625
1065007
335301
191750
406288
324486
46628
51942
127938
895223
866102
504213
847728
894529
988960
212378
793106
537153
1035406
984644
436127
686694
320660
803666
518919
1037046
1043059
146227
671241
269054
262297
142949
1041716
298584
527808
586750
1037296
752136
101176
1015741
926017
716380
399652
40154
772218
249809
671752
775871
292435
140365
93814
75973
240729
587380
706679
128594
951535
677184
317400
675315
904565
843213
506212
102671
744469
373177
503816
911008
903984
1078531
71874
410649
1062066
1026479
531042
72875
424281
371735
925387
763782
898687
461485
980999
1074558
520019
95294
319485
952218
320528
717470
496726
372713
776431
573591
227861
242755
369835
44558
309420
526272
928980
588206
284642
831680
890336
507726
1091557
392650
382234
690490
662296
411366
57796
595757
181398
747809
319934
326668
180314
101728
300947
67181
220045
981955
1091137
834467
108410
169327
302034
513040
920766
983707
1055105
897056
238617
454033
832137
201781
131780
712336
637204
525883
837640
704641
72155
88405
250158
515936
107550
40618
208003
926955
185002
92735
908755
332350
893642
138256
940701
480099
202402
261118
398463
548721
487997
559898
705654
47502
314067
410638
970056
815035
829722
728350
531591
247107
1005502
1082301
334689
576738
532958
931083
106855
328080
264784
776577
357488
663251
856537
1023966
51339
846193
739801
707998
396293
46578
927017
267916
769814
696535
185987
641503
50301
644933
1035208
214381
370475
163129
965210
483203
509393
648669
53664
489227
799284
95327
114412
917685
919061
647507
313312
654007
1026621
524565
175996
312024
501022
182951
751420
518744
295030
220530
46417
48221
121354
337466
237484
127204
220981
774747
132159
229668
523622
1036247
131909
120723
514945
36462
1041530
611973
1063535
507907
291308
697297
823351
222113
1070287
522697
1006937
238704
440059
148411
449145
212188
353430
532612
298556
423155
438365
1047157
494152
903223
152478
288025
234239
639580
175329
205828
336537
1088416
176387
260830
62775
782167
1034664
900315
842958
665438
739795
1080484
688239
927405
61625
194704
462966
604007
530067
817444
384069
338681
206049
713802
544717
57374
195632
559429
238254
446552
903400
1016241
1043188
1035282
73392
305563
656142
576461
125684
821506
138735
152336
734180
36077
679647
453921
342270
1062182
732579
853333
1056797
512631
618879
900989
832972
51249
542270
1012693
213327
223114
547887
759332
296491
817271
582333
168970
610414
1034577
730632
477358
914326
545654
439307
938304
758715
1005392
492237
646327
399241
178781
977433
107800
884112
173473
149079
1024036
589577
730013
883748
808479
970377
1079101
724322
80214
944577
865330
738051
552696
224887
355925
506089
552533
579897
837086
248319
290258
842742
573534
400888
173699
877562
178004
1019551
823885
111214
214559
434174
925510
921038
669784
695734
426016
934475
584008
827590
135456
405561
512785
180428
186232
1070637
1026673
868618
346724
568325
203158
50127
248378
553502
815427
965344
950185
411428
747278
81582
49962
795700
927596
592267
866288
751074
485144
664757
267981
481054
457444
973489
168926
984791
673770
482965
47942
572389
1077029
899576
515108
1080665
946964
469136
346298
632812
819827
395826
1011168
146853
57009
983156
1014509
975274
904395
203343
759053
777474
529715
624580
586738
955555
224268
561891
204716
1034461
51527
660839
1022525
533285
1033954
959149
408477
239802
839100
193467
544550
720824
296424
194636
453922
764868
610218
566901
962775
398316
50199
413086
726254
39891
896132
363991
553374
945512
440382
147250
373963
406567
261324
190279
550085
109276
76735
977418
210165
277672
157754
180449
498422
416683
71629
790189
646148
358936
1044149
844234
702660
1018110
860599
610727
190780
365389
1022381
740345
559359
371322
856648
248029
978313
997544
460412
757408
610072
867683
220512
169400
188788
740038
622578
1027271
454681
417198
826393
613241
819946
1067520
532009
1086651
351879
434100
953563
95743
1092229
861127
741769
430976
500898
732622
694492
693935
842482
820010
505816
384843
74684
957958
47184
739900
107269
141135
34472
929581
920156
73231
846911
787686
934419
291187
350357
1040091
385289
829917
371816
162967
700145
415617
349933
329038
790649
932937
381708
1092494
410054
1039506
955090
609239
292240
890300
517939
1007464
809742
276179
796070
950622
366704
618509
191224
655032
583966
990386
419671
511500
267432
539357
47351
324610
96619
1082213
831640
832348
603200
215094
635101
139108
679141
383156
325498
144904
123661
541308
431115
789132
168229
890070
909848
642068
120152
175557
475421
1031477
711094
49052
751544
397244
237553
391297
504058
952247
656652
602839
544302
108482
552424
1072756
619050
374432
154658
52066
34775
131615
261688
63713
847489
732497
709786
644223
556513
245112
237670
519220
774104
905601
361712
604764
59085
256006
54389
448853
268629
229154
937166
395347
464396
527577
314144
87384
116076
515324
420299
820459
849399
1002644
750005
516180
181264
93854
995711
197125
847190
426013
870992
671261
186160
1036925
903875
965029
48486
139427
539897
903626
313657
54036
686834
407783
818142
361669
322648
884623
977745
1037200
54824
438004
759123
711907
997891
52937
154540
414052
481727
191215
283444
490051
493461
1078464
729149
741490
227316
271050
310207
993409
1066122
1008401
502932
977982
330227
330110
274170
272424
101065
497336
76443
764084
360018
157482
500468
126839
302983
467336
994760
1076279
891382
478802
141212
140569
326030
796432
1026634
1084929
196122
226781
740841
110220
388146
1059601
301292
764129
1007521
480192
847939
899624
161915
289757
937123
1061720
408010
167680
479465
496525
923347
982660
635768
45989
250410
400136
49410
280734
1054453
630416
678218
663960
316759
50228
243027
552753
747747
613510
265151
842938
976512
1062918
674063
297865
336748
678408
408893
417997
346792
880211
579079
714248
480078
692630
57021
673988
737890
993768
661478
729605
49617
48532
988703
495897
929807
920475
850937
476800
751534
395891
762370
302662
728032
447924
588346
742815
708868
750358
984234
123052
672638
882515
848618
978448
464682
488861
884883
186184
434737
624834
686554
876595
697992
569017
53442
1010694
1048586
181462
752700
1035946
383837
349557
932856
573286
686478
340811
180092
604247
887491
216331
762981
827892
703555
341344
724824
55062
99339
738820
653233
639556
232272
577704
860955
996063
195820
894282
474783
587467
1006817
222679
506330
52491
143503
392636
341377
483184
35908
1056944
271309
764925
181556
500872
285309
764313
185959
37993
678712
739769
761462
540331
998959
627849
160244
450695
1015474
79729
651461
277912
524042
1076594
872659
181987
520301
652462
905322
901014
644970
916074
260814
489915
900989
82861
406118
452003
1077574
1067923
1011771
1041150
1023221
849660
230687
595089
1054187
821424
987099
599996
1069492
769696
688191
202909
987950
882439
172669
95153
1052492
1039161
958596
228238
507289
410263
800186
977482
463292
253699
770661
48823
553748
92185
432017
233481
930735
378890
983479
944490
950006
485493
246803
813888
116883
756064
323057
246389
34732
238615
172791
86395
1020685
646673
923921
878968
577953
456834
702881
777926
225272
207997
955215
1045531
215032
510585
82302
1004376
487883
704131
180965
765027
67242
558883
1019700
498912
639349
210093
475083
145829
654452
996261
500595
914351
1026697
899197
376030
57703
799296
139223
295488
985563
740671
43486
925131
995907
1040769
339604
293461
1045255
291585
943229
395144
914457
822660
146461
413763
413190
674516
459628
602513
997214
598882
630193
903102
899576
606077
662626
987217
962913
889310
794778
958599
423374
399572
385516
444477
723528
434665
940299
862093
58910
867007
654361
473226
184231
965812
1061825
935622
591367
1074754
384255
448237
730092
985314
876231
564196
585279
988067
868471
533149
277514
114599
279630
800863
727206
469384
499984
585744
460103
818181
470672
34500
180944
1031841
975898
723872
827171
894037
1006365
508149
762660
701517
116710
1045003
779660
370354
455202
672092
975281
965768
90936
425222
904533
554815
699010
685986
336468
389574
771557
861174
946220
48285
796840
1059840
913480
897048
941637
836852
113300
286907
846452
544096
1094373
669943
746388
52258
676990
474707
38127
49019
120997
295022
849472
611135
69598
278060
1008462
199593
1025546
513292
279239
947869
426013
449448
400144
594911
656594
1057794
760051
203407
109128
1072382
631542
837415
887582
81659
814112
1012528
174166
101198
562098
319937
31313
898767
690131
145316
392120
305967
747598
422601
527240
40443
263540
909182
784998
185132
1055209
46424
580396
423791
220622
1075626
1073298
205115
1074723
231146
792282
917964
166155
87438
769325
787838
218158
329681
568192
849185
1078163
802992
824945
1054040
601620
406958
631574
60105
127595
143152
560950
599959
403134
665492
1014290
619718
56663
307987
211458
873690
316513
423566
489782
970984
682646
72668
49961
915663
923576
421181
193169
59534
119508
846753
547069
200960
273666
144780
1045574
1046585
1058595
206679
75849
465047
127105
335262
337021
306375
1003646
750307
335516
1057960
404647
212608
501363
1077316
202859
60564
463377
739143
999963
188114
378860
712279
570555
350884
451477
452793
146400
1060212
922440
480870
333934
388054
167080
323551
703043
447606
547245
952875
909168
203892
1056499
656366
124604
107026
278640
1030427
629606
111353
865486
243761
309495
815293
838883
1060264
541261
68078
443239
276675
1043338
1010024
1073156
556919
77494
765157
481566
1024170
180323
549771
156091
57967
284425
765807
1076686
146210
1050610
996209
993219
585265
514390
452782
439222
1069102
657192
436240
65476
88471
489643
605991
509100
1041653
52540
511598
906993
470738
432748
928947
149688
150958
47105
196736
604738
193492
542945
182145
475723
542244
681736
553795
719771
186474
561187
880498
894941
47564
875859
1020037
142614
1000380
80153
1065487
325479
423777
773661
408339
849019
539993
246528
692701
674079
780257
357894
800750
539895
429660
679475
1094159
777623
399146
199633
383430
118109
859554
167575
524743
444764
1093344
1024077
582059
153276
693479
442195
334672
692150
522114
412091
511475
918729
812602
759804
87996
84766
279838
655478
996506
100398
781524
884927
883719
53634
220257
268826
33690
304306
789554
863885
647215
93798
184011
369323
498386
1068269
376991
528943
876880
978017
654809
196257
1075679
719317
652033
246095
242392
730004
795723
923706
356327
1024884
140168
830177
531955
65165
230147
107941
143253
1040021
357244
793163
764375
865489
1080285
1071972
651266
214858
1057773
541952
536587
937852
765072
684375
844676
721214
373579
328464
83739
787388
498355
496471
428183
154897
480460
563092
392060
792638
200749
108507
1020006
231891
945316
799399
330933
477266
153165
390971
1050185
752304
899500
825200
1070689
768931
572279
229637
900862
1066689
1020087
415399
575944
865378
571250
853524
355332
464591
43189
436814
612199
1023591
233774
404555
233926
79506
598326
503722
312724
54177
674669
1021465
652540
75937
720583
393365
422935
933133
46367
401404
577628
810793
35878
184263
1013859
304742
204259
100197
822984
206120
997529
190937
65563
363428
573502
983256
885516
108268
168512
342942
354624
349038
47405
924109
270102
456399
34704
693118
929220
47983
645789
245923
60569
934193
212621
972211
147682
581299
930963
735732
610718
649033
860968
1083951
978552
300042
789318
709504
47705
175332
567085
446762
127875
244240
303867
945260
992513
272235
37999
786535
837824
655663
52860
675303
59203
916481
691575
344612
852191
187950
443620
804902
648499
234003
397826
223849
834219
389775
568529
579358
528266
197685
997709
476047
411876
336552
78031
956074
463617
130855
964217
1065588
525783
884920
680190
56210
662724
89112
335071
818556
86862
714707
631111
679883
151692
844205
877511
224109
356452
490573
160089
114664
658046
270217
633751
243531
340494
320770
74832
459111
602164
603845
1035123
841675
505528
479726
793114
410141
757729
742629
940206
1081047
821411
444673
70033
925379
460195
112187
974072
50101
1052884
487633
651254
360060
860402
688541
272073
720715
497636
933536
654605
645257
608276
554298
1062765
530442
100954
936953
562740
516219
976021
34643
933118
969749
234744
669098
904946
455323
235562
889123
161522
654754
269618
539834
983501
504450
126047
87598
693299
128353
1066627
658460
126164
945779
150105
915490
290328
49883
747780
687527
218534
1027007
640527
461206
204053
761703
824174
504959
295358
862107
535816
321005
337107
144924
883585
617052
170927
133340
129093
293058
202820
308635
339936
539109
531784
830574
728560
82834
1064560
1078496
446762
1086414
405104
583141
1034491
353463
289236
902383
176975
991776
585192
84231
1077447
736875
754396
694949
525117
113785
880358
826956
269430
842304
50948
308142
592497
597394
151120
886910
1045481
655057
511552
366938
928653
553594
490505
392696
335589
1081179
377375
629849
387500
605329
876767
864836
1084531
559654
529803
353528
767504
879384
762020
395506
538185
96775
304764
464646
157151
860675
458400
147441
1046708
473913
827361
691298
596257
741266
37746
380544
1055491
455735
212588
47646
561940
1004505
855888
1029022
648247
1041573
808967
383225
737155
218167
533633
73232
474229
465456
979936
867950
884288
789855
547956
1016946
643933
570677
171602
45558
473289
299463
489231
530310
489622
738869
59560
189010
117912
96868
445597
464933
186932
627073
990025
1078438
548596
869183
45296
1002435
455910
874404
805691
60272
918109
1083150
589095
659237
260502
203792
317795
1080446
47978
571624
570232
154693
1084895
189158
1066236
1051793
193831
332846
112471
765866
449469
46342
800998
226224
527776
669698
729183
821530
1068239
350936
989417
45293
409793
727253
317032
651007
989610
796214
854674
957798
194275
1077630
792984
665634
615108
834371
212772
866990
252050
206585
633920
327553
1033356
986187
536451
91758
941942
653512
224342
744582
160303
86191
963787
519684
950327
562033
441980
870035
220995
957237
541491
964890
414992
525007
634327
384784
807806
281590
1045397
442049
189053
71263
938452
854316
55414
930084
395624
593040
362789
776983
789326
959193
1022107
755800
116704
554738
503538
98206
670469
407042
921767
470425
870792
238683
901134
1090290
871169
132985
153615
167528
115616
1020383
770583
347692
774585
652461
495862
583919
462219
254831
387253
843243
601493
1071993
208901
936065
601077
195972
856343
291098
630888
364252
472527
805890
232012
155064
271040
868702
665074
1046217
875719
48836
48186
521645
415871
662821
141582
659979
725115
231630
929792
543801
406284
1024193
891157
507664
995939
50617
48336
301919
777332
54212
216649
204356
345067
1077203
42312
614360
432445
1050766
1029003
492805
544252
256837
660993
106947
866199
226572
990267
480387
515464
509481
527020
254574
744198
738164
957566
1055697
239418
748851
688614
729307
568398
874947
741818
428004
818189
896362
146205
145885
1001894
860892
391170
76663
662591
638150
247286
512527
61805
671745
347340
873805
510537
694959
626119
324309
176958
289395
868636
968256
256074
918971
444380
346385
125380
218978
89479
109213
1008258
381025
273937
257923
850678
1083754
803221
116087
835142
69971
636147
186920
792423
49546
678595
103531
277660
161696
972913
509426
660912
723854
272697
45698
120827
338118
657586
1062185
593876
94905
374502
53070
1007607
1038631
896910
63698
869570
197149
420677
425512
684304
894388
418588
328273
172095
319048
266702
98449
845111
183764
992500
402117
53965
956089
36415
584213
669466
693559
47294
464721
952744
462196
939000
154895
448918
303723
652322
111782
770571
1061517
1084547
414563
868858
380313
210450
714032
73693
169760
730483
631147
97107
287386
535973
921953
549374
126580
559619
845131
883308
670648
51425
489191
1027728
366646
71230
620884
533379
505804
407163
227364
88894
876602
924393
342797
758780
1039909
740924
694097
178595
373746
369758
862038
557164
1038986
372204
905514
605340
499275
802070
533964
414249
802488
769188
371902
620156
165915
985634
849873
711108
402038
454106
54452
184558
288468
579643
600777
349171
240442
532342
425376
40836
798384
1048214
46336
81088
728238
128157
300570
861075
988993
438341
1018389
481795
561804
639150
342498
51869
141969
840736
407952
357849
138941
1018388
811555
556629
917025
1071807
766488
325005
253329
561874
500777
359280
762596
1048359
220262
489999
1041825
526339
308477
1024994
865551
378523
1007540
149751
511993
777590
97505
770932
387023
393728
142356
179312
492885
797889
85503
1039317
63236
329311
428939
175898
276099
48560
973661
40358
1060710
255325
146611
196437
566271
270871
981824
303321
1010373
572212
680022
733009
260850
326816
100386
924546
668930
1069043
171876
86029
900521
947427
846000
696234
893313
46680
562515
229206
481715
97012
633264
944824
140191
937296
957764
1066388
419528
605085
669805
1004389
124762
705617
924070
892942
119797
427594
998376
1022824
262335
50381
199352
61008
555043
342636
693133
234763
170728
164615
221699
40687
107609
86345
591113
335353
909007
493851
247106
384822
1070737
913657
47391
914958
797167
525736
192209
45616
309915
778905
982257
1019647
1049681
619918
485984
844777
170855
791708
53463
241563
861231
768786
199654
103679
257031
302277
79116
622064
1083389
635193
210773
51115
1078638
199818
826823
628892
888382
767030
575803
568060
47039
94260
170949
948301
1013876
282013
915045
821184
610567
1047993
262262
254768
773755
236506
353724
568299
308016
363553
562322
1054334
148369
899796
138395
1062811
51043
540283
344110
453353
128228
784410
150892
453344
465569
561840
680032
47526
416679
82073
133236
130071
598549
453391
360705
781661
511969
829166
414939
929607
47347
102942
102527
859749
258263
1025937
357488
1085919
964305
1034319
693286
968549
469243
1087761
253317
914206
191219
459698
688421
838843
829968
410314
158764
250385
650046
1055264
920668
535921
790973
164408
398400
148715
744010
67353
789183
746684
62463
1089046
721789
1024965
137431
877890
506745
26551
868264
551516
508240
762668
487046
1073947
923889
145630
55340
673389
817073
1014298
1012586
510621
878583
419645
443960
727885
939812
352175
655787
364468
664059
802307
610776
723403
279613
231992
173090
89641
147829
231770
952303
821367
733007
817582
401144
163155
228554
925884
971731
54132
192615
1064370
73921
627728
443321
822202
765473
1019520
715100
886019
786907
92479
713313
558781
268874
607329
1073700
1014564
609713
108678
181302
197673
809491
731923
666282
418045
420933
374761
93387
359182
143633
250999
49154
626311
480391
865968
294888
908225
997842
239195
754217
715383
1084718
951110
629553
410076
805115
332850
141610
319421
565080
49090
702292
792301
722487
929712
655486
529954
821348
466646
682905
194663
935170
965516
464701
510808
615655
153610
769795
1000311
369006
698189
403899
896161
893076
40686
1070786
838086
428972
949440
786509
332639
86816
115922
71148
676653
195842
744654
789826
409778
770964
979703
632872
177767
572368
164539
955180
371862
893598
159976
58838
942316
202024
776156
1038800
985032
67385
402944
153535
439395
465063
549302
188935
347245
683783
1075378
332785
79869
48354
798356
202518
744483
893585
207542
433747
926211
432434
1003406
641882
719091
760002
727894
539766
51577
662418
587914
324997
1026763
618700
469205
179073
655144
777808
718905
419118
839605
807569
513914
376449
127927
823141
531563
948429
83040
836280
817108
56199
403108
1032676
774326
1085945
1047099
514081
169702
1005890
309896
839742
1073718
560773
360373
38710
61522
77201
601987
834199
597079
278233
889673
579460
803223
890820
758689
642264
1021890
650620
486504
882448
633147
1061878
613739
840617
47278
771936
1057421
450470
660021
676656
892382
794044
112679
597859
366209
828510
106219
41297
864888
82732
648818
632205
858445
932759
91158
732038
287484
473260
50398
67588
40743
412130
50158
567761
244278
631515
1024435
45590
438335
914196
973249
453287
224479
891547
925743
502869
979154
543215
614088
569209
612555
52159
384284
544326
1077658
99756
660644
605798
356688
398268
1089861
246930
301713
974835
944138
1011209
684779
534624
186597
866669
654118
632590
141454
833755
482609
991253
520400
692428
434022
952828
599303
1048781
401371
194888
981848
691272
738391
557235
962353
341639
42338
270662
889979
871317
852629
161374
834001
328616
291938
717415
414050
1014316
189398
653455
608233
500315
780865
468919
294196
340468
716208
1015113
131748
677410
618296
718377
677525
414822
114000
815843
228436
232191
737935
407544
692261
179104
1065036
576461
220390
560279
456452
838113
938009
972272
820883
1081537
340269
575214
894538
1003721
822950
656333
207152
994616
950330
313653
107072
550695
383788
642510
113621
801829
619507
200058
445045
49687
376011
185425
902962
497559
404334
1059456
483945
448098
789236
328024
355990
615323
629890
828632
45368
277918
266857
631246
854663
261950
872045
1068804
950595
230317
274192
208081
967980
472081
957194
629642
992904
160260
347858
767975
528842
197454
1057662
808832
316542
868076
50734
588145
465488
846131
281808
917257
174620
913379
340259
616748
875965
795872
77237
230704
725796
654129
678320
172932
484558
79668
333789
1004845
409549
528783
787586
959323
603601
194941
955149
749209
544383
574077
504022
228135
231960
511415
567078
386980
1044278
105958
187988
130474
114364
1051645
537528
284623
814921
1092650
262829
647337
662855
711707
308541
194244
1006822
696841
872822
545579
989676
678304
973418
728530
769734
344517
427030
600103
294035
765743
140430
117042
855327
818517
889836
1042724
776133
611603
504569
136342
244382
339007
87744
165892
624563
214288
944587
933751
783715
855672
735194
891693
354809
682266
859393
366168
59199
488355
178515
605109
61359
770821
323606
508497
903892
928643
904312
322581
883414
878945
835738
1006174
605368
207610
740698
460410
179117
501624
494723
519475
480465
999693
51579
175799
1076152
855969
850739
227409
144270
811410
620007
81631
718101
607186
243125
422757
1059300
897041
860411
703990
224008
481251
70450
814733
134526
484060
842078
578802
537517
35863
913958
799405
611251
337795
760244
1033873
790947
399534
47346
381619
880757
1049430
291231
682671
587772
1062086
905896
1093889
660167
511566
472770
715830
950730
959941
477555
1072931
942935
885069
471891
923897
374381
195231
46233
640558
575183
939357
586874
556376
996318
304881
795353
48789
700471
890625
480858
144957
326522
538073
614375
155805
487126
352983
883642
322777
990376
529106
844685
349464
820821
185125
88203
702807
320627
516211
69684
331468
71955
136257
692852
493891
137023
988017
834997
268161
73026
1022530
478797
125976
840575
1032464
583326
231691
525132
722040
804852
716603
107157
203332
325443
346831
588388
975433
161888
187635
95819
964313
411009
160973
1025718
555353
650968
850208
334463
555592
375987
287349
543383
70847
548419
879897
263579
722760
554677
104077
650047
47761
958953
942785
559479
684802
194748
887675
164543
856772
349001
441775
663427
280446
434542
920546
1026885
146277
974538
44161
489156
309739
683122
264437
654194
773768
399513
803103
761394
607926
559030
936933
347938
59603
1045102
1090593
853053
390926
875959
679879
956376
164055
715174
684610
989253
885571
969890
1079513
418135
571531
783367
566546
563069
299622
514788
591859
626661
176283
106834
562136
186619
538910
599827
1009655
740741
586298
1052182
1044456
691880
1081120
146301
278496
529026
197352
1050261
783381
521223
715229
825145
220910
202987
1029846
976425
1031840
528943
189181
309989
880211
414547
873302
269007
1061775
953099
891671
464276
222568
609682
912631
909982
111254
114349
951484
99982
776150
1047318
992037
846740
616435
203457
532372
683953
664711
717161
55058
993830
942230
281605
764235
337921
88512
281256
333104
946713
833343
1086207
685081
387806
566299
57359
608289
749911
408088
676017
740746
457547
486850
1066199
638559
196670
363688
556866
900250
363714
754460
679741
419930
448732
205359
1044721
466683
1092159
643804
589279
405272
32868
862163
556105
887626
637356
475901
442160
151018
958591
724951
661876
767183
320447
629886
51487
756390
358418
288270
464869
115698
413362
247161
779544
194676
292571
1065382
48895
243582
46189
1054502
878616
45890
702959
301573
962728
522814
614166
41574
566407
749266
366693
418483
755220
780947
862188
625884
190261
876679
487108
888112
142113
709984
487830
103538
305185
512404
153197
975042
1009819
906700
472835
593264
349721
520860
823101
136069
189483
446889
828838
539660
218293
695675
940558
224989
369892
58694
138557
457115
572841
682377
774402
826358
104014
52309
686895
256704
100318
329405
784056
532662
556414
1020685
1068359
624028
389545
106767
953007
209516
996443
604494
449010
269624
198816
672299
707763
280853
986032
678745
509112
459002
832819
355376
1080392
994324
526848
846158
370212
413764
801494
63718
1055758
415329
665979
699525
166219
701943
825001
160685
442916
700113
535281
448594
630329
395986
55384
1045783
630087
895850
335740
462911
71353
211673
996390
478015
642288
310616
295520
1059769
1064665
150202
1001817
253935
675137
93832
850358
375621
674402
598879
194382
409128
1073189
429645
430978
992654
421103
126829
385874
949065
255864
232301
716495
689971
570331
418450
846579
123193
207162
78007
51079
444354
133519
241032
113702
769862
158972
414347
55288
964412
75414
466273
140318
439801
206079
751182
254413
124998
281395
1082919
612308
77819
895579
1078030
423873
1078673
340329
333481
159581
237413
662746
491447
886819
499233
969081
52137
417569
49408
653550
382595
899664
496586
563996
333756
934234
59848
403055
814461
634810
413758
136644
592587
66799
475369
697134
257528
1013550
677210
147442
995523
740768
689575
77325
49205
790772
555580
964176
527094
205605
496771
571632
827579
815933
1063784
385316
892916
316659
307939
60812
503763
66599
571572
435458
1028197
217918
1046482
1042367
891040
423981
224003
338534
549740
59345
91903
290222
132685
47411
854823
701507
451539
105827
539798
112351
109763
515333
426143
761644
700226
253583
104324
1079197
303279
639581
341054
935481
53373
185378
1087877
328852
69205
50247
103666
897113
967907
715196
640061
1015117
688247
45167
696987
656338
747543
565204
599622
829984
511893
704922
230196
725424
631388
1024564
1030399
725364
354850
748814
697156
911813
531998
806763
206909
677982
51934
442186
634848
141276
906115
314049
193636
474594
253611
1043513
515823
121322
558503
997252
72452
96404
900969
1069776
918115
839510
1014072
848010
222773
899057
1018359
598073
462839
809200
401264
545028
992983
706136
79660
253847
249467
504096
1054263
445783
572687
557309
999784
686837
729010
193240
927290
786910
536411
698214
1023025
641637
1001990
600181
953831
498011
692813
684945
451064
733298
999728
394117
334827
113025
734920
645864
487934
562748
424542
616784
944194
551781
118197
272120
903672
199868
585873
1033553
494546
645499
438227
745336
574568
540540
135908
104837
247325
873285
681553
289303
57364
203134
133241
702640
1007256
487464
636810
954525
408857
1032015
49366
269822
97426
748740
398807
145056
467697
497544
968510
155059
139322
38896
94549
1018744
264668
178126
623944
938036
56286
518719
647640
49760
960915
982107
998319
47342
49664
435086
445457
636862
877085
128197
694516
707224
396962
703814
50135
53223
236437
45371
364379
995314
254800
547820
943403
613357
372164
1014713
703240
740993
839645
568791
301004
594995
638643
330146
1068953
997105
765813
653534
874026
200953
436461
156949
256590
581753
653174
764490
926308
430777
77075
691151
690003
185114
189506
775845
244490
244309
818958
120007
969627
209056
110990
174838
480688
177239
621419
105467
925380
207126
1010949
209630
120420
394862
562007
473788
1013078
125815
729388
907233
751261
661511
477606
539161
169973
1085334
964447
161168
634282
58186
198060
666994
398947
473868
559341
275968
890648
359270
976470
98369
756019
703380
383328
954750
350878
543588
964210
1017458
481877
517943
528172
389173
659653
982516
126267
48724
378303
729381
573005
141362
615300
68808
510158
199819
745629
1075714
530823
719992
921765
648081
613160
761471
1020131
149553
278914
783355
723644
365430
189551
388422
750265
394958
388462
45623
914495
679806
1001977
795913
496337
714857
956574
1041722
49396
420047
1025959
248944
373408
664392
938168
303736
209448
1072353
808863
887962
346275
530327
41351
166226
234225
52626
511162
43225
485710
827860
712003
653944
631028
222632
49543
1056768
346592
273695
344595
638560
960823
1021438
465697
117085
883419
613507
648560
406517
45726
548634
266738
1039537
605409
701645
212420
729469
421488
707194
1011607
352145
1019218
734072
722150
176804
487562
665839
526131
619532
710549
886856
148194
341840
390061
190355
480503
862590
1071468
596774
692888
967096
474184
100473
422493
683613
604124
752877
661432
256871
60802
928641
1027923
976520
750668
840303
324088
670804
872723
523906
74946
761681
198440
339758
451430
1086943
820565
694186
379959
301667
362944
564709
303466
133298
491282
827640
106156
848689
571316
216330
922671
654170
1024870
643114
498185
469815
102215
66487
1049209
255594
1027282
447144
937635
47691
726840
703398
56152
131281
48791
1044517
944852
705608
912581
958903
422516
622312
417944
904037
333664
850805
675935
274335
326980
978094
1066375
170430
306280
61145
229083
45875
983260
633105
1074672
500983
1085285
665428
527759
190526
51477
502460
1038971
700532
446099
43736
471100
330659
321145
799915
890990
870180
779010
576286
221327
439510
238654
54097
813811
887109
554419
597951
71575
258528
675914
263274
506500
592817
580167
83285
695861
78683
690658
53372
382762
237576
345413
353559
783739
47527
650814
950851
881433
543069
1083868
978577
740685
51844
387499
669053
410560
817028
940013
943866
662097
572393
758287
417703
435750
1034278
652546
392022
1050451
874609
472833
845099
206367
49584
219862
515398
517828
317758
905885
670973
1044921
769884
317408
182966
61512
161400
403093
51723
479150
299189
504568
580506
247386
255856
237648
526441
711012
772081
445557
425015
675464
436219
647357
1007044
448492
534595
776728
1049360
373835
668508
248150
427101
144951
1013141
656883
125854
728809
1070453
963433
386255
559116
1076761
702725
570926
271107
102361
158186
462839
779334
578212
797873
814942
950092
949530
275293
443277
191087
243785
937794
1047097
831514
316803
1071849
414593
84778
224549
547616
735891
261560
643327
163895
175120
283724
1016222
1042571
904736
367734
105269
405382
491936
714611
1035399
488326
36052
725655
61151
365524
624678
323061
524483
580332
954223
781212
831336
856793
145998
329098
966428
426209
590761
55800
1075015
1065302
491009
274969
777690
846140
902719
294180
702100
876317
565107
835845
472873
689850
395905
1005432
897442
758457
101352
463097
470576
440997
883970
803565
318588
811261
142393
583170
831172
137967
690123
53578
717522
805243
620496
117696
510018
52191
606808
1080322
753506
868364
888367
719225
327961
955690
510901
524850
931781
47922
1031496
998935
207676
840956
965598
820304
155048
130224
376533
804403
120077
1050502
229991
878349
695995
340881
701714
461427
294164
980708
773457
1071094
978564
47839
572368
470147
243112
757885
172027
611931
471803
72835
731059
377593
855866
884754
522397
1046672
962893
707598
304152
939764
91351
723888
514820
34097
276047
50882
269760
215619
702061
726668
622445
830985
327737
612510
444043
565645
234249
535453
1025500
998784
293660
696788
699731
654193
181552
413340
964985
136363
847287
197242
993380
140249
933459
313855
199265
87262
1093856
880577
484682
378539
1085465
983369
342135
963994
228988
553388
818650
249484
215050
855375
147121
730839
413658
913037
922980
526855
932861
108262
982142
692589
93473
857227
406921
724662
1064868
670483
488550
626307
821989
881709
373603
48841
334183
74204
121707
397255
310773
652995
563145
80064
107785
582503
176624
122615
716494
419313
151748
1031565
108386
696053
561861
1079086
244251
924120
666893
388982
465681
430604
162884
1086587
470698
424272
219396
317109
1034888
449697
512229
782755
164524
1023338
215605
309828
295515
688385
915453
208664
193589
1007408
971370
818972
204137
908199
1088395
1048299
175696
515110
751528
249309
894754
975854
282207
354139
1059282
262461
521365
836770
1007230
844808
822582
820023
751412
376037
948208
63029
270646
48509
945612
452276
779940
912608
987208
396320
99759
286464
343600
68256
74552
901960
331032
140536
494525
225051
518845
507612
636820
500612
157233
750600
945744
608802
335058
90603
783851
669404
799458
755814
395566
50726
171359
884983
979772
400289
716567
928655
93021
300559
506421
47360
270347
86084
280803
425309
968512
42371
320585
808076
50547
537097
155022
228014
576342
157936
694496
880078
134236
827659
963512
349916
51935
740091
874403
714916
205425
413691
897787
537770
69451
435721
306279
49790
855579
884456
726451
1090377
484006
924185
535399
445532
155303
878466
684829
1090797
366817
285956
304128
848702
824671
88815
50856
766498
1046900
877949
329476
1074903
585022
863974
653533
280494
325732
274504
125105
732292
720842
170466
135732
1011324
53251
319416
585905
726806
746270
55461
223772
849958
49347
209151
625582
637178
605076
367660
194135
58922
497851
254462
71434
271698
1035178
440023
1032615
809633
190483
52755
466088
254421
187985
37225
730900
650648
219816
699924
693393
335905
789761
142565
785095
1041737
869909
666451
929534
355689
918571
426660
306546
250786
710023
902888
133771
854279
412581
819154
594632
1049715
198461
391913
950659
519419
281035
293445
651831
324513
797300
169758
158268
488824
527130
483311
245806
477274
868843
60352
1017860
533198
783477
47099
307997
86397
959996
127452
803563
608141
304446
776751
909195
226343
308300
933273
859362
220631
139859
747566
199412
636760
301750
120797
289042
268123
952812
108547
388449
101430
590344
900202
643158
910261
172701
52813
984471
595244
855346
544398
480197
56059
293390
47975
273037
866155
561956
237890
1008097
745501
544497
273891
104946
534057
843254
130431
769854
474714
824841
956682
1069202
44562
1011809
310978
428497
564486
64518
273134
73169
403336
634279
929525
530208
1067314
565131
110638
880818
786739
925822
625886
1056500
685147
1090871
879980
290962
460865
123142
1047281
834129
513021
175009
922546
1072727
603471
571101
814514
1051592
52807
308178
966359
463718
959150
941148
717575
413005
461180
830016
299466
220026
1000021
560997
521733
429293
612096
832961
613996
943188
931048
895495
894835
447065
309938
814349
843669
954990
165114
685132
149047
686113
917256
748025
301013
844916
660475
355556
339095
429412
755533
619725
462841
723947
449216
487955
877381
213478
579344
148314
268504
979947
357765
731049
181821
225019
953038
1055048
1059361
304318
804339
517359
83341
351419
60155
1072102
1045634
291132
45714
283264
48596
206681
665435
398621
594543
600349
45419
165622
570850
458164
242433
164843
1009805
76278
764478
648483
463235
1029744
312732
939478
123713
538514
107598
185428
642679
974423
335991
788868
795402
33493
289120
716873
260823
531573
369549
330451
360853
135053
907773
158144
991416
658472
271409
695602
1084406
80518
624534
431841
325144
374670
780002
869813
388969
404964
47357
946317
806612
788923
552168
922734
285034
1023605
256434
149019
914852
603518
155597
907637
590062
46952
736252
537997
457777
393009
284715
592758
513997
914116
311166
261898
374162
816037
427329
767254
55804
145173
914499
409568
1046889
58997
91995
721487
114534
441699
300179
138491
504931
235292
664188
379687
803296
327016
714774
897279
944651
631711
325123
551718
276247
1066380
869187
729974
519557
906150
777161
102701
361243
662029
704153
709544
141849
782970
166459
336072
435258
152231
586391
936396
67396
62729
832127
382245
73794
1028758
639419
755012
1066432
888724
790417
61088
364953
590060
379663
1018425
862267
980199
1018852
203098
415172
242198
1065999
653250
349259
801201
838984
898365
1071456
510976
670410
449229
138179
357879
425792
759182
204148
448199
1085582
334465
272753
798568
534608
449724
906072
842196
897601
892110
469675
774680
920783
229310
890766
1046512
375507
86572
207995
1077490
184961
45249
1042729
739986
157913
214479
914345
483928
186736
117629
1086596
84983
218416
81799
295095
767412
899776
1067588
108324
433248
116863
1075306
528286
956719
781084
851342
824687
506859
249698
78791
677001
367535
50661
978978
358905
146745
261884
877740
809378
747822
920921
326212
689297
459519
1052747
613346
924656
867335
863272
779137
385536
588333
293738
702379
511652
185103
240205
228280
486716
372300
692790
892353
936304
209293
986581
264612
558498
979179
815786
574502
1053480
911710
897965
235843
1043909
83267
903590
490434
767628
416141
890657
316189
921303
481427
853650
770962
959710
953574
526311
131404
356963
344095
443069
1009892
1032835
991220
435409
836495
390591
279680
527670
61593
937522
908392
298194
685915
48873
367455
839194
829194
1038794
545477
252624
430939
49730
147086
818864
1073553
262090
526463
827938
848039
448144
644855
363957
1058596
565204
393681
1056000
268629
1014658
130710
610258
358263
241286
553062
112971
930314
984308
121689
244370
754302
322893
966584
152703
533148
824804
599311
45412
776481
296221
916284
90177
682673
261973
1019247
386637
600669
1085694
830965
973287
221527
658040
107372
771634
211064
140803
533828
84137
928940
652838
311105
49063
60277
727709
181810
319260
406753
473057
146535
331562
587378
659764
668954
759015
566753
568381
500608
154932
461682
646295
44131
389721
257451
199118
753237
278041
861634
1094334
1017863
177930
1009566
49956
567083
166872
184641
878619
969300
284157
729469
629367
694220
529620
499921
211515
467836
948358
208782
380921
49045
1092536
1019757
69451
572094
327848
768056
1051062
94491
847894
909183
405790
632663
396349
844034
517214
942530
103028
616438
453324
1018029
908987
381457
917199
977974
669895
236788
175040
710475
670149
341475
725996
563583
239118
99281
1057697
598306
348450
812771
188995
738766
693945
902823
349985
598114
836424
91162
967646
625285
359689
271861
302374
838370
713194
197079
881675
367023
47642
489416
297912
582361
676426
1093024
1009047
642301
293588
498419
148957
363386
207158
807717
144755
160949
1008615
449826
1039483
1040627
60620
547629
230245
104840
398108
684485
752001
128841
1001893
731211
269124
549267
633064
732976
47890
85684
360900
803252
52059
959070
692249
629581
409430
727150
115957
460196
624289
184450
272182
425939
74334
178775
273558
441472
321853
862881
455242
818906
68180
951855
448212
1093731
1055931
1035568
377063
627961
777391
642173
693781
290998
702519
443407
959086
139240
1076206
901164
936278
89209
184149
717371
347888
264728
236391
495862
1078836
620560
668559
417614
752107
73852
958449
883752
164647
1011836
817111
81408
333477
1032816
1065043
379975
681636
1064441
138884
383878
332373
517806
975914
1019573
1073341
351240
1077946
1020904
142055
782862
572900
97587
577793
707782
542260
566738
534750
773811
137390
916927
239732
427075
237518
414875
41623
204706
487862
523097
557123
996757
555930
657855
267450
225524
482368
555096
612109
309111
157645
529715
482464
318584
69993
48140
824273
608623
493231
272853
977882
522605
227934
94364
308339
682100
866410
829279
228582
874354
158235
49831
452437
901237
494984
614105
492120
571578
154300
934571
160255
300094
380234
985082
734197
916125
1064506
636266
247004
663601
79093
674995
302536
536717
452014
977108
911312
289237
711890
147051
47556
649214
252493
496098
990862
1073494
900636
199157
671501
485716
65562
997984
574540
535556
381784
498241
257686
1068945
1039610
45782
189733
229124
1003874
313285
409966
1076246
917434
224709
863555
674125
89851
768500
720613
250725
33131
499955
352809
77844
529366
711615
785952
825193
858994
620630
42275
319984
861826
68517
848687
331229
107599
239413
193274
322910
248945
703112
520507
494878
311076
383719
332779
998811
359594
517476
582097
642803
1089937
1011206
717535
349559
945559
558628
52391
733183
1054523
248789
105127
685887
282994
926415
353911
1077996
665018
478902
662244
394170
877198
769358
667907
254236
239351
157197
403709
903337
86838
895250
184002
313706
498667
891864
273008
1090490
307958
959569
307573
320826
468895
262722
827193
506509
398507
71944
919719
681902
61583
67991
183528
107223
979665
456955
655022
75650
49811
285167
762227
280940
1022853
327361
221388
61741
288906
1083733
804387
683185
472577
120075
45841
82157
791816
942436
608950
199702
500990
987665
648568
977739
996524
49267
853428
612963
503168
967914
222815
402592
419516
393097
391645
74121
1078063
72288
852014
922778
611463
848309
610275
670430
274918
42663
480150
1009008
415783
274220
698375
345041
569305
809275
848954
668436
150500
1043917
448230
955420
729264
1039053
816368
391566
314822
661464
173240
60947
926215
787102
116455
610883
796415
312777
771273
292987
436448
630203
924763
937632
281247
838171
1067162
1070604
689202
57564
718330
679083
1074061
480746
727293
587792
720190
614448
327274
341601
138601
982643
393139
516454
837989
330322
45252
1086953
475738
937914
193246
493413
169183
934726
98572
242245
219645
1041439
965546
673611
627899
130015
49051
128451
433224
973379
67572
436020
742996
614331
295335
1012065
1064078
788624
380119
208700
1033405
789768
719582
376636
1076467
251429
553928
1050073
237467
524613
234665
534287
1006338
144664
395928
815206
1083154
110900
110742
919065
751450
589486
163312
634071
639597
432413
681138
762283
570699
818230
709467
695205
995959
736508
969735
789621
1072073
386053
398741
493116
582088
610144
971631
305696
526320
695881
195663
303155
304577
417634
566702
837320
1010783
402999
919867
523508
978111
562110
1002480
663869
546046
211769
948317
660081
661577
761778
54756
136256
692473
918203
661040
994551
50610
688094
891567
418774
818351
428096
769338
1063455
125991
728435
560736
715378
335208
53685
540296
1076777
835393
663729
57809
262610
822460
84959
637174
284535
819097
817158
927110
315794
682216
892238
528278
850775
132581
562201
880314
631577
49868
158217
938453
369132
202073
375171
660380
378344
331308
524510
111124
782990
641492
586192
185661
903186
557120
191069
276066
670339
933943
278669
465846
226176
885501
895734
111054
594592
1088796
993351
282968
83680
632124
807566
53263
1045166
955058
111681
801135
1079570
674401
330992
940602
673588
1092075
888721
961505
616517
264699
47582
379405
1040331
630208
352589
127378
142402
97340
816682
466522
950965
823494
611094
165493
221849
685605
778829
811861
72568
67421
435023
365403
316127
321847
103160
57749
592384
446490
357754
253382
124316
456919
393178
673580
740183
921136
285958
1073294
116361
38071
485471
255648
1087882
595230
1005019
47765
1089684
516004
275338
739702
998238
119927
297000
244497
39276
719316
74307
731743
323982
60335
71366
315619
313493
205850
192418
271899
334414
787592
742179
699931
311064
61673
880371
1003427
842835
253461
380319
361748
194541
140967
430751
607481
216342
932837
201213
993843
997686
158544
391435
267626
557039
920498
496912
849234
1053456
478254
1035553
64873
52446
670784
512304
551586
150241
813328
205860
679599
439377
206276
196548
168507
505594
1066228
246709
969271
387656
1072551
806923
277226
205566
519018
1044407
782517
1016623
949563
709036
771399
655258
253311
719217
831539
331600
329559
798813
775012
818472
598771
890530
420808
632273
38198
552339
447607
619399
822013
46119
866120
254661
801655
583664
283943
1061942
602127
822676
46457
334435
647156
1087263
111176
677113
612530
756609
446292
157721
929264
159802
52178
174717
393190
628845
537292
794349
843395
314148
139302
216296
907883
113923
666266
521664
132702
143390
611900
718953
379513
722970
536990
267939
880627
450990
279590
496318
583503
229060
1034676
377496
404610
311597
885816
460266
247467
416360
288614
441671
729033
487429
182781
655231
471554
272528
496620
497884
570580
184424
551238
341299
609698
76817
476312
491193
551232
232827
592443
185963
318260
818254
335858
166968
978520
587843
360009
160093
95468
389354
536144
294647
443791
726478
151053
914040
995886
626024
888236
526052
861684
993516
654584
611791
324428
396978
777948
575883
1042463
847512
1054015
820817
39090
806069
1091153
1042292
422159
933589
664942
33034
975111
46807
876992
47100
776310
878145
650825
716072
798882
825583
997913
423069
304850
610886
803038
870957
80551
389409
1073712
123640
58631
247361
501906
840238
787314
1019246
577030
361030
291208
570028
874115
692449
569562
645326
681048
598073
522996
147678
219388
683466
911732
798084
60162
601060
270945
600787
141658
529485
183027
773582
300860
902254
182128
832916
324869
854321
267333
1045036
523588
863879
58489
138262
349018
1039164
405427
63294
868461
477187
881598
447659
962428
594909
239752
33907
811383
764095
47445
334834
189634
1028605
331935
263046
1019626
146331
812746
1017532
116315
93356
716177
951415
937057
660618
324394
563098
69627
468987
728317
295264
368596
739594
49864
1076403
884281
481312
125232
227334
691909
899133
114517
663391
342321
511234
105735
561739
383068
210008
431679
245465
301411
980593
665526
254728
464122
942574
992023
856854
136162
54021
718140
370710
291408
488056
792486
298877
379279
255043
550235
686110
416209
72127
838318
534358
315890
83165
204451
899677
371674
668842
189653
51518
153736
159867
532805
74863
805198
365789
144748
791029
1077063
668883
94978
781131
335929
105480
48700
112724
283395
404419
723387
564733
52514
248399
911693
618261
262390
227456
664701
429701
1061145
48854
202121
603286
1036776
471277
913054
378465
1022461
699713
651444
884118
197560
460979
49508
455807
1090950
773740
561453
465783
403135
239400
800289
405241
654707
398173
710816
635900
263190
800155
864040
245317
398804
374840
37258
651637
298181
378641
621335
930731
145779
53243
526866
1084900
389096
519377
149344
1035974
685112
245222
106358
702462
409656
842583
33674
1066485
402241
952599
272913
43869
521325
1026955
771549
669622
904896
819058
731073
867963
366437
1042721
301805
126388
507081
313446
677702
1092386
437747
50357
886731
847319
713839
721573
50757
229478
125634
409428
459218
784445
466582
126926
619365
330749
598193
97472
772220
535298
803454
763146
120285
429462
490199
534800
612668
547066
444225
1048783
320162
543726
416574
1054224
1084393
126547
48517
575739
1035195
496166
1066959
377767
682730
779417
614968
348130
882009
597226
983649
597564
867344
763556
385663
593983
973882
770350
926620
45222
648921
841618
616444
138222
765254
941462
518134
1023688
639077
1069725
720334
829930
307659
800674
36075
924759
297468
191931
710804
750924
708716
750583
564943
529150
588020
569841
1006211
833984
819048
740971
379431
84866
389901
273803
749972
162943
94852
1010979
564930
552643
283064
263979
756563
426899
222546
1000635
185636
501557
267605
730279
574728
531422
89316
856300
752478
53940
683313
1072156
392579
521132
376128
977266
182523
44353
715341
46855
110457
840076
560227
620394
828152
961322
602060
764287
1025431
878387
561355
558534
358121
960631
821922
754001
568865
53659
676231
1076390
523455
394210
718315
986229
721019
521838
310325
382203
744164
578297
80319
600220
990563
517169
994658
379929
837129
273235
938535
678962
254306
232974
385207
39831
960813
455992
772556
86377
1036300
591525
842118
586861
303183
797778
1068796
517827
43784
350433
556870
571841
955023
647899
907799
309964
45226
449821
545982
405713
46915
1050997
339843
126650
49263
622825
1039557
388276
437650
354454
134988
617358
320391
390683
595262
744124
878631
708192
722326
422697
123937
587294
879407
487555
270288
918637
817563
375764
31929
317572
188115
458440
997467
56643
55131
1011610
774119
859021
748320
899503
106198
632307
211346
836446
700698
349995
159612
236376
561944
286576
495119
226037
171129
139840
934638
48939
418121
46387
680017
602299
884331
254662
767131
285942
766859
436481
571176
1082547
108723
55173
211544
382377
735540
1067762
211565
59025
267942
652558
193791
904053
48441
146892
529765
1065703
1024802
481882
709889
725102
503252
98380
543866
580427
191407
856867
777823
469489
249375
797566
847099
584898
533998
780421
68754
47187
167652
671029
405835
420266
343871
650717
425790
1055435
659519
850222
630615
848446
484157
649164
350042
874835
1037059
340789
1044610
876318
855253
695828
754715
160068
615257
549476
155097
523881
281815
932410
310573
865563
707666
868728
696152
369260
466573
406809
600180
888190
249253
786369
711362
1011915
871995
657317
47498
655612
215778
750712
55681
968023
592064
549059
751141
739673
69372
190444
52709
685145
755350
786546
981410
432981
450013
713647
83033
445681
354380
955366
828876
406017
583343
772439
777244
671051
867388
445599
48260
47257
296507
811966
126335
210976
789243
647402
103520
47097
908473
1036957
129629
840677
602992
201040
854653
164901
190551
172948
458217
642997
246377
131229
85492
578017
597981
574973
594551
1071472
831336
398741
642709
140375
374090
719373
51905
790043
390498
1005464
535739
206184
349878
232778
684681
296569
831717
336965
1087582
214863
219855
1057212
328026
728378
224529
303380
659887
817440
600428
324312
983707
746786
175103
645154
659415
546842
248298
451375
654220
672903
807259
40649
833552
380404
1070430
317827
459732
281600
408957
967041
458169
317329
700149
49017
817497
201191
856141
418755
620041
591359
893941
435881
573233
612896
582730
746586
320534
581245
71846
637543
647511
882454
580225
680489
424391
335740
167980
80575
167795
1041366
798280
115615
428555
313445
218021
358380
410438
612723
782273
545217
302421
486234
1035553
162253
635258
863790
312695
1009920
1090894
1049245
637545
998422
357591
349280
930899
720762
884675
793581
623674
730716
732221
1060587
931870
397969
785855
931324
156695
931509
504804
210009
839188
608371
544396
341369
577418
529945
271851
739464
328346
1069802
494733
53079
946483
633332
127427
768624
420643
781532
129334
326423
505181
126242
480666
506925
956604
962857
158084
766819
638293
389431
380384
959512
536404
772140
1003219
519560
1007139
179943
477913
208154
429497
165714
898126
922848
387057
146193
93483
270717
559851
368703
696443
597293
341406
532057
1041584
792442
523660
990906
712214
240012
473230
161515
498135
723729
640812
116505
452659
968071
49122
146500
1019331
224738
805685
48296
424436
851724
698997
745010
967710
1067412
507992
608565
677408
840533
369485
493432
1048144
379947
475314
867363
389520
355608
390518
883487
846983
553142
853434
674004
865098
459905
584445
279719
859049
1074796
1057472
369363
103068
178825
338344
889166
297211
207468
369639
106626
928999
992807
313294
417437
90425
52692
229143
263175
464660
533404
78104
986998
270157
276901
202580
171292
98979
736570
217908
347267
69990
150044
972248
891084
69982
854765
406687
446547
639284
115419
574183
215600
152412
1041589
281958
294778
994327
655900
280182
841061
378011
1073481
284224
232513
925305
388385
112758
436091
438907
72173
305562
51594
475144
228950
362272
352147
501681
47317
1062717
1090690
980153
56099
72077
979335
110882
800249
621217
341960
298383
628007
772783
981225
239756
76929
345965
696331
869396
761508
869353
1066299
47472
790169
762263
944851
1054713
242828
371833
582291
754122
894892
174136
214466
343022
213508
697085
1072457
124101
46353
436648
967125
103089
235740
1060857
936785
925829
571638
770291
222622
991114
37635
1086264
817325
90340
167014
998782
731953
1090749
442500
671856
232784
794138
53871
765926
584933
548518
859644
388921
544403
984318
77763
995509
760242
1044393
254198
349648
1091991
702446
447314
373882
603916
444387
186468
97732
49341
779996
873714
50958
655959
818839
771963
498288
958298
514664
145782
849870
744906
69475
390479
347860
948698
753410
966560
953761
695216
1062833
867126
192908
250658
846451
41376
613030
1008301
238934
563308
1054552
149547
84485
416313
341305
867090
470528
361351
979678
545403
297374
48591
786599
170494
864227
1033384
1073993
684295
423703
1023087
1049814
752905
77132
952657
513664
238679
900797
695400
268581
1080911
984638
840963
474748
362477
786302
48418
382803
223090
281888
355727
638970
423729
383332
979381
181541
744956
709906
354131
883702
467462
1003620
519846
743113
495598
868183
674868
86922
640397
968503
239110
260181
1054066
823386
279236
811578
622937
1069787
986740
188798
1080591
1075263
1053561
535501
254174
933327
212924
1031416
347057
60537
518392
254218
1069969
1017055
53444
98284
552463
883524
177619
261858
555410
795599
336864
362587
885738
922433
161991
790293
47600
1079081
557255
185098
964738
470823
688534
546062
174414
1024033
67763
776208
483385
57081
1075429
374329
54618
106053
117437
531740
91793
533114
814264
1055093
759553
688371
1031643
175884
852494
652850
1020694
752722
499556
875599
487715
704154
853585
189602
565147
211005
346098
66023
934435
206829
558693
895477
523515
888587
683284
1060800
34565
800567
546953
549798
630551
777002
221551
1038032
541471
1044150
299419
248060
865131
994746
654960
61019
241204
887790
526148
663366
952888
333970
54668
644007
738319
968780
138861
546023
307625
793863
316428
47120
599883
209703
55699
655897
229043
778933
708721
54634
770879
134731
297283
48870
1013252
833374
461355
371569
671386
49701
38446
536448
1013032
806337
482213
51086
831040
152642
267654
306887
898051
1059631
81535
55346
746287
354612
707520
574500
344333
841625
799453
713544
67118
75130
619111
1039143
821420
727460
154024
758794
679628
835751
449739
431152
691290
427766
1061882
409912
984311
641390
1035043
995764
761604
727058
1034710
306250
509593
425608
962684
696057
69546
1060063
863211
772250
52929
481168
677259
213143
867140
819085
238506
419866
123907
694355
191079
359236
498472
780607
772075
151081
200000
121236
56967
592248
813459
789024
558472
384068
200547
911502
684005
541518
486271
655587
690678
674733
554540
804925
47410
718207
73601
870437
918334
192135
394880
747002
634967
357954
493499
698863
552706
254265
849580
1048439
825702
950244
756895
555286
972864
539273
236184
815497
496036
927573
1069012
1049634
643323
1020128
997476
334537
883378
1018417
1087988
283345
787694
50501
518222
619316
61528
1056268
168992
744794
824051
355796
959907
327199
684298
442023
284572
634995
852774
1011783
691351
421823
302384
178401
50929
194265
1054616
859926
609769
899147
287322
516652
694328
827592
1016609
258549
936907
1093065
402862
860301
193593
937669
306557
965314
908467
902226
244487
208944
664404
683916
71330
87900
790722
264282
68303
56083
725947
104699
682592
418105
84861
340197
293768
889938
807926
1045507
1018078
626230
1082606
604950
646848
374926
934491
82064
596182
747304
1001000
85139
1030162
882295
655846
458598
257596
429869
1036610
956945
336432
862852
222315
232650
168247
141134
491222
1018495
748876
427330
370777
335763
169219
509757
137684
580897
76464
916699
544315
807244
997109
813600
131523
1025720
914913
783819
626661
636303
1076106
1040738
875999
1019298
78924
724933
58865
666859
960131
988401
873455
626976
763975
1004968
1071257
189775
353276
615633
895473
507473
375420
938258
240999
766643
754778
949538
776078
955981
76673
535008
924523
325952
579026
131587
500986
67790
446751
268296
872066
219802
877350
350598
187590
820446
862629
59620
294288
387268
936422
161549
366490
787858
48075
985912
80145
553418
603013
46724
47487
