2 7001
1 1 956750262 486087328
1 2 985767923 483037717
1 3 318928474 283791281
1 2 771015676 290952390
1 4 776369630 355064641
1 2 113348181 826190041
1 4 377064141 454662408
1 2 508281016 654692683
1 6 635411243 983320364
1 3 496722207 576203970
1 10 886359844 843189192
1 3 414633351 109973648
1 12 744360639 73021934
1 12 58891928 281056268
1 14 852362745 28174526
1 11 686052151 65212690
1 3 201157467 223656016
1 10 962859178 599195061
1 4 65197519 938741659
1 17 193155240 701649415
1 14 573778337 685252719
1 2 418511014 696565155
1 13 524141905 288052064
1 2 22408651 628218278
1 22 270703530 557868376
1 1 765429062 787944844
1 24 839106557 596736587
1 22 690364244 974044315
1 20 131644961 965457044
1 9 72012699 418910426
1 19 533631954 745626368
1 23 263622363 220905102
1 16 497932647 633770073
1 33 465823378 972784978
1 35 794367917 22721253
1 13 259452945 310492740
1 29 818406783 827657886
1 12 167511292 809674617
1 38 622715058 361113832
1 19 544024617 855396581
1 33 332824682 259513494
1 30 411167648 347675405
1 7 47873551 110474217
1 20 509977066 172266862
1 12 937567765 9905722
1 13 261212376 838505832
1 43 312837416 409392227
1 13 108979774 734767130
1 33 591908173 74828582
1 43 62081925 8575750
1 44 148755751 153202804
1 12 12083365 141081065
1 40 663172177 876054059
1 24 990315050 118446885
1 11 409110510 63328490
1 36 136214307 414892804
1 55 488769956 25602086
1 45 564012079 459009576
1 43 145833573 875630955
1 52 521128869 542476637
1 41 211160727 21999804
1 17 837664365 600873314
1 49 358654208 427273892
1 21 428689030 920939447
1 5 859927313 56971996
1 37 653933816 193401586
1 45 356172407 391068612
1 19 483328196 966751623
1 9 903774534 9478445
1 11 334494458 632799251
1 57 305688577 831750607
1 48 151382803 519430
1 57 157736666 449308584
1 2 875105762 988441478
1 31 956220174 779660299
1 10 661285743 157612655
1 47 827979063 746103608
1 72 852062039 279575685
1 17 348110150 984100596
1 63 30169218 797104893
1 66 273445674 445043872
1 15 336016996 338255433
1 14 463298769 845385801
1 23 518245277 292698338
1 29 90549486 755402859
1 13 165559384 41124349
1 83 447819282 617216444
1 22 785112024 163121585
1 1 201999737 952199265
1 8 127858701 423116508
1 39 2880394 70624533
1 34 936098848 144039026
1 68 36813680 869767009
1 79 288938197 548779310
1 93 924293603 853436915
1 2 872480711 968356201
1 88 363044383 655643775
1 72 739643207 201358671
1 81 865977289 961127659
1 2 729818090 541981420
1 67 146270775 784898955
1 56 704158655 849764861
1 4 872853614 930331181
1 21 435900080 923106559
1 81 268246855 297479461
1 14 92693717 700156710
1 13 441033457 615885279
1 87 706158913 415050491
1 59 562524085 523520029
1 79 16828602 149644061
1 82 352173620 364504298
1 77 785180789 288922760
1 99 368630708 86107168
1 107 592391243 618560711
1 77 898780471 970788780
1 12 412895571 457795645
1 115 140685373 750707909
1 38 414440251 773534733
1 86 171775066 51985318
1 21 863321384 611847903
1 46 89025187 245200091
1 4 142895129 719178435
1 26 894728925 732241311
1 19 789200485 410737930
1 59 263156618 2855139
1 56 695081549 73927019
1 93 937264834 162004931
1 2 978202540 937943315
1 110 5306215 204195142
1 38 364568657 720289422
1 96 964221477 550526238
1 114 288268699 745992806
1 115 200543035 148911753
1 10 328746529 40043402
1 132 507028292 573949533
1 73 733178531 220443193
1 120 173023498 120069136
1 30 916212897 627827054
1 137 607576917 964680843
1 32 624883580 25092215
1 68 918039236 791635142
1 20 163237823 508942658
1 122 743395601 597129790
1 59 595042576 875502317
1 1 367570059 13683152
1 48 189271344 174681036
1 122 186041464 100092303
1 46 605650430 429037739
1 70 189841544 480288102
1 54 944729516 437792652
1 55 76262154 208772203
1 32 288905116 797501108
1 134 969434443 660979548
1 25 280512479 596406939
1 65 788015072 717040433
1 53 723433920 59022119
1 132 178407970 681988746
1 142 71004449 53451337
1 38 8534470 231225136
1 67 208659759 572151282
1 154 58545112 933239408
1 109 212295368 972146074
1 49 26798148 174530324
1 24 580793838 780123574
1 33 968193821 872226447
1 23 114268044 124951465
1 29 138653564 552590606
1 144 349331901 600184477
1 152 523841642 893408168
1 50 510151636 579754803
1 35 638693581 490255583
1 137 997710985 175013243
1 68 768287601 416720751
1 87 433625886 183740316
1 145 248648143 113205315
1 155 847706745 345138726
1 4 849645443 79478757
1 113 443985439 414711706
1 60 58766877 567282480
1 171 829453560 163361291
1 176 499043065 804083086
1 79 764989526 127923711
1 93 484833917 571361385
1 2 14029945 143132063
1 74 5292771 328566685
1 120 66739268 519206784
1 155 901406682 751968394
1 23 540492369 445926046
1 31 657904301 469883754
1 116 71706134 677436600
1 24 62177814 359725124
1 58 795514802 698197453
1 45 364759003 697004923
1 55 927070900 733704658
1 54 527072660 470476649
1 173 821526331 582476446
1 29 295904382 401214248
1 190 311360121 83669278
1 112 168229208 130675746
1 30 509623035 885742506
1 184 57778524 427761045
1 201 964563234 24413836
1 2 934175375 137712553
1 112 377091848 614499136
1 154 601364531 636197391
1 192 522584895 27414555
1 144 118783695 665196048
1 146 492248850 109114458
1 154 663563993 584904425
1 201 843853467 213916823
1 171 206510758 716776312
1 165 771230155 60704220
1 68 435629774 119261401
1 195 205693610 241411673
1 185 497356987 111416141
1 182 823364307 430723780
1 162 712440130 202654421
1 33 577703716 34883249
1 196 513121241 648041876
1 14 475986083 279408014
1 197 721156092 186964708
1 159 63634916 913765598
1 79 682156862 994870455
1 216 141039533 54338316
1 110 445996805 56808996
1 44 721310339 581355231
1 30 26526662 188798384
1 96 62016540 897261315
1 77 442487267 745253559
1 215 526368167 561261637
1 8 135806139 548834873
1 12 348280215 64564840
1 108 835693418 941017748
1 163 863674518 145772371
1 164 83176613 727876928
1 21 853631533 405665662
1 136 227333351 842529879
1 140 599126365 781631910
1 119 208706513 488525729
1 16 623661289 322739912
1 238 811040508 123864581
1 197 157515189 830998216
1 166 677971125 964458211
1 34 417814882 220473009
1 102 836588608 707513720
1 68 4380010 219676801
1 121 536578798 842934447
1 82 376959811 232310440
1 105 786431287 3622747
1 99 895346452 308003097
1 157 521080069 15207398
1 144 844330682 918617992
1 45 678566341 442103361
1 154 698481887 103642605
1 129 459430968 827908764
1 238 408573370 963631453
1 108 433070355 357101714
1 96 875886364 609257773
1 134 734753573 396749454
1 88 21419381 147873874
1 17 521183537 66695690
1 45 709543702 672624549
1 262 972685184 124973572
1 231 995562557 911449355
1 110 880270995 258518572
1 95 14242416 557650707
1 167 398276073 862605788
1 159 160039723 768240455
1 77 636997222 359365702
1 9 624192219 637091790
1 164 157916051 228686057
1 223 915737792 964265426
1 43 659898285 160264403
1 170 447708428 597307733
1 193 615494182 635645216
1 270 625822650 656778178
1 124 392978484 365354863
1 250 795017937 112899566
1 228 371896764 790889059
1 194 500540101 8770649
1 91 134858123 883516669
1 56 297854439 643252990
1 32 711639191 359477890
1 33 637573296 49126040
1 102 618765812 338088582
1 34 672615159 683694402
1 2 240563690 962630186
1 13 381833539 842805313
1 239 515700795 932083278
1 154 128578469 980816377
1 259 929324061 111178617
1 75 999074168 600680708
1 84 566150495 102568254
1 92 707709422 101386752
1 189 234558032 833294035
1 110 98404216 378076515
1 78 77821056 989096515
1 70 493782430 904780423
1 143 253305997 399647556
1 207 459928249 824615962
1 41 170831450 957055719
1 193 87827129 166652431
1 16 209981162 63313147
1 16 291023026 770351199
1 45 133544371 548768239
1 77 449542167 527694165
1 152 875934080 398224343
1 144 807367573 6052445
1 151 69255663 947965715
1 263 157943495 261702677
1 29 15491635 763462687
1 295 553075508 869460255
1 54 12977525 366002335
1 274 679601062 940451458
1 44 229107930 232941955
1 89 261739223 121678670
1 184 961134092 494143942
1 97 563224800 327689890
1 188 941660019 635368099
1 128 551208066 99295216
1 297 253160400 192502064
1 134 843784744 855155306
1 31 773635988 477756773
1 108 252507961 768315652
1 207 434091859 420117329
1 74 442438766 345681974
1 202 945317520 444346009
1 159 189501805 748284288
1 121 904760135 9045462
1 106 256848620 228338288
1 39 560632791 638006978
1 258 112037116 616416493
1 49 33399846 275086607
1 71 379198644 766043488
1 17 293458702 446105040
1 271 796955299 925915480
1 291 194977503 296233122
1 126 274380228 939429327
1 257 990273118 679620302
1 314 904896956 464821235
1 75 473863862 578362132
1 175 87756323 525253020
1 99 927434402 5917411
1 338 965050520 670272337
1 141 371449082 962954375
1 270 367378368 368018413
1 8 268896094 721928884
1 62 999945815 75210106
1 112 44731905 349243406
1 176 254402440 307529538
1 188 776846918 365805689
1 155 807687908 642208816
1 187 699188093 521271535
1 317 102978134 757483573
1 119 825699341 735965623
1 122 59484305 587202772
1 119 276920415 121081757
1 148 909710101 576503644
1 340 46910452 264833706
1 135 407010687 584283547
1 136 316157178 360461340
1 7 833972801 570889957
1 300 79192437 83392057
1 58 163620794 520807923
1 103 349415806 757192210
1 208 864814777 745344638
1 63 519176191 572685756
1 337 26231647 195342155
1 222 956132660 70429466
1 71 164375778 222889031
1 5 325731416 972081815
1 312 103573456 804529471
1 288 210371493 266644689
1 1 421111831 484634588
1 254 893931754 448707286
1 67 770315943 612423667
1 1 548198845 235421645
1 176 51566798 336734001
1 342 732136173 744328476
1 233 778679543 77647476
1 107 888892155 125195091
1 68 989154716 410812003
1 348 697077331 734377974
1 264 49002690 463568805
1 194 937969203 780395016
1 270 571780645 600101999
1 147 144505509 27220827
1 126 281363851 642421537
1 86 338628218 921864810
1 145 206275369 150675976
1 288 132136003 452299458
1 142 540456153 287008002
1 156 143719696 193885232
1 260 386980466 698377038
1 81 571032582 767386256
1 374 638513388 944845920
1 49 466405894 566595751
1 248 316889143 244212110
1 211 523278268 910162640
1 335 538275434 435623278
1 82 42231697 315053579
1 301 86827959 582173570
1 294 284834778 94796826
1 247 382430640 936259980
1 380 412218448 367956996
1 354 20515576 518949418
1 370 909160319 603796248
1 235 939696184 401190955
1 145 814673956 325119319
1 374 396536738 626799355
1 206 207924421 394302929
1 224 632449763 85999054
1 287 292859385 248105777
1 320 772268019 79857675
1 12 880534318 429189457
1 48 378562552 644807242
1 288 681684077 507841917
1 323 282745998 659083655
1 308 499845632 344436118
1 216 871548205 978620326
1 30 573238823 969858746
1 388 226464929 675350873
1 97 9762832 696002483
1 312 731931145 426247477
1 173 375844332 670274425
1 221 280179149 667940182
1 130 649281726 708534080
1 367 454072515 741516824
1 401 619759168 54198766
1 395 574416352 309331061
1 309 428880227 319330448
1 22 376118696 851160434
1 19 102254275 440793390
1 121 57100364 170318134
1 93 37425874 379587182
1 342 789275586 120558483
1 331 290421124 477990701
1 63 465843083 844677693
1 314 517629137 859739862
1 280 185729079 317348316
1 151 746736624 239218480
1 397 700024578 26792003
1 147 730840240 86359161
1 127 869556331 948205161
1 375 155657488 201589542
1 31 945613795 294869351
1 216 101684154 744674955
1 2 864599871 403198034
1 45 264202082 152988606
1 183 186230290 474178771
1 77 273544629 601683713
1 190 761933384 898163454
1 285 311452577 165173884
1 123 347033825 295420281
1 314 515540889 395220361
1 370 686198667 127419474
1 437 315943315 793285661
1 257 313163246 931803941
1 378 604344941 677269938
1 307 64164512 437317568
1 268 903657195 760687931
1 275 599831059 467249605
1 304 925673414 953644161
1 150 38064686 830852662
1 54 906403229 423236699
1 22 900147959 487525966
1 117 297212588 492850311
1 101 642795536 136864470
1 77 390220786 647766818
1 193 807128906 830979563
1 270 72601062 490773293
1 110 31542605 451140409
1 384 957507846 126172001
1 104 785781986 801630475
1 34 823926224 679239679
1 372 631410254 103869915
1 346 384229696 843099871
1 347 86313875 963873990
1 290 736191119 648912019
1 135 185902708 928385272
1 410 529106654 98045957
1 287 616034161 867811481
1 70 312806621 375786630
1 154 50863804 814717606
1 119 483658659 410646783
1 330 696551638 119868793
1 460 143402937 139629939
1 416 300092844 626312684
1 200 549219932 595596601
1 32 761706620 782275628
1 115 680135865 448163863
1 261 905602705 356616712
1 46 406066745 70609099
1 493 907545816 597871321
1 116 972171354 995397737
1 223 473633152 113601490
1 54 477911450 644804834
1 286 251609962 790119850
1 262 835737762 206953079
1 284 51421033 734029933
1 374 192935332 748321953
1 42 591963332 715164418
1 275 331267502 965397158
1 493 411251196 121954843
1 407 758004872 882489232
1 245 499319935 373491919
1 430 11637223 969688534
1 463 544372787 78753889
1 1 611789975 468035147
1 122 668133674 449793292
1 12 87047104 184585807
1 277 383717310 910893916
1 381 336073435 314495549
1 199 19129225 582135718
1 182 276388997 73346967
1 346 371176694 882563072
1 455 399273147 599465658
1 457 502851983 504962030
1 61 902517575 281331211
1 87 638020862 321538879
1 142 505889248 604399064
1 351 510020460 893481037
1 521 658649672 787915717
1 375 156901464 790668968
1 514 775802292 676096016
1 368 577384405 708130154
1 254 522884852 653815344
1 240 620321666 152791533
1 341 581217942 672522270
1 188 716868348 932071237
1 450 15352952 739626033
1 374 919169437 501669337
1 432 60302311 539254135
1 524 446601752 157186985
1 201 569809885 803497248
1 26 558123617 445246522
1 232 765834120 441877919
1 50 851251294 926937739
1 267 95065898 744858308
1 119 956979442 340242894
1 232 741126987 880173929
1 488 458191337 550728023
1 468 712866040 888063772
1 72 709578041 406007168
1 146 657838043 226861784
1 77 102961867 460293425
1 70 975628640 717701548
1 456 46444844 619697032
1 107 615924972 214229780
1 204 910819571 547451785
1 358 288354344 332128731
1 291 450852251 1444155
1 19 492200408 166929756
1 395 661690412 292118622
1 136 92445160 133982339
1 278 511518167 809177788
1 110 168237509 25049876
1 504 981122994 825383725
1 161 249804458 888289030
1 28 359167247 558598824
1 202 423109106 4699630
1 128 974401392 703806412
1 288 830100306 282358842
1 48 306894759 545949714
1 232 399706783 909205189
1 273 205983411 939769137
1 567 434844315 135060540
1 124 165025739 231329418
1 147 481480104 179252408
1 241 255502978 216908963
1 566 269220225 531454095
1 64 48464873 537410260
1 182 767174168 344448634
1 551 910163495 366413520
1 329 685020078 478392233
1 77 100025133 779224163
1 437 360925123 356952472
1 21 795907121 394595164
1 237 978521128 914370126
1 518 596974911 265636255
1 179 750019624 949276139
1 402 246677983 678767183
1 418 261047144 568578106
1 444 588156945 339005647
1 204 209541545 686530416
1 458 184854530 578888478
1 179 92853273 46402395
1 359 829816320 983615317
1 581 369483553 209288270
1 270 995635546 842120998
1 570 969328507 572507021
1 173 694521856 43997835
1 32 443841208 753224853
1 525 457173808 879545287
1 264 46505177 282484014
1 32 693165025 450849756
1 110 220667842 424767421
1 75 680194479 379591289
1 496 911168654 849955665
1 257 637496614 162955515
1 572 944172370 947783010
1 520 65649358 555868909
1 122 354126535 636786076
1 572 74722383 906129907
1 183 760376383 662235614
1 265 302136506 162322829
1 432 366133542 965504634
1 432 28421124 920039277
1 312 85287682 901722260
1 418 361378533 482597437
1 156 135702375 162178429
1 298 531319106 901018621
1 227 147520766 919420326
1 122 437834017 50321754
1 494 386159374 457870590
1 61 481300340 346724137
1 442 360909436 870764567
1 292 524645004 800514597
1 277 994496566 867871563
1 106 369765631 9076387
1 151 973912547 328422516
1 8 229408426 480657749
1 540 521516940 378902140
1 43 389868318 519735844
1 235 296040516 159770673
1 41 270391082 535055720
1 379 205870811 63550466
1 574 314631028 770317527
1 590 340284395 939003141
1 238 953024124 48385502
1 587 58336971 277481348
1 392 779422338 672358200
1 247 674111124 701317044
1 222 329819036 320333748
1 175 543044563 265318281
1 607 750927629 705439381
1 101 397209219 428279106
1 73 96943665 405058259
1 156 273716767 711845195
1 67 969265219 598969543
1 301 409692656 563876621
1 617 349957252 178738804
1 313 850263601 196905940
1 610 764505820 767122526
1 497 680345480 983385453
1 423 74241756 995347811
1 614 386504525 233799542
1 226 21191412 222122361
1 119 500740692 35779725
1 29 150486957 962350351
1 420 824923346 713436669
1 475 452483864 688425105
1 122 541891228 228040518
1 559 878073405 102752777
1 358 974290364 769317416
1 295 830353722 3277420
1 377 74544282 135625052
1 429 859701179 775527853
1 16 774319937 411333071
1 54 450664270 457876459
1 362 73294774 699145846
1 600 253949256 558791346
1 184 261989216 126027233
1 45 457014681 883847300
1 481 264895685 559011805
1 368 853426640 794132999
1 648 29291551 179214576
1 35 130958558 293536952
1 383 392368357 116678318
1 145 360176252 159844509
1 296 366173805 342663871
1 483 823976223 689077075
1 577 575412907 915548784
1 64 979720018 973914818
1 99 570706781 279989331
1 330 210059117 792078745
1 547 598658499 653327923
1 316 899092215 293788186
1 613 886216706 664382635
1 200 714229492 990748563
1 82 472455729 205089850
1 223 159748031 338096918
1 542 281542471 683422952
1 264 581249046 907304918
1 255 715483501 927317878
1 10 827342585 975928217
1 485 3082631 925161690
1 338 405759672 790190487
1 513 902911415 493868899
1 316 878163221 653331233
1 471 486612687 275900606
1 406 527999348 855982625
1 660 24904743 825404867
1 358 252084830 213534869
1 342 689221331 504391954
1 287 265141283 124192944
1 177 208006016 110276332
1 470 388471138 344205989
1 313 733163129 39513949
1 361 92973279 894312467
1 200 709511319 163661090
1 632 378598583 930131093
1 532 229952190 1882301
1 552 401947554 481688850
1 583 924081598 419516653
1 304 47905904 97110734
1 690 332054474 978219933
1 357 449529851 237684062
1 469 843268487 293679203
1 174 956159849 440817392
1 625 643354253 630398609
1 320 588807863 922276218
1 707 55650903 955878038
1 420 825848282 95903347
1 622 58217957 914718305
1 282 28119572 302453942
1 304 998827321 921593824
1 434 159823755 375096102
1 632 149996881 765204798
1 37 75082531 741812861
1 486 667470464 900678634
1 85 743908290 592065614
1 323 427574863 199061396
1 705 6758550 542981297
1 92 386821655 426285120
1 407 341275811 483369122
1 133 224533940 126298586
1 80 580538931 799476145
1 389 840334737 672042277
1 23 193051157 231843767
1 520 181104011 661726094
1 341 945150794 505259631
1 210 373464286 893665531
1 452 131121369 110690730
1 397 347899450 831213413
1 38 902164979 883802953
1 393 120128224 871664621
1 716 868215889 72713644
1 240 827943313 272140951
1 196 578380830 672007720
1 473 794310817 896260923
1 631 118303095 15236070
1 5 790743010 336832579
1 402 94200930 636887598
1 481 986526222 340789551
1 557 855734891 781339886
1 392 497380000 993777187
1 576 292135233 418716811
1 506 973438294 77896583
1 82 261760993 664960064
1 696 496806315 237329452
1 95 898775443 756144397
1 547 540112306 590436362
1 157 155129875 437573126
1 32 383193223 432655897
1 716 666753234 901474414
1 4 370638583 334647969
1 559 549119388 299788384
1 390 291713918 19225939
1 507 992268025 724699579
1 282 154579194 873367535
1 367 499638907 127905194
1 681 381539527 130298358
1 399 209245717 107075253
1 91 866705046 89855189
1 34 991628057 969500345
1 706 493756717 789631318
1 524 225408753 952675843
1 284 61123035 893359212
1 201 255487525 322111530
1 470 675186349 773754844
1 727 768341623 440336313
1 758 388879578 614829201
1 320 895116711 656997424
1 383 279360517 787488104
1 294 422430620 912857646
1 275 525459575 391619166
1 230 271112268 383189440
1 618 207798669 799536673
1 178 527964603 931854172
1 76 172062238 14689618
1 369 584667508 612291714
1 544 910273724 346506577
1 684 800393755 366132719
1 149 325458573 752033901
1 606 838957096 614764658
1 486 23090083 435193116
1 114 530818685 766900163
1 632 679894877 874631155
1 740 592961691 375318292
1 380 98636926 677830303
1 248 651369952 136808949
1 55 959838794 974370915
1 112 413150627 412399485
1 587 325629727 189565330
1 441 335320332 785345489
1 292 307293513 844742992
1 5 66249569 455463579
1 474 864200030 448253243
1 238 673581883 599498351
1 203 11935205 402326958
1 585 289147921 867373468
1 310 235580876 68407944
1 270 80503091 81394886
1 36 850906016 225681
1 486 11282462 195468472
1 330 144492974 76809953
1 473 548236236 670494743
1 144 220414801 473750538
1 252 623741680 241882986
1 60 267318192 959101233
1 527 837744741 181365110
1 753 267991969 339999728
1 528 985836692 846317374
1 21 268890941 95303972
1 465 869143714 942264127
1 259 872972563 572040162
1 643 923620651 445039304
1 183 8826615 107314705
1 420 162456532 954114257
1 183 68608122 135025827
1 320 250352720 998114424
1 685 930805131 386634582
1 239 23448047 635945761
1 137 14022513 118434095
1 693 56667841 861718642
1 166 628453632 493949450
1 687 487138453 53571125
1 91 269948903 526901001
1 702 147734204 313581850
1 342 442438291 213980412
1 697 914755578 924392698
1 375 413576070 930113436
1 179 550018622 299987667
1 104 807177103 892409843
1 13 487819371 502418075
1 272 512277685 757924802
1 42 348849102 162952483
1 590 380249692 918686525
1 659 895835588 280792391
1 528 731169555 438744077
1 580 90840003 883608553
1 805 258999590 852313604
1 413 317578958 85655091
1 232 88566034 336252067
1 364 36986715 591889940
1 25 151964449 8718514
1 323 205349452 486136348
1 455 538294930 663442594
1 320 398268586 326034956
1 548 841814862 926467446
1 602 123614105 413681115
1 605 43712562 891104333
1 741 768913131 834423551
1 468 139444633 687740332
1 832 268919753 241967028
1 768 240725009 978254633
1 266 489152173 367288087
1 510 972484143 84584541
1 315 703180926 949784525
1 538 505964719 97631090
1 847 191551948 57185254
1 582 667975016 129157580
1 615 366821250 807883809
1 336 678148430 827221727
1 385 458969718 599645671
1 187 695511056 184982189
1 633 776931973 737015992
1 393 244718819 825638194
1 244 453685982 621049974
1 532 534348130 744088817
1 796 579014159 90488656
1 661 208349465 538233384
1 629 584165395 125097076
1 711 564538055 576353358
1 69 794329685 756885076
1 452 587910419 160501609
1 867 101712962 733962779
1 272 60255858 759460874
1 269 844714049 542269916
1 717 837259174 155449817
1 842 721889881 226919125
1 452 728302267 386971726
1 258 315980887 646157417
1 295 579257506 861045842
1 29 506566051 973683293
1 561 126870996 444575415
1 646 33445194 964014072
1 750 201665860 589878835
1 484 382649123 132917295
1 242 285489932 182752670
1 297 932150046 980925088
1 799 838542219 997351128
1 800 921990939 441121546
1 518 510707616 481633906
1 147 96296590 730279307
1 692 817695289 825931573
1 480 660437893 226534540
1 10 227399737 512988125
1 285 696984707 813564369
1 730 94156786 905741810
1 15 48105941 941014527
1 214 749462190 163097593
1 308 477204169 778941712
1 592 41592353 995266378
1 832 82588504 661955899
1 663 119396667 131846906
1 374 761013163 539121896
1 386 970124302 750601038
1 401 144577050 424139696
1 901 771211659 202071685
1 712 833190823 24177261
1 579 157456351 537141414
1 8 665747905 785752253
1 400 189907307 581831775
1 218 724720381 365085173
1 917 521696227 197154658
1 77 288773808 115994948
1 603 457508451 785584379
1 555 949437346 16580383
1 200 552084367 150753311
1 276 955111350 47733618
1 621 653298084 445703764
1 39 572353344 483180999
1 572 200506192 815633179
1 64 421962717 594649654
1 666 620142465 78556309
1 314 945532166 284799646
1 385 641375477 868826625
1 633 363234957 325215262
1 293 896111167 875692466
1 44 439317648 908931323
1 423 205653527 573732240
1 695 80555221 124252930
1 215 891874820 640484503
1 566 386332101 430279338
1 35 169728834 76904983
1 214 583433463 33338378
1 150 479564361 708602792
1 42 470305705 894329365
1 230 841174029 699587774
1 610 631931293 281469843
1 722 759286642 264280885
1 332 862525929 527550752
1 561 686143804 640322914
1 303 73646340 631063876
1 727 593593422 970760554
1 765 68381490 10807937
1 346 326048505 381477580
1 841 459943528 633901924
1 726 603397183 385598155
1 104 365338698 510028463
1 513 564810073 785173089
1 45 888486066 880569820
1 257 817723248 76085589
1 778 919514874 27109002
1 11 430154111 797215406
1 949 49217455 702557781
1 916 93952605 700838736
1 776 305314053 496719260
1 56 783505306 197328478
1 899 267893337 614825128
1 279 707012305 92966043
1 720 983285133 528368516
1 702 631980292 169670900
1 502 671185976 552660788
1 4 396278966 829442971
1 502 300887690 52503847
1 390 795103957 592512228
1 743 321007990 403644505
1 206 924062977 653520485
1 948 493472297 467857306
1 190 25814139 133295582
1 83 404267035 578771361
1 584 648166548 100479936
1 384 478434834 803278513
1 806 922410527 166414873
1 490 900297609 737075335
1 879 56078691 647664820
1 477 341562752 219020676
1 9 904377745 458653187
1 616 262960655 378438348
1 476 828589571 676446018
1 739 926535887 318411159
1 901 676709173 750729783
1 916 974979583 538707886
1 232 325978152 162965032
1 519 404297567 143416865
1 685 855475944 288203494
1 596 485631794 907843769
1 928 418187386 376018072
1 419 8714936 729916207
1 193 319573294 593498637
1 594 521959518 139695950
1 704 789497400 5205172
1 126 632070868 554831477
1 705 4813069 274344531
1 249 916763128 736609196
1 717 517989643 337119910
1 985 264023627 972464688
1 402 445557174 763342090
1 824 624814167 147969013
1 793 871032752 222239679
1 56 58063228 920729864
1 641 43001177 576119365
1 408 200056186 103914883
1 473 910865015 341957216
1 117 741015387 720968275
1 967 937194149 222642066
1 898 352831530 709433853
1 531 807590322 810714042
1 37 998901449 53828448
1 858 704092976 933546028
1 565 559969474 805059498
1 941 14368142 599919700
1 665 820027095 542255393
1 646 360848167 203680528
1 745 372442188 342037166
1 371 267743470 504985814
1 115 13906850 759342260
1 586 662301240 135406526
1 900 994192071 554153783
1 203 80544799 258918788
1 673 413686203 205829383
1 356 775903551 122713937
1 421 343031148 350622055
1 345 563909115 561261325
1 847 91772292 365997225
1 873 688914461 381083647
1 963 192129046 502476421
1 946 124894988 285992991
1 468 694853806 557509549
1 510 54772883 594314574
1 902 742345369 406374927
1 364 58657946 153138017
1 364 561765644 187892358
1 671 118266409 791613199
1 424 859663498 500479103
1 73 781438724 513311353
1 609 649153276 470931378
1 192 272229943 54243277
1 780 270102520 27334554
1 529 815542771 901511654
1 153 691931007 364589908
1 375 40098073 519474874
1 284 314209497 870976159
1 603 354717975 667633218
1 564 448941389 827478467
1 97 434067347 799694476
1 728 919388831 934374323
1 279 758058704 509714822
1 380 221064951 775737657
1 249 257658684 911513307
1 972 205015955 941394381
1 748 379255742 150741838
1 321 531378036 983098010
1 100 357821851 195108486
1 874 963060388 731040480
1 235 641243499 525412320
1 278 83542260 266548718
1 574 429916102 639526362
1 21 865993799 945529181
1 61 103612050 631408593
1 490 535277023 341331614
1 827 921983772 652268656
1 210 493972513 616421129
1 529 734960217 167923011
1 123 477342101 623889600
1 23 280312669 238642553
1 632 926476598 942374449
1 1018 848664159 404930069
1 327 713599610 463647255
1 329 394634879 404086066
1 1016 598693235 53875338
1 743 572302874 449230519
1 995 557769023 82234156
1 799 657560097 487430952
1 441 219271805 471917543
1 37 396483474 338909220
1 348 414517897 839829126
1 8 694216896 982577772
1 391 329043952 969985900
1 717 724322170 586283790
1 229 962014584 891813229
1 844 973150184 127960971
1 950 172581198 733565200
1 8 767509498 754668867
1 1015 729628526 834627895
1 300 758597417 803651378
1 382 22077455 433933381
1 460 464044407 240870269
1 961 598407804 508795294
1 974 579853263 180390333
1 82 979702653 437910679
1 647 505091807 861680200
1 741 814949031 173959296
1 896 756332888 212741714
1 124 47043935 553104034
1 805 447618071 377816064
1 1046 148240787 861205131
1 621 246612619 268121921
1 1008 101840303 159673971
1 896 941664029 43306414
1 104 333878143 427897424
1 836 8579689 396693079
1 775 903407080 799186028
1 761 811852707 883265258
1 80 39741316 369688163
1 88 573715400 728923977
1 12 412701711 769475765
1 496 906819203 718468124
1 48 324371297 557219412
1 942 834072013 866903905
1 779 849357336 687597752
1 734 835607172 182664359
1 999 911971603 61103859
1 103 807838442 172543211
1 495 689636639 947814534
1 60 487692480 186611750
1 318 906316119 571610341
1 85 855257603 971489976
1 811 713209660 481548239
1 962 869595740 456860069
1 300 916780492 360441471
1 611 86281583 729757853
1 377 592260792 785760217
1 249 181158956 422843255
1 384 53741265 507815920
1 397 575356904 390472727
1 568 583415533 861491235
1 42 526856032 577084969
1 984 965498055 140824220
1 1057 898108204 88928582
1 1057 23781488 507384265
1 808 829568437 935161287
1 673 825756779 548412981
1 1048 390624296 866101802
1 352 391544441 4323748
1 312 656787000 786857896
1 552 167987654 654833453
1 605 20913216 242785275
1 400 117141682 24832
1 688 914598886 708965269
1 598 398953054 118533674
1 726 994431348 402377848
1 169 392167178 384652521
1 943 816901613 259484995
1 709 152758278 595262264
1 23 137957530 645179425
1 1095 171209639 19624337
1 121 58319910 770398278
1 989 717910851 726961505
1 179 619711262 251817805
1 848 891610523 53434137
1 761 321388678 773331984
1 529 797555186 575180934
1 203 825833822 315616015
1 412 451487766 905572009
1 1050 536048990 720053292
1 509 666995735 385213343
1 256 996053442 164982796
1 141 729088221 90385631
1 13 856887658 596096386
1 380 480045776 924025157
1 406 244281917 567640216
1 248 391269395 990936746
1 883 795904371 964119271
1 272 165107091 617859383
1 1078 548340448 944849915
1 739 344110911 551840732
1 229 120127731 488723136
1 534 189660160 360720777
1 112 106519499 70802023
1 165 216154121 326856953
1 752 513313024 49362494
1 207 784973819 924639084
1 858 362009906 963739860
1 254 202629931 131398479
1 648 695588010 156456184
1 835 70723649 149423237
1 850 981278408 491748883
1 1107 603458527 93875421
1 882 397051220 728786514
1 332 41600471 490172248
1 1039 933001179 962035467
1 841 775688692 860937874
1 1033 587792298 417564037
1 123 736433236 846612103
1 821 144620580 265128574
1 311 616225544 569979240
1 485 856553849 554961556
1 811 774697866 51681715
1 960 808449245 353120180
1 241 649928446 280688551
1 1018 332838387 83441992
1 994 508777403 447529382
1 118 519494043 53162105
1 1099 711754946 228088567
1 765 633462139 468793426
1 864 464673913 625845386
1 555 216218606 429980329
1 1153 643651752 391268579
1 482 572446325 926221365
1 326 566439513 475793616
1 769 978733870 211213569
1 782 962648212 494726997
1 523 928110803 838226566
1 253 401749990 280908890
1 406 348621328 367201462
1 261 972459395 901123194
1 403 646037213 834547921
1 452 576139200 301249756
1 609 279101633 881986802
1 901 926947873 27167333
1 850 72769922 635894447
1 425 768841254 570298640
1 1095 383149020 816766715
1 1080 473635381 727460178
1 514 898692288 287134108
1 221 267454044 934169232
1 341 244300606 820278735
1 291 698003230 2189991
1 1027 300701839 286984800
1 888 96542493 552166227
1 487 990941179 425117833
1 464 571723805 498962250
1 178 369026607 559406526
1 323 426199743 246620717
1 230 410821964 892790936
1 911 333636428 473383760
1 147 234441933 234274840
1 893 831849850 905729837
1 622 475288809 75406928
1 188 846230575 197228301
1 338 850328825 432918306
1 950 891658027 823866710
1 1167 833365236 834899453
1 723 188512392 323434007
1 389 876730305 169098924
1 1053 777745219 632698854
1 828 924661406 187900526
1 495 70461456 387600480
1 730 702881500 59091843
1 413 663953134 177107662
1 277 140660284 91154781
1 656 902217324 686209233
1 94 726903818 668654032
1 112 666366557 719161028
1 1195 41197508 806455460
1 902 140865928 197050008
1 1123 315475222 442999193
1 393 460719082 140828674
1 285 460535400 181594101
1 505 193854058 827493497
1 425 363234238 686059780
1 70 896699474 982412718
1 493 452088172 776657681
1 42 543225244 285978574
1 594 315962649 818677015
1 116 222559148 534448994
1 724 703002122 411824884
1 328 977374626 941304209
1 1133 87177095 857892327
1 1113 636297644 496197536
1 316 891698332 242881075
1 520 323142413 698162439
1 1159 282956081 440754659
1 821 3252835 417087121
1 334 308485213 21021640
1 344 12873509 598025574
1 699 234581949 13926783
1 1207 815697614 727319810
1 101 235044193 5901933
1 8 498176296 832870006
1 118 825630408 559834969
1 101 187401281 736534102
1 1188 59876497 961654949
1 93 276626891 554108551
1 268 75698161 548255398
1 1093 494430166 813612573
1 333 670745337 906971415
1 239 721159254 591854016
1 40 296061184 399498586
1 1155 485616946 654918018
1 476 870138717 864237843
1 630 314060420 401906002
1 942 744407314 164197735
1 515 294639445 104501704
1 637 235986201 308249529
1 154 72639040 242395263
1 970 514802930 557359673
1 1244 77770276 416918155
1 518 54279422 923176919
1 757 76375000 534624484
1 746 75376680 247589725
1 492 76690843 321926892
1 737 73959329 337778114
1 465 941685069 327273424
1 602 440166176 201629620
1 628 805408044 973454489
1 435 224931323 337733710
1 987 540893040 37793537
1 1284 311492660 955854903
1 817 435469671 20774279
1 217 445544732 111440421
1 1072 238636300 928148479
1 799 818661034 564653820
1 478 456367225 961352702
1 1216 197471096 934296605
1 89 663488731 918035094
1 971 975581040 284160114
1 1272 737638710 383358197
1 966 493444026 759456827
1 922 205265047 50089627
1 624 959572830 330472037
1 464 567185178 847758487
1 738 667298865 20187835
1 517 457556138 774593377
1 38 482449533 438877334
1 1126 576188889 153033705
1 667 797394804 162196657
1 1144 213453342 448459063
1 296 891738421 882094716
1 42 345206037 127009366
1 1057 755390533 620228283
1 830 418951911 756547519
1 723 667106185 224454276
1 204 785924278 729041037
1 1036 185954971 234546968
1 67 930615103 143794244
1 971 926280451 91721569
1 270 453902252 445207842
1 437 25167344 328334579
1 1260 22541496 379904545
1 750 899758980 982850605
1 823 374407999 690056598
1 44 758390830 699523236
1 357 489900154 905278725
1 998 648367009 848593661
1 202 606825630 230765739
1 1279 134809506 139118175
1 682 734220298 614920632
1 982 123897595 534730157
1 1140 142578982 473990760
1 587 727903823 124054906
1 213 345263684 330099956
1 43 275081421 272699492
1 989 418377681 19121075
1 348 532103474 136197767
1 937 117432532 476561381
1 719 254716339 19744066
1 178 526796842 39636383
1 1045 231212553 654680033
1 490 782274576 977177473
1 587 616361012 451132183
1 757 202590752 794689335
1 760 551192523 458042427
1 827 137525559 103570213
1 48 937493442 602159095
1 957 466750076 44265679
1 1132 684736720 895794103
1 87 168426690 786462085
1 1184 916358069 22261981
1 162 547832672 149942981
1 421 596170558 386711059
1 1132 326590897 638734663
1 541 834821861 208301617
1 284 632871383 478834137
1 488 1778901 893207071
1 522 900555409 409024997
1 360 755541078 765391774
1 289 843701107 305861913
1 621 398656457 931962544
1 634 925504141 669376238
1 1096 742569446 474902927
1 201 857692938 465336000
1 781 24176615 866781769
1 805 540981553 268753035
1 30 824164741 281154795
1 915 81063338 873991765
1 762 501694763 377568010
1 515 694984361 538374036
1 375 645837746 96385179
1 395 676540891 567770164
1 61 962140435 253000835
1 252 963526445 185268267
1 712 443227868 609103225
1 236 574602973 672779313
1 809 433036576 247442389
1 1291 402489604 307446331
1 458 455287302 958743942
1 48 398267040 230164390
1 295 513840331 704191464
1 909 587228077 514899154
1 158 97179078 937874020
1 622 988621056 278542667
1 83 437832192 829806538
1 332 681992071 82968946
1 1157 342391328 707321544
1 478 516655193 890169499
1 102 831444844 663305772
1 798 286020794 699698820
1 689 414455478 419098407
1 746 429485873 190516337
1 1057 13850442 989592622
1 1179 583056327 987821261
1 587 505791577 631987499
1 117 555519288 274479458
1 769 584159378 705506067
1 542 381309194 335719328
1 348 495845736 212990249
1 795 393948819 180514278
1 150 348740457 303870430
1 624 549719780 321959021
1 1064 628283684 774705656
1 675 64597929 522119173
1 902 273056748 514398165
1 1107 442560479 823161607
1 122 249368748 231409327
1 178 721815431 780048923
1 491 489882054 498296670
1 873 450835172 532243254
1 1337 88844628 839813107
1 1224 691016690 645605502
1 944 959349622 403944963
1 984 849729144 148607799
1 418 562678012 104996423
1 1270 660707475 254153969
1 312 691446979 270203920
1 845 255137333 788863206
1 507 925782053 571891876
1 880 879885006 377423946
1 1319 829070728 292969952
1 1 961066899 545322078
1 1066 342603537 71696365
1 431 518758477 154049209
1 115 60372783 848421571
1 720 160338318 651642094
1 260 21727356 604905636
1 657 619509880 874407929
1 6 376995458 154059542
1 267 889747865 627144855
1 759 271778428 659817392
1 876 655597425 189947035
1 1155 883872822 946854207
1 726 943340340 636158987
1 1352 219884447 376555661
1 1368 372748212 869238965
1 393 170341210 53424013
1 457 293289101 853598117
1 519 49038055 696396540
1 1084 479347100 348564315
1 497 434352417 955129943
1 207 473579316 454485819
1 694 874259757 942748312
1 111 716975633 698919439
1 1237 854897433 45148490
1 999 121852378 825291665
1 1416 188833755 640960146
1 697 720851574 269346369
1 1078 918635987 648833690
1 1354 849074131 149289979
1 847 784480526 824372676
1 705 856679649 477420804
1 1064 142632425 40120657
1 439 887311770 973103143
1 482 637879265 497150405
1 1220 61353799 692432857
1 281 19436393 695768016
1 1359 716208455 39512407
1 731 174767579 944232836
1 1145 989722846 910906626
1 256 569234555 339050745
1 949 438222608 151095326
1 662 633136702 947618152
1 630 960512088 385935999
1 623 901005672 621897395
1 123 601092053 715136877
1 394 769981753 153989016
1 1147 513808310 243690129
1 308 838746627 864365125
1 1468 942317919 327946891
1 1027 205907118 667324052
1 1225 722449097 999952828
1 606 400247826 909125896
1 392 436534713 955045209
1 552 275043407 331549398
1 1000 936014243 885285865
1 832 264337996 842760982
1 399 942323650 126925460
1 1413 343655703 167870985
1 295 289364315 608211633
1 595 677502016 33850802
1 554 835484825 287493179
1 919 488691687 293983315
1 1034 427336029 683474205
1 141 139844073 516999478
1 1292 488353645 425552760
1 211 516502100 61546510
1 46 210217018 402983140
1 722 852470578 48036556
1 790 905228580 909556026
1 1151 158013781 947260414
1 88 430870457 429810540
1 159 608753453 486756107
1 640 760328831 148704888
1 484 561634105 978687281
1 1486 68777368 693418219
1 634 319616465 227161935
1 1110 464574711 432712772
1 142 596408313 399294879
1 1261 32852599 996290957
1 626 700398703 875393696
1 837 343462239 677956671
1 952 315799378 232533476
1 116 459425539 484436937
1 625 213918384 450406516
1 1261 982457072 39413101
1 183 559006815 255323501
1 729 973142676 179384984
1 350 834562994 335915643
1 599 476294378 873630805
1 485 559129050 644973873
1 1499 833688909 224236912
1 122 269094619 708037865
1 380 998991783 36904321
1 1473 471752463 984556614
1 595 696857784 191385746
1 1497 805297865 978440835
1 712 673605887 388959664
1 168 925675013 138572252
1 535 405190461 871861259
1 1293 46667047 380533907
1 760 80761568 431764064
1 165 925833183 609745885
1 385 155730413 896219093
1 423 422915043 471420253
1 1423 476200145 870229476
1 916 13143266 773966815
1 817 123570913 50708856
1 385 122580461 869926850
1 654 763748449 999232416
1 613 521001286 616999795
1 1172 887982908 900402503
1 1288 242629447 433949601
1 110 470009317 272574535
1 1298 894566268 473641442
1 341 95171824 741325868
1 349 388187590 465405050
1 362 785181513 753568250
1 1005 382342791 694967691
1 235 848122034 982881090
1 1545 302043214 991679352
1 338 84479134 638607676
1 728 588869476 855707110
1 388 277811056 112023151
1 641 317102386 942297391
1 1168 438168203 132141379
1 196 890865111 292758024
1 775 278202098 396492674
1 324 575614876 445653218
1 838 979586846 126134106
1 1164 70374074 540504260
1 1171 100879979 997814368
1 1555 646483147 317537899
1 29 357922388 606608741
1 1216 466272558 310071248
1 824 25020095 903545193
1 1500 227302168 349517166
1 683 780099434 522618924
1 1490 294787965 730102910
1 215 290892946 992154269
1 125 139799614 499277587
1 1006 227743799 780307776
1 370 922791379 852161807
1 749 707644325 850903795
1 741 877461762 629404328
1 410 123854699 518067469
1 1575 278682183 461670872
1 569 460426368 516215074
1 407 486027734 200053507
1 427 214693180 318608180
1 453 388327326 258486964
1 239 243023667 327838548
1 1062 644128165 113674395
1 609 593806276 924409750
1 1550 86470234 98596542
1 251 418532856 898194918
1 509 762067936 734290823
1 797 55044253 713116953
1 1285 524885855 156859174
1 917 842529285 746124997
1 1121 177772259 549951066
1 451 857205783 722229118
1 207 331891867 822617592
1 381 816915289 554410617
1 669 309313417 194441595
1 65 718762430 770349492
1 684 278380559 733688665
1 1218 401123026 378076834
1 1444 40142212 114734778
1 1200 368907267 846965221
1 1248 935518170 773597554
1 724 864993136 765261201
1 1344 338330745 975826202
1 1257 884165505 917509098
1 1380 966921046 887707431
1 469 978069202 926822016
1 853 290004758 832939405
1 838 4940482 292282073
1 1121 172824169 412842254
1 840 150789801 779012445
1 199 235674198 167770795
1 467 268456521 860011227
1 1228 786178597 891819847
1 465 836020755 101315675
1 795 389794940 133779007
1 1064 207171645 423744780
1 783 290831661 881867833
1 197 288077477 342096871
1 1417 962974066 102640839
1 486 191307355 109450309
1 1053 587456932 67261112
1 379 415588695 912139549
1 299 543438108 385745825
1 259 82157628 383507310
1 331 520585830 756183913
1 1042 436174182 403263957
1 1235 581290473 989272881
1 562 345362714 684468076
1 1149 731226724 945461052
1 126 390530977 751749138
1 1009 494434114 421461525
1 1438 244360732 527862406
1 658 968780049 773800206
1 642 141767327 89607359
1 106 972504894 720681922
1 1375 490400078 148315664
1 78 419228689 379652874
1 287 335321094 407265124
1 143 359739736 230150171
1 1346 707115184 549349793
1 779 215415888 408625160
1 229 915990147 597874726
1 1147 897798655 638511659
1 1220 781091418 802118838
1 198 316358723 188991099
1 473 704826550 868183707
1 1477 969723975 752446017
1 342 770711798 130197258
1 810 741101194 131808632
1 1275 411018821 435225644
1 982 668621915 818308281
1 641 466474042 307519006
1 1329 76012962 566754811
1 31 967885840 409609969
1 1098 723079778 232047683
1 1297 346439276 901127202
1 839 329075308 909088594
1 755 15405663 447697655
1 1635 363686353 928503322
1 1650 930034306 360189534
1 1190 694801781 665746958
1 1290 327096104 793570464
1 951 252523867 949345263
1 9 438437242 891341533
1 1581 580701721 380739742
1 1391 149362651 346012942
1 283 206219829 69297231
1 787 892466900 142980605
1 328 740133943 986873705
1 1176 831417244 918732363
1 107 18279284 209372070
1 687 942073270 587001028
1 1668 683260795 935456635
1 918 355805913 294871109
1 129 953195473 370600192
1 547 706331710 104518323
1 675 113352123 978071206
1 368 618319467 885878359
1 333 497257173 588014453
1 455 484876551 207548395
1 775 104533413 497455032
1 1163 744782892 611045531
1 475 956829404 301461738
1 820 351654906 650373743
1 1480 877684208 309731832
1 1439 154821673 432569927
1 1098 541387840 360194476
1 605 265033477 513325113
1 1463 535211360 649870861
1 1054 966898113 327088462
1 1277 559236964 869798021
1 722 627887034 777865909
1 300 227952132 963600282
1 248 163046388 199197649
1 1373 17020767 482254823
1 1397 440163786 893282075
1 1032 803699144 678619357
1 282 918039163 419526016
1 621 116520157 904043844
1 1452 153788170 5125104
1 1665 545119072 83633835
1 55 491414137 655297273
1 133 323276264 290334119
1 1516 594249565 571148204
1 1313 126442775 550642908
1 483 849806225 755944130
1 265 874908209 870970171
1 1608 788581669 167836066
1 790 966707933 893210256
1 1622 691973752 619294337
1 183 860242402 230115400
1 33 812165431 681747876
1 18 831396702 678011718
1 8 360961359 250926703
1 387 584827744 252948704
1 1493 923376090 49249288
1 1296 576919422 296856960
1 1422 764748253 862569525
1 109 69715348 727361119
1 123 654097096 114112404
1 948 495724382 88089356
1 272 669127449 65193420
1 1485 977088143 201547334
1 1294 724614325 345158258
1 1636 534399130 698753066
1 1651 130611493 156016000
1 308 625213965 778104403
1 1094 300567363 303861136
1 1359 52034349 619450509
1 1072 902173949 825746887
1 308 623332603 12586223
1 1712 983690670 854184141
1 829 129392208 752962896
1 1036 414825420 299083297
1 1547 473483868 661986954
1 536 16183673 89330593
1 1588 858381677 807176480
1 857 637351168 246383979
1 14 329566167 994815557
1 1712 379245892 716889732
1 1205 499902198 989431706
1 1075 249986202 491861392
1 252 354550766 313585278
1 1261 389079352 396778743
1 430 648262391 376246436
1 543 717367579 901994867
1 1435 462879881 867267007
1 1344 317770469 200479198
1 1256 3609965 409512151
1 1472 530866740 748083045
1 590 613226963 838913213
1 91 537089890 730902052
1 1117 526813527 634511965
1 578 646138047 744408081
1 498 887518660 835729969
1 559 901366970 753866180
1 148 39484216 563480542
1 42 618659951 202775798
1 1160 826299643 312953615
1 331 895663017 72474263
1 1518 892045852 851330882
1 1059 941984927 783199137
1 66 38167998 508052743
1 971 233978302 137345730
1 1745 331452114 741924136
1 361 453715084 382385397
1 311 436220418 773332672
1 1125 438913194 654491280
1 47 606539863 655360009
1 806 396210831 270030209
1 622 20460784 44377018
1 362 374338864 303689512
1 1328 823507840 949113930
1 1144 784895180 217173287
1 1116 563713403 336477991
1 1480 377363330 102554607
1 288 861566961 259612279
1 1693 739838128 729490713
1 378 218385477 243143551
1 876 274378517 700555648
1 948 549369429 77218367
1 1418 493738738 945164116
1 624 714047775 479863509
1 1054 910864588 90879441
1 985 743064124 535788686
1 12 517255408 356651835
1 841 873589127 816905957
1 1528 511453861 827558193
1 36 653309828 658732276
1 627 529343322 357985661
1 1233 450287528 915789603
1 628 758980715 821548002
1 968 262743710 525005250
1 178 476923821 597391957
1 83 697338956 561142651
1 920 282946386 977706023
1 1705 448426447 588639641
1 303 743504146 865056426
1 1562 501650651 746338619
1 561 979542772 852986608
1 375 420155343 843411083
1 929 261971685 685682729
1 9 6997878 92821792
1 1324 393280132 150891689
1 501 410048593 680439412
1 170 304301667 571836232
1 1798 398170382 288355040
1 616 432745781 556391319
1 906 957193481 990023220
1 1160 470616551 585276371
1 628 195010905 544289703
1 1603 279145157 549758993
1 622 60027282 925077556
1 703 994933019 456008251
1 1332 841831447 126500191
1 45 262577948 255022336
1 374 543059988 112810789
1 287 972194085 982667478
1 1810 790115743 827218315
1 876 169332698 695984770
1 466 589188438 694764800
1 1338 916934274 753293578
1 1332 601978719 96940560
1 845 702891419 296499742
1 1401 964339829 951722382
1 639 673905476 767093440
1 131 982874217 917324567
1 405 222327561 170776986
1 1633 559190566 509652894
1 917 735028211 243257058
1 1602 547335151 287306009
1 834 546951903 406700824
1 699 924754579 970707027
1 23 796045980 195551353
1 1493 245620299 499894977
1 1746 770469279 954253842
1 209 663273432 869460380
1 149 105760094 91590010
1 610 680199578 183721003
1 1431 334497049 130136877
1 200 747675628 653146543
1 593 974940444 979460163
1 285 682569731 608659295
1 492 376595813 878725458
1 7 872620550 632734658
1 318 783887705 594265523
1 1351 890039320 814990780
1 81 990804053 987496958
1 284 189834274 963019416
1 678 235217023 11332660
1 1136 609339582 494095800
1 168 580494679 350782663
1 1794 646615718 346197469
1 292 485918698 170852782
1 104 826972757 611821774
1 1822 910641259 98227517
1 1561 466041939 549266436
1 1784 43494412 583637587
1 881 449643210 622455962
1 867 664434743 400400141
1 880 762353565 550640556
1 577 923118466 97293999
1 387 704883133 757812078
1 457 564733845 51959773
1 1192 876084917 931565537
1 1427 3595236 247703012
1 766 435984482 970627613
1 51 910790948 353767318
1 333 757446877 830585378
1 1546 619292461 725947349
1 1045 380296510 258769658
1 550 130569934 777814059
1 752 842958904 885671042
1 639 912877974 16434969
1 562 2441873 141054598
1 1840 666346994 775869258
1 622 116233311 323694077
1 553 80975659 735631486
1 352 803178649 720435836
1 1197 323083413 191027570
1 408 881510644 655002604
1 1821 648583256 773824494
1 1828 41545093 403545752
1 1009 609730330 410082781
1 1195 258386856 967989300
1 383 569566415 878476938
1 1305 27607351 206661984
1 889 802635429 195246924
1 1786 582828495 158890039
1 537 587751173 854280355
1 1189 887073061 440919334
1 900 647896039 575226956
1 1148 624941295 33286355
1 578 418756567 639732370
1 634 167371700 416202173
1 1318 908088662 31986820
1 1864 615041109 288250258
1 1876 731450751 694048400
1 918 588025012 686259546
1 22 673766623 567860519
1 864 792437357 459815470
1 1610 137171894 35649510
1 1338 966470230 559730565
1 104 95315447 43823700
1 487 678987140 636749408
1 584 644177030 67101898
1 241 897132181 282842078
1 780 998993026 337893687
1 216 125121996 13783946
1 1632 320520213 321756282
1 759 879233708 262818387
1 33 783050929 385488170
1 498 382880580 348829841
1 708 464762552 684951144
1 604 578651681 23062632
1 967 702587785 273681343
1 1008 836546889 982907621
1 1324 866665533 752627420
1 1199 370563537 644256527
1 1620 273986301 485283897
1 24 410801291 161024929
1 521 189472191 556077393
1 1335 357914545 39073535
1 1778 597005090 519456675
1 699 34910052 161442573
1 1431 925684970 246021331
1 1875 779531941 28158527
1 1879 159201121 580588096
1 809 951881028 782345817
1 396 898685026 453871828
1 1048 662947790 18148177
1 1553 44366559 568081749
1 107 144947049 616293372
1 423 870367839 788129980
1 657 982309294 525009465
1 605 386471158 230643906
1 1516 842903567 383352814
1 1849 455828724 869396335
1 1829 797363460 736041554
1 1588 498306546 38070730
1 1008 918799291 1302623
1 771 785885198 749874415
1 193 702318462 733159660
1 1725 715939049 769162963
1 757 878333411 183851211
1 36 912022925 896351091
1 277 250551302 284408575
1 1150 740324699 952075151
1 1192 768830484 447107354
1 786 806585721 712277220
1 52 246482969 899691715
1 1330 460047106 938123924
1 913 478686014 845815285
1 1275 999228212 370144340
1 1434 467784397 526019476
1 1583 658948797 312190830
1 220 489545757 386535777
1 635 402727427 118585061
1 1609 830987625 39188413
1 1040 205027656 418487540
1 586 374310560 189795791
1 849 317467329 767916917
1 1702 766538897 279503752
1 261 336923531 229484330
1 601 380550641 391630600
1 1079 884037690 273445768
1 1539 727205053 271212645
1 980 410546694 456641650
1 2 717162977 94684500
1 103 760361698 462825723
1 1714 802400457 510866867
1 434 609527315 879803919
1 1847 921234131 937926045
1 1568 538881323 946833078
1 381 428320019 672991175
1 1954 435575670 990858174
1 1251 911909793 869938835
1 1439 353511045 784875985
1 364 869479643 984082009
1 216 739852000 998739165
1 1306 722205211 926748168
1 572 118589397 551626183
1 1709 40073868 505071362
1 418 297239762 988718188
1 923 467537610 787854672
1 1577 808325008 426795530
1 1764 645133207 735396789
1 48 752992864 254148200
1 1644 728018860 570410982
1 1830 838591501 219784930
1 1385 92777836 309728969
1 276 287996972 529623425
1 1380 245246509 528699887
1 1520 915493018 286775911
1 781 760327132 294896322
1 1210 401631125 899859076
1 1500 523047026 201690253
1 1480 978844146 685603838
1 1776 696611355 538366732
1 225 131658862 996774720
1 1458 904451967 169486355
1 1992 738140990 817789532
1 1372 50090865 970090414
1 1871 396548879 760233636
1 1172 226862718 330081234
1 1797 535126952 543265534
1 1775 553433280 858515080
1 1627 140911148 671565681
1 1720 553115318 654870000
1 1516 880226678 814622780
1 916 494544975 987129380
1 916 181972099 882188018
1 527 662006215 879726742
1 1137 584005724 368631851
1 1278 601152902 740906058
1 1225 579623008 32115898
1 616 975974663 423029690
1 597 934442773 534824465
1 1000 644142984 802007458
1 749 832251865 459900285
1 1698 376050913 214631585
1 230 122630703 280005006
1 143 503085190 68366707
1 1678 76136 833511681
1 1405 679064930 246313641
1 1521 85273908 509823227
1 1323 668685333 290601555
1 373 37979064 248503394
1 1695 433036066 497142217
1 1104 364752575 856757607
1 129 495823460 153862550
1 301 339344973 527430936
1 1538 69717300 323327725
1 1457 208857191 267463600
1 1287 826033296 232294086
1 668 569559126 420318111
1 307 254388733 654432265
1 1553 969334696 218824141
1 43 431772978 236159157
1 47 979707258 885920964
1 621 147140118 245023300
1 77 420820176 658499838
1 1644 177368663 349823737
1 78 13780386 173501667
1 1652 52900366 821293
1 234 783681736 881729729
1 1706 644152799 891073660
1 73 156698408 726607345
1 1627 695452276 475177166
1 478 171320763 833367188
1 474 732442129 702103537
1 1017 874618686 623896153
1 572 240427390 676512166
1 150 823074975 472527333
1 531 920905823 402941092
1 368 885725846 190352811
1 1277 678934345 968568924
1 1487 628522920 837596189
1 1085 508371346 812056671
1 1095 835870825 985376137
1 1827 61614887 557777709
1 1122 464174624 163406515
1 1918 504595508 157817141
1 741 102026823 726265912
1 1142 788537016 84245740
1 1457 647083836 627947931
1 1121 538343297 439926538
1 1759 13406094 107483165
1 951 801539324 459020467
1 1604 215338622 420446122
1 117 776476257 163510774
1 2047 909715274 772646669
1 93 475432371 355543350
1 639 439071646 753051094
1 1960 6335727 983422432
1 1886 540885639 375023526
1 1871 131902227 223214295
1 31 571964882 595023995
1 1990 536078183 80394808
1 967 918311173 836394171
1 1433 128679073 28775805
1 863 248419462 103897651
1 1637 538689253 58624179
1 1620 275758791 36305098
1 792 980734337 200415504
1 678 443890937 635458562
1 1699 107282016 939560348
1 387 59635435 275126178
1 821 253315340 541593166
1 1491 212531537 197835017
1 267 183690302 936656013
1 1809 450802253 396295447
1 1242 790310967 733547751
1 1633 949625426 737899022
1 1455 934546250 813003329
1 1956 175271474 598584466
1 1040 757343762 935767086
1 1269 104387064 749018757
1 1434 659660129 537222615
1 1615 97674236 225751905
1 1259 89208209 432634751
1 1876 834671821 161274149
1 1735 544662014 440104801
1 1995 858180269 382081362
1 1654 208158017 72994208
1 1361 531883355 416923942
1 1956 542581550 909043909
1 1865 212846900 942243665
1 631 915398087 178520966
1 1636 357618559 678067082
1 1038 431764391 153454346
1 1040 944075794 949468256
1 1368 924386813 98156593
1 956 439426945 639309581
1 71 510020032 884801061
1 407 924980635 714931514
1 1743 504029949 780299153
1 52 857876095 664285028
1 2094 605084924 514043905
1 1731 79752903 415781110
1 723 54099388 110716929
1 2053 689365995 605082209
1 1846 718593993 110178226
1 804 57159800 42444529
1 2045 18765675 323655926
1 999 220857814 204171865
1 488 813846406 542339009
1 1781 679450769 577559785
1 519 89615263 146744724
1 1024 301927094 371422370
1 36 208891264 440289384
1 1940 416556107 341486653
1 957 903291622 232528560
1 579 879330047 290161275
1 1362 174529046 18313163
1 1933 156212042 398444384
1 1823 765945352 804916647
1 1571 65938699 375356577
1 916 434607558 771171210
1 595 347636076 894160117
1 92 596801051 989388427
1 1039 258089400 7441135
1 1620 629663121 776774947
1 1907 747779202 250005275
1 1293 325065235 858910522
1 1022 220454972 277748444
1 1062 77196890 82188061
1 38 91029837 147980276
1 750 514276396 114629443
1 2062 830531446 677469095
1 7 335046856 835697631
1 1225 499667010 491221556
1 257 560130664 200224372
1 761 323483416 583182224
1 395 534864483 389091557
1 842 62009236 560302361
1 641 366420446 595365479
1 836 973241854 457691647
1 1923 832052865 395038636
1 1893 241820654 975137031
1 2105 125433309 70686860
1 767 313721639 418021513
1 1079 91435883 745549577
1 1300 365405051 146158157
1 1384 579876507 157880006
1 195 188552466 421302666
1 941 843772186 299961290
1 651 380731151 914332331
1 705 61844840 786363342
1 1429 204397573 856599180
1 1505 124045051 349033433
1 399 527368767 585937931
1 973 235806698 732424592
1 711 382031237 520365769
1 1979 993924589 596813076
1 1490 996560591 243060159
1 1213 720756173 21227052
1 894 23919729 623782012
1 1150 751367020 262222725
1 143 702777684 675647099
1 2019 212050966 99635465
1 1625 965942342 937952629
1 1307 576646720 567492737
1 1655 123100304 771930665
1 1289 940397970 918387301
1 326 65324214 559624782
1 735 67576294 943579931
1 16 40427981 344882029
1 725 785652114 288024055
1 979 189610239 544204033
1 221 944849283 284038187
1 120 704406276 100400260
1 2077 477583877 856024824
1 1745 175259919 189015930
1 2121 255808242 528606917
1 1780 846478122 126034259
1 490 277415578 889376575
1 518 70392783 841870731
1 869 661494685 640912456
1 1726 479993544 103265541
1 138 662128134 386971548
1 1416 406568791 717649350
1 2095 477949628 644441099
1 333 354763552 8470844
1 1976 817251688 5705401
1 38 303531390 117754323
1 1625 632665548 989987183
1 297 174462227 749499331
1 2 203400522 365134480
1 625 656932742 389619322
1 1776 222355737 651902573
1 1183 974699095 339986724
1 320 792568083 512926619
1 977 427617236 103417477
1 2185 551205431 916228818
1 1484 142071477 203054312
1 594 954535510 429585729
1 1026 729807273 599527987
1 2058 527919636 130113916
1 622 370795381 825162063
1 1308 70746189 609087322
1 496 179271690 83771589
1 284 78926458 849134585
1 1423 695593170 525812441
1 1445 831262571 11921230
1 467 950517792 529103578
1 1668 325136451 748268741
1 401 876464935 635090551
1 1516 260037766 55332006
1 470 685584143 392247101
1 336 627119980 89595643
1 1417 608217687 701916514
1 1474 144790134 623808619
1 565 613105076 28037384
1 1062 732904795 273372889
1 378 416330102 680439729
1 333 116700075 485701041
1 151 402053628 112419449
1 1174 259875538 23920132
1 1759 795817168 169323198
1 669 518664260 388556554
1 1996 448437723 473102138
1 2051 700088996 889607226
1 1115 716295272 700717130
1 1028 617551581 511038861
1 388 459492133 127965697
1 1927 292033344 616565415
1 723 980155642 605072030
1 854 412571629 772159803
1 343 243186827 574085712
1 560 617680467 181974435
1 2162 230746967 114937803
1 78 704409095 156785528
1 990 740016341 29384411
1 1765 299708364 515618442
1 1241 906145899 994710584
1 1168 961561941 910701196
1 2242 58242290 306873193
1 444 21635369 847419550
1 1715 8003546 436076876
1 1158 905696117 497649308
1 2236 616754679 495225268
1 1410 197875820 669995611
1 57 673837194 201117399
1 1870 798570078 32071299
1 215 220390632 908234781
1 1733 556681360 163358820
1 580 202973434 81840730
1 1996 104953361 421646167
1 292 381334805 858452638
1 1277 625023785 62632818
1 1234 303089164 532959515
1 340 303488363 419993505
1 1913 160190577 929405850
1 1566 481706439 762025246
1 1604 358185283 674261782
1 349 776317389 570919548
1 821 569948017 676273148
1 2180 671879234 908515295
1 110 843654512 556107295
1 316 184407180 767251150
1 125 155510945 406351393
1 1046 172719696 583491980
1 505 870574681 237675165
1 94 882735386 436738404
1 1645 75172341 307197915
1 2050 108489304 799271309
1 2271 976139687 32818666
1 1540 387992888 858999768
1 628 825066462 158174199
1 61 934898400 240858018
1 1087 58931848 7276781
1 80 23618692 510259589
1 1221 595969361 73476790
1 1186 479979855 397315893
1 1681 626555755 146515249
1 1489 120230837 232739635
1 644 413483145 487682408
1 831 102779966 384879504
1 1166 587431875 678639846
1 1319 842973004 246045333
1 14 73554914 130752582
1 1679 58235531 697987128
1 726 442272353 189576786
1 21 420758172 516496838
1 121 721385665 304541752
1 2109 116632745 544993861
1 1789 591265059 212963379
1 200 12556830 297210631
1 1359 836644434 731565292
1 1597 965706762 989658736
1 2002 735743565 62178714
1 1833 729106183 663882364
1 1370 253924457 95374495
1 1278 76807255 231709985
1 416 915739608 588493927
1 1026 970342140 262183583
1 1212 736382293 462484338
1 2263 553112979 612097954
1 96 732460612 716838784
1 1612 844247973 282662801
1 2313 508886053 724383476
1 2115 718569618 251616678
1 180 482575930 482931180
1 1648 150224613 267898549
1 95 685277661 695635461
1 1103 824719051 363638412
1 1347 617066964 425453554
1 1693 475952848 776746188
1 1234 835909116 661364797
1 1518 857809811 876352866
1 1058 199866354 111305770
1 889 175225178 766296896
1 2318 639909912 819259439
1 118 670464218 507758998
1 55 23063327 597514819
1 1121 570247414 45358787
1 1176 805767683 776184773
1 845 59496950 766088540
1 1399 254385885 57186863
1 1878 678765818 335640480
1 1912 948377271 390862861
1 121 23650551 426965927
1 556 402361397 456485412
1 91 265161448 52264771
1 258 866269090 866937425
1 2090 699987513 825259276
1 816 38301289 252213774
1 824 810429909 238547849
1 592 970136162 920658708
1 1069 821767545 787541650
1 535 178751096 564080790
1 401 651892566 288939919
1 614 638986920 622281171
1 1639 793074725 126039981
1 2282 587709391 360128678
1 612 466459986 621668144
1 1530 230686633 137172825
1 1867 118116014 365487607
1 2155 227550361 474680633
1 504 576722277 284860178
1 1193 279488624 613628227
1 1995 801785346 403750747
1 1982 736138361 616320529
1 1282 184232473 672272089
1 50 162823913 280638186
1 1964 276005076 540997205
1 1465 888298053 166623805
1 1992 21948649 47783992
1 1419 125658699 970842863
1 2122 472416627 718732667
1 1774 269314423 957899678
1 1210 390835715 457785596
1 1870 147633090 510259409
1 1982 396568826 372356650
1 2079 494093926 526081831
1 1344 588125946 665282224
1 2295 492590972 698657226
1 2372 738577350 443182320
1 1854 668096037 721810688
1 2254 284447810 200940580
1 1281 541616627 292504255
1 213 928398769 332880750
1 52 608638448 622336241
1 942 697072027 997887203
1 1976 336502812 758845097
1 2249 305796920 118168611
1 1352 196135552 53687633
1 856 980082052 506684672
1 11 472183194 753789105
1 326 548969377 940298985
1 855 86797064 330449517
1 1869 678697101 601530796
1 1990 399870467 787012993
1 1981 747248304 396913143
1 2040 461490904 587362938
1 1702 592961871 439217759
1 1336 633640937 620200750
1 1462 675334414 562385343
1 792 843478910 842042526
1 692 690870741 495456164
1 1805 772455137 904118414
1 1929 535548087 683873404
1 2313 156933098 335297947
1 1388 77423326 213197928
1 441 335700172 494168141
1 1748 865919700 422536140
1 1807 696275152 323559212
1 372 143985727 326754830
1 1889 708723822 680487261
1 872 67668733 196050960
1 1153 413928619 472799591
1 721 392423737 29073107
1 777 257296842 289579993
1 2092 645415860 965681234
1 92 3213853 39765752
1 1886 43042916 828560356
1 1062 442698163 196088708
1 228 358373268 948333800
1 2003 402467245 631737438
1 131 506804407 537727461
1 783 414539007 814068409
1 559 375252333 158772157
1 1512 336984495 522264012
1 104 156236537 482825650
1 565 939035918 385192140
1 1834 56332358 11514397
1 1045 470536779 330365306
1 2205 88942568 498453938
1 1156 248076629 365860828
1 613 659389848 153113031
1 2088 306361360 634116321
1 130 578498750 873721712
1 640 302504120 999792546
1 832 541067622 890229615
1 448 488887750 773887543
1 1893 111900644 562419581
1 414 647653223 542355920
1 1559 794207516 76444326
1 1436 910094350 614165687
1 2163 167732113 458868411
1 1065 940024267 372459188
1 1895 353255321 44301767
1 2275 634650962 126144939
1 193 738828043 696092835
1 1632 193888923 118126259
1 1910 904360219 783831236
1 357 793942958 871165180
1 2239 480356159 275382949
1 1998 603335585 271533410
1 1639 854631598 279108360
1 1993 943868019 857112444
1 1839 647972346 297493185
1 2198 214854790 460240041
1 1947 755741235 106745441
1 1169 754474226 626171508
1 1731 581460297 531592102
1 1032 805830706 251367806
1 165 996224230 340207250
1 429 151306231 497973858
1 2250 115525547 42954555
1 1154 581120076 537344734
1 666 553231815 303937010
1 1959 313987660 306455090
1 2448 978812097 701172836
1 1607 873500038 399522915
1 1421 172479819 496619237
1 1684 395091512 652066100
1 1402 421924435 994128252
1 518 69927723 865292522
1 743 536733685 986289410
1 126 449497014 869278450
1 672 108098255 614775673
1 1834 598780269 330059619
1 25 137341960 72708492
1 1609 711628226 109042652
1 1756 811345314 312642536
1 1370 709012479 261973015
1 2125 728508035 36888905
1 418 447205493 658011275
1 2419 607994715 908639138
1 1471 652086543 503016354
1 2485 729619419 354688030
1 646 620050431 232870277
1 1698 440703749 516029017
1 181 671556411 343879461
1 2470 154925505 101234827
1 972 881329043 156300656
1 654 168170905 268726798
1 2336 913744029 810723473
1 40 110323517 291866561
1 1695 316892934 653023291
1 578 158300384 419868909
1 1412 684881465 767829340
1 754 231002646 806569727
1 2427 709901399 120121191
1 925 771608656 79984347
1 1689 329095735 440663868
1 1441 23903626 283649713
1 1395 343923571 216717629
1 2276 365331207 399371246
1 1156 117807225 705214185
1 1489 628626081 149572765
1 2405 226705462 376302009
1 467 933541144 832598160
1 212 230159086 347716054
1 2339 828212462 253797254
1 207 732724635 674634460
1 502 637500552 498575103
1 895 663553845 916400686
1 852 509860228 622108895
1 1225 40976550 791327135
1 135 804669198 382412087
1 519 514156652 270419234
1 2356 976355554 68485429
1 1833 750861431 415777928
1 1720 4332523 266246865
1 1742 696298660 992436433
1 2119 479858319 752531388
1 785 828486244 579731166
1 1537 655176197 141397762
1 2441 537524728 486526010
1 2031 405414867 705445069
1 1906 659293427 537407009
1 2250 669480120 427732320
1 830 148217428 907544240
1 1331 752269526 748784540
1 1832 595928364 564590481
1 1305 867882218 365854725
1 2359 304973683 569945389
1 720 408049294 872277668
1 173 452947855 169868146
1 114 488452459 378161963
1 1279 540647365 441005845
1 1927 876713925 92195361
1 1965 65261820 450983182
1 417 723549160 971131460
1 680 734524477 378349805
1 207 180257957 249480655
1 2100 237950450 594298334
1 1168 457205808 686018396
1 1792 573073919 481866193
1 780 54290577 811229286
1 592 305823050 282559769
1 985 535204849 237536608
1 23 958706928 930263178
1 1363 716918581 823040329
1 2285 846913482 348791540
1 1281 32713259 462492357
1 2389 699219790 413738155
1 1760 287551778 123865169
1 952 776664011 890255266
1 937 233747902 87999761
1 283 478881561 577513150
1 1636 730672884 855624218
1 883 539915740 655126080
1 375 201987699 269566600
1 1736 57380890 260028445
1 2441 89428199 250847765
1 1816 852491408 955996567
1 2371 908226428 445836680
1 2435 605924544 15529230
1 367 788410734 879279919
1 439 852981858 255083644
1 1790 620492322 92154600
1 2188 158058816 792780979
1 1882 497086484 417677995
1 2455 352643599 985084128
1 158 80226502 8067011
1 2324 26041950 7405096
1 868 13773940 375002661
1 439 361777459 685024787
1 1505 304707487 662721675
1 956 735155499 795032559
1 2406 617349089 279244750
1 2512 212218322 346113280
1 483 617765428 468144355
1 1162 762167604 815285032
1 1766 340237661 447225102
1 1197 102831104 187828732
1 698 747274566 22821892
1 751 93875199 572325759
1 696 429377668 595710291
1 1677 178863140 87519934
1 97 669627590 534048779
1 1703 163270963 129264480
1 269 198331646 308156519
1 201 829993950 342930069
1 248 734419649 114415708
1 858 803110041 264293068
1 803 182555610 311654064
1 2300 271724194 627989795
1 1533 489821668 343996469
1 1978 901559039 429522487
1 1055 708197759 242196401
1 138 413847305 945399346
1 1810 716245438 902215290
1 459 938464959 279325422
1 1815 651733266 709470369
1 61 553382258 531530641
1 2587 430069709 536336100
1 1544 39105446 200903963
1 2406 502683674 571871452
1 10 280070494 531951062
1 799 794066761 117797908
1 677 775668914 156888217
1 2160 74762250 795293713
1 698 802652046 5185340
1 1812 216482474 779986181
1 465 474290018 598942197
1 1096 800163255 252311802
1 1481 759753681 698205068
1 2159 360667961 507099651
1 1495 482171721 679666254
1 1289 216993354 785449928
1 878 343856566 363849654
1 1529 482876430 504154887
1 311 468628856 530815215
1 519 179372368 813173288
1 1449 806269146 444173978
1 1311 295554208 732329884
1 1224 32106015 405306924
1 2591 503976114 269314415
1 1659 689587161 417269090
1 641 42146167 422034240
1 1362 152599772 658762072
1 1565 431756711 371808912
1 1796 429298822 367807740
1 2305 89974584 435883391
1 829 740259480 123432464
1 2171 271766023 234462631
1 1377 491958577 885339264
1 1351 917502782 513102707
1 1020 783656303 924125712
1 627 234702350 469575093
1 292 371588143 836815600
1 2616 673655943 783258197
1 1263 487566895 88555340
1 2488 773138846 379854744
1 650 92527670 728044120
1 2158 476890226 682681837
1 619 61629924 77119408
1 181 909166313 861970441
1 1662 322083602 68470187
1 1690 568187384 667845167
1 2069 348189558 330242104
1 1217 863783107 846532113
1 2490 669016109 924292233
1 58 174724363 395635164
1 1416 559788295 688753459
1 1835 701786885 3104262
1 1481 513178423 738073827
1 1401 76831884 400176095
1 1110 229357394 764354552
1 2510 725086196 621987363
1 81 248165496 753139132
1 201 71010632 106563444
1 1704 901729852 775159557
1 1899 123518262 332877626
1 2051 588845691 850678422
1 2491 194323512 517282106
1 833 219365740 981755124
1 275 708654006 998559966
1 1723 238026280 849672156
1 414 572291162 597831050
1 1932 745693748 292233776
1 2175 213875281 182574175
1 1788 38176391 53456841
1 1773 348924954 672365231
1 448 392804896 243318470
1 6 127063453 844273404
1 1406 871863723 349197243
1 2257 997713422 973458161
1 1758 503272619 148581436
1 1734 926513696 434242465
1 757 487180729 474484987
1 1809 841902779 812321440
1 2077 524074763 140863456
1 1899 998121030 468040954
1 857 305082519 359777719
1 2105 469221893 339484229
1 1982 876214690 37593119
1 1947 780972873 281136354
1 1107 679874868 840259181
1 686 246312834 938185890
1 2624 314711983 686793591
1 469 199801043 763960579
1 730 131560509 772269226
1 2387 299322340 134973803
1 2220 617964522 365269954
1 1917 252159307 92421620
1 1910 498651983 82807189
1 404 564840137 175515337
1 1210 218807177 378333311
1 279 905474513 948235287
1 1514 466550755 315919269
1 122 229174826 26542570
1 1137 207418815 503793670
1 1163 643108064 274439322
1 37 124640246 795590364
1 389 188742549 635108536
1 2271 510001650 552776522
1 2122 215214856 154138487
1 1896 482843473 934736367
1 1025 184444520 909355843
1 2414 134490229 332321250
1 318 676921034 548204520
1 1 285317227 132973014
1 2270 302330495 167675675
1 1428 25912317 98946889
1 547 18361386 113606747
1 1152 226032189 619526946
1 2680 450210500 782469568
1 1396 750973275 87515780
1 449 398298632 109951351
1 109 338009899 795147876
1 563 441256051 373614667
1 2561 56751765 560711724
1 328 609209677 89783035
1 577 342310492 517808643
1 383 428396327 215331680
1 87 563223980 419591921
1 1531 125296409 50841946
1 416 691343161 537929120
1 878 637409853 231580926
1 562 80612854 544728705
1 1247 339115548 214735974
1 2533 211472870 338397036
1 1285 490898964 983924271
1 1590 931562670 386306957
1 700 377257088 519585520
1 2230 983379408 110552279
1 1656 15138074 133614874
1 1396 543611190 617379073
1 40 819966778 296497654
1 846 10483877 644567015
1 1156 703752760 976807080
1 394 120012988 140544286
1 2505 871766222 50206152
1 609 432590604 174436148
1 885 460482938 594956068
1 2702 208735446 860224302
1 1222 995966707 439054004
1 1524 452236587 953291586
1 589 943813421 131743539
1 755 20794631 625674178
1 1442 135309882 70012063
1 1616 354369244 970637864
1 1061 891646931 811117496
1 2288 769934138 713414463
1 1869 918797439 363459957
1 2312 204098001 416190235
1 693 804996509 274743378
1 2142 249856654 725163879
1 490 999495901 260836073
1 2754 267509136 382368580
1 1293 984173629 14234480
1 2645 836164242 78618969
1 2669 830965378 842688641
1 1586 323064274 905102352
1 2256 695266976 373386109
1 429 209120424 196612640
1 1363 250775387 4104111
1 667 298377015 231378000
1 1670 135375512 983269814
1 2275 222229244 279450222
1 1615 90555087 677913573
1 650 62633318 73228701
1 927 717450447 258356813
1 2732 290248080 631784643
1 146 636037332 263419229
1 1297 689031367 811451692
1 1723 216747825 485512572
1 603 470770362 849921644
1 1510 330777426 379950471
1 1211 480883676 51866132
1 2325 547952624 840952211
1 1450 735533960 307126046
1 2337 918860489 760606244
1 1281 217024996 232839564
1 1840 950116563 506098722
1 1235 689052757 352831851
1 242 776438317 128738435
1 202 193580140 470978049
1 1324 14092438 567827790
1 2297 175604420 605759379
1 1555 26404805 239340219
1 2433 485979609 324892261
1 164 586090892 934828021
1 137 387062711 129864937
1 2172 259884819 372664733
1 411 421002115 846517923
1 596 891867779 203217902
1 1115 19283122 504179775
1 2719 339971576 240523773
1 2363 218657316 678782197
1 19 253284553 581139172
1 1477 517038599 391088072
1 1979 226308716 372828509
1 2782 385723723 734228422
1 2400 364524424 331537993
1 193 775802469 160008060
1 1724 811480914 691464558
1 25 803825166 575657454
1 1452 178946776 307150625
1 2083 592397986 328977162
1 862 134039796 476777143
1 39 319175046 243203868
1 400 96357880 477301205
1 481 426901927 7062534
1 107 451037559 861244362
1 1432 969955332 11225001
1 2035 402995320 102110899
1 649 719843851 894763630
1 1871 388387827 582393887
1 1138 161953751 105049950
1 217 368788171 510892451
1 1925 876285304 170186103
1 2811 326780262 24564891
1 2423 887691328 429492237
1 322 661887767 83689134
1 2178 547398726 371801387
1 1859 6975973 184105798
1 2636 963739996 31945824
1 126 476058160 647961121
1 789 821232086 75755528
1 1004 301220519 664686724
1 232 559988670 382739766
1 297 257273878 31902113
1 1308 560150127 757818936
1 1411 101945356 82049855
1 2688 377859890 204925435
1 2080 789736351 713369847
1 924 760925135 878869293
1 2122 666753310 283724000
1 548 81787145 730917363
1 2053 396476287 174427747
1 2523 793639931 958394476
1 2099 425895431 374857066
1 2115 539400548 758448397
1 2333 726854320 865712813
1 699 41804958 483033741
1 2450 593703002 517368031
1 2537 366328418 123533748
1 1206 690394937 765700606
1 153 677625325 366862534
1 1563 910929675 40269705
1 2001 785020319 918099
1 923 921179169 21001603
1 1739 214311047 27462022
1 29 359159947 465161606
1 1975 305595399 741311419
1 1495 761122820 425467817
1 950 53363950 843887715
1 1060 131809108 284057199
1 1022 65432983 404486832
1 330 838445869 778068940
1 2041 245856336 968972319
1 1421 585391082 204249475
1 1907 131491819 427281479
1 1285 600191516 115137263
1 845 402926593 462870689
1 140 223136888 10951644
1 420 952357921 459930276
1 1080 278808341 349863047
1 467 811937174 689375692
1 2416 117352646 515287156
1 2252 601310180 141666775
1 2480 658755052 884096581
1 1031 347440930 788649513
1 199 891739782 557414576
1 1492 273912169 873194569
1 700 433027694 768003017
1 2803 820193679 861863330
1 1369 865877278 356363033
1 938 272911160 571540045
1 987 262149625 837633224
1 1580 932601147 981396341
1 953 669439562 788054635
1 235 752433706 905256794
1 2671 420642315 721102799
1 107 253305453 307666240
1 79 989692830 119901034
1 1725 398124498 119082645
1 2483 537589104 567389278
1 108 994133559 212764601
1 895 175363859 507591234
1 2636 124641816 907114024
1 36 27356508 770668117
1 1168 103638872 736529466
1 1244 697212969 760992323
1 1859 171083252 919465957
1 1821 115145954 310081102
1 429 432424965 929198861
1 264 884421423 665373702
1 1605 535686958 585199912
1 1123 342238335 790287788
1 1693 160733790 296815819
1 2711 964188741 866381975
1 2867 292591382 786619419
1 1238 885570025 523279628
1 1426 8988202 264760002
1 2293 40103763 627276908
1 2902 734953743 512243396
1 301 115098737 63019170
1 2001 186167571 814892743
1 797 637778915 929270278
1 2724 616946197 678028399
1 2764 123382340 926488908
1 586 894008112 289044385
1 1311 990636980 477071125
1 37 877819642 123489294
1 2028 933600217 865834018
1 351 871129144 742701939
1 509 454741888 765226368
1 1200 485358405 830288534
1 1587 921522887 267694343
1 2856 706752931 132237518
1 1239 543122967 327309492
1 2090 926327083 520985163
1 2110 297686387 97455863
1 2570 135027698 190907041
1 2800 101595993 319781764
1 210 67916148 326019289
1 2573 352241163 962103192
1 2897 753966697 762713959
1 1671 336589768 684227174
1 2878 992899603 743155049
1 2257 834589758 901389065
1 2214 184896571 681944600
1 130 501460806 346171323
1 1864 721235527 987499519
1 231 810906086 74031184
1 1028 508773049 957304704
1 509 472276817 981679890
1 2571 850961742 867392561
1 2279 767100825 487490836
1 1675 498977317 274121693
1 1627 706445273 401673401
1 133 482407616 473025671
1 1341 578184536 993696076
1 2338 104979048 72855493
1 2001 58458409 763070370
1 1941 711073959 845454731
1 1679 97517318 61371852
1 1588 180343240 137533412
1 1215 487548372 612590421
1 1200 756816736 126363674
1 483 447873458 402193608
1 2348 851323645 54980086
1 2445 700902532 384875538
1 73 894530639 826005416
1 2582 720290755 185876883
1 758 118170329 200452199
1 1187 867478503 276780556
1 2339 262033268 695751519
1 2181 901114767 613910457
1 1935 866674498 538775485
1 1235 139479003 47532953
1 529 9465170 870295221
1 2019 230805712 696738957
1 2670 301094036 618111663
1 710 613088800 301443464
1 971 627372533 575200859
1 2850 312531297 130985168
1 88 91543007 426816297
1 2341 64138194 275113862
1 1495 359578527 205779874
1 151 688339395 20792937
1 2584 238048368 644880411
1 1119 669586725 3057225
1 1814 743825603 101038776
1 973 633095306 716025461
1 411 22069896 947931561
1 829 233621156 371508972
1 2455 199179981 895871566
1 2483 763047652 143230740
1 2539 626933948 281394532
1 844 262234799 696623482
1 1680 764808855 5459556
1 2318 809575570 310968210
1 302 46512676 467515943
1 1163 786841324 98647097
1 80 55966260 85373296
1 1167 966957544 3611820
1 484 205557405 17279747
1 1806 848636141 626545582
1 1757 976326170 657785728
1 1457 609071657 134802283
1 822 803248679 218081740
1 1773 783500730 328245194
1 2295 741199410 615968154
1 1834 975453070 558018488
1 2601 391582679 549716113
1 2689 176371773 463705497
1 453 634692545 714227500
1 623 351330187 130620338
1 2515 269422358 36882265
1 1601 285433525 533221232
1 39 181661954 440990524
1 2728 932650403 994896043
1 699 32392445 536907635
1 2424 90097669 322535526
1 1634 952897802 135899780
1 2506 38459965 877365218
1 2415 390646053 731990336
1 866 823932340 332832984
1 2598 424658931 869706205
1 1170 129498290 778587480
1 256 532568749 410229606
1 758 128417323 297335760
1 1318 3802605 785815941
1 476 493890063 112600054
1 1151 526488687 251271443
1 594 808735476 420380290
1 672 314634749 318021789
1 1014 870706553 804059066
1 2469 764367676 543057488
1 2555 715977866 263309721
1 38 106609320 60406849
1 1387 936689593 557864776
1 494 254401592 571296863
1 852 229880791 109895199
1 1720 426754373 257545836
1 2458 54227027 383929020
1 1219 316816441 678196984
1 2149 716982822 513108571
1 2590 675960300 732027976
1 1008 518836940 265257892
1 2466 162859749 555503377
1 499 395363158 343230748
1 1252 174527320 905578642
1 1978 24792968 477754946
1 1955 466658649 782973282
1 1694 986656646 39529596
1 2927 512294837 118603075
1 1557 143761904 333649535
1 1573 123784692 765461291
1 2620 830661908 69649048
1 976 577891504 253486773
1 2177 20837157 489982861
1 1454 469023104 162457770
1 289 340159591 481146265
1 1484 656659360 300278297
1 1177 975477992 199252141
1 1102 968720209 875173447
1 804 562430992 468066585
1 55 672264671 784243454
1 1848 261996513 40792305
1 484 68812517 426537983
1 647 55004943 160126827
1 2355 113077524 947235773
1 1817 909019661 387076866
1 3018 945150068 455486797
1 1849 221985410 306762247
1 809 859855404 695340908
1 186 208314607 512913107
1 2284 296394647 642761488
1 2816 731882846 238174329
1 2468 458752257 682330855
1 1228 955459611 813469110
1 234 655907207 891211057
1 1632 338379325 182123138
1 1237 46387528 654984112
1 2572 936062661 436756986
1 2500 668757824 256300514
1 450 597729305 398876160
1 2244 979669928 89576041
1 1714 989439848 689581696
1 181 546783287 240095237
1 1657 420127918 454341168
1 1318 545932038 647576048
1 2960 505756112 968598340
1 1266 804491201 934617996
1 2401 413348078 838232089
1 2537 316882471 41177011
1 2492 345255660 197150744
1 927 771481947 721107350
1 463 612080527 437589767
1 2338 215914790 58221781
1 2218 463415969 63763699
1 1291 552256457 530186753
1 3030 320909960 949810144
1 2701 713612351 593855875
1 422 761793360 789802714
1 2855 665261318 951784532
1 1253 942240258 677032717
1 2929 174249987 366176201
1 2056 729822970 834953168
1 3062 997239504 367437639
1 802 434317629 412789268
1 2625 403784740 58918492
1 579 482395296 259634883
1 768 466301284 775459224
1 519 190739506 65248053
1 1295 981034208 438694168
1 554 412511687 752799938
1 668 76628163 153838702
1 2421 330137615 198851762
1 785 338288792 719791742
1 2131 701565966 401586720
1 2906 604591492 955786730
1 1473 510612609 599522016
1 890 923884937 469744407
1 80 737361684 331412071
1 543 796642761 561475332
1 536 235525772 31917859
1 296 363633382 939042448
1 1191 249375211 856390896
1 2951 954863273 320114887
1 2368 935337537 572082079
1 2617 776991998 841984975
1 784 589254114 720137125
1 2335 725791878 563307524
1 55 208999913 385320750
1 2002 574496698 855722062
1 26 778092210 356342156
1 337 551297474 579754226
1 397 738440191 784378079
1 2276 85095013 411024380
1 88 488029166 257567580
1 2957 768969640 478840339
1 1577 620237377 530108643
1 2631 47282396 126083017
1 377 742476598 492852882
1 1832 89389055 768454248
1 1161 539549165 56972287
1 344 756713362 251054445
1 2205 108446542 941018432
1 1510 40626968 907998689
1 2907 6450373 820313272
1 2007 384650631 372140451
1 696 605852534 151534291
1 563 919647234 155549177
1 1147 75751358 192135477
1 2041 342888310 834023815
1 1811 298215956 242298470
1 1249 935177260 182336066
1 2930 50711457 101607341
1 703 962624202 509965251
1 1138 503305677 427825729
1 2632 650057498 603936910
1 383 629893818 246359747
1 1221 455712869 2450206
1 320 21755494 563533190
1 1861 97920262 442025011
1 1088 151280140 943564779
1 648 533154737 694874769
1 2704 597457231 632265382
1 1212 188174984 635861365
1 2640 660253243 133440997
1 2088 369041457 769330837
1 2631 753204401 167591032
1 528 31684273 214359363
1 2687 293530567 832584543
1 250 480636627 400241524
1 2926 442402709 588978338
1 783 498562977 300875981
1 285 474520675 230526660
1 1122 145384035 921958658
1 1017 953060474 961157093
1 2610 558005698 582635872
1 1891 16332675 269257328
1 1060 247594435 500752629
1 382 244401527 388610853
1 706 542926874 718492762
1 1167 959213137 951186141
1 1537 672186741 351622073
1 363 32833343 888833341
1 1539 681706745 295756527
1 528 769756576 880712423
1 482 963788437 844236508
1 720 866812437 23930731
1 202 509538509 527984225
1 3161 599442312 303194970
1 2460 586170109 631623373
1 1838 807762573 150852454
1 321 657411212 109376998
1 712 49586868 924550104
1 1114 497671172 523790262
1 2717 347140622 141025129
1 1364 933082750 516834860
1 987 285305757 664554518
1 815 78946190 965329980
1 3043 546912945 585971690
1 3057 372994919 395646981
1 657 249813680 490252805
1 1674 826002841 908287431
1 30 279680301 218869773
1 1597 626334914 332360327
1 647 180055365 603472359
1 1052 555245237 484050602
1 1424 64551492 528068150
1 1012 23645568 167588320
1 2651 533317603 630074461
1 2963 962873680 410069832
1 696 221733903 623886298
1 3142 211668144 28621700
1 2341 186973213 464277477
1 428 333967288 110981643
1 3066 66597356 945885921
1 2733 659087174 336170381
1 1536 59739631 123057793
1 2231 583466012 123148423
1 921 565204721 95463573
1 1717 331005320 946266969
1 1820 679861559 589627239
1 584 816107645 565418023
1 1056 427241105 815921015
1 2546 345922703 360106343
1 657 858933824 991389729
1 3108 152940958 19735142
1 496 685917761 546224901
1 1263 556707770 430565498
1 1468 853019918 355465206
1 965 929089553 60676837
1 1585 517795854 809283247
1 1634 752314597 862852003
1 2379 281669897 74972006
1 455 673826030 694383926
1 1793 129564687 563563337
1 2008 2637765 643897722
1 2235 493871369 800673525
1 1583 948190281 683091493
1 2616 144987257 85557893
1 221 404411717 904778045
1 35 57609603 815012458
1 1053 412579150 938629198
1 2359 874338365 999730671
1 2459 567969569 203157571
1 160 451906217 503913492
1 2188 199350495 60935151
1 2669 408067126 647340132
1 3101 263932394 765251987
1 1592 994266470 969276085
1 3214 557568505 715487602
1 223 703871241 757584399
1 1740 744430998 224956218
1 323 810792597 750046613
1 1402 132175765 142862979
1 824 815042592 337681886
1 1978 557799819 950373812
1 170 713374631 209164312
1 416 441161563 122183717
1 2668 487298979 93355123
1 1000 154665091 949265231
1 1568 462793582 915334167
1 1609 34667851 496748713
1 1200 564349785 540806180
1 3233 554609884 511555406
1 1661 939281380 426454488
1 1043 694681263 871311512
1 2105 267260667 284719869
1 1800 165222855 831987759
1 844 949921030 721738192
1 963 874951097 287582160
1 2969 198842523 472958901
1 1465 297021497 87381470
1 2848 560835351 527128344
1 1303 872220043 520960526
1 1441 678910982 117957084
1 2361 218010027 540676445
1 1490 72075250 113098304
1 730 468495725 795782804
1 795 844850088 166004
1 1487 904681683 345489896
1 1154 136517125 147989903
1 2925 988701241 344820979
1 489 194180784 613173675
1 1545 409137647 560765107
1 2838 100193888 18696423
1 3166 896749973 304484644
1 2416 843080309 752188300
1 1881 85675570 704239067
1 2083 505117627 533718481
1 1318 607957360 891775357
1 1010 248798495 954760524
1 3265 174474378 566628781
1 3114 122697363 72428412
1 729 725618929 647734203
1 713 894956755 944638207
1 396 123940073 901254993
1 2277 27436911 820023946
1 1455 794660209 371914421
1 1164 257979285 386916761
1 3093 973557761 905059949
1 2491 707528815 894342503
1 1938 884494499 727930908
1 1586 108116687 261257225
1 1895 982947823 189027803
1 2906 295790604 181245617
1 994 504619737 221967206
1 2701 804521222 138399632
1 1257 486575566 148554739
1 618 617566154 120504372
1 383 811815024 3510222
1 3270 208441902 413396074
1 3237 428061928 494177273
1 208 434665223 887023403
1 1966 649253755 536393384
1 397 571948759 813326300
1 1519 474400754 637983299
1 728 363375676 778924953
1 880 369918903 194354735
1 1643 276442361 724554129
1 3147 572042432 825166853
1 1787 761201896 42697876
1 2539 445277886 175722903
1 2000 263757987 501378918
1 1239 341360061 783513781
1 3248 691820226 871618417
1 259 808158769 179837332
1 112 293773968 79455805
1 2115 739135489 576460164
1 3288 129500780 299322751
1 2342 39739754 413643263
1 508 64950359 811933247
1 3101 166612679 241635130
1 2074 607300253 634545790
1 986 258406710 978084808
1 1634 690582744 593569576
1 1092 495377925 854358700
1 973 840835818 983690731
1 2389 218676284 799930314
1 1473 856398875 305891676
1 2060 746453361 547036244
1 1910 540880584 948968252
1 1977 412354488 156136218
1 2243 366898210 483064765
1 3277 695091625 219816982
1 2862 624062147 926860860
1 2264 920800285 940896778
1 1453 755667098 749715173
1 779 936566389 442629752
1 1708 198531640 766658352
1 2700 174628381 324990719
1 3004 386733137 78461125
1 2199 850895227 550664957
1 2171 210531122 924308922
1 1967 278550173 131359268
1 2565 782952748 599875899
1 855 956860811 927479881
1 2010 497655070 646930635
1 1512 172877599 888446946
1 1067 300254176 468881105
1 2867 375697323 741382517
1 2876 782318545 631798755
1 406 194274290 532477322
1 3308 483823304 804038181
1 2951 591851643 820325234
1 1414 320213131 669996317
1 447 260035295 197684943
1 1833 903864064 73736399
1 593 467292091 752034731
1 2977 354254734 994168245
1 2302 321001124 481917624
1 2927 195075381 613839091
1 1721 477562605 778137569
1 703 144158325 347547717
1 500 944433859 344110420
1 1411 750831598 419735255
1 172 910020927 570869149
1 931 347573779 80458882
1 1570 754025192 860162109
1 3120 264323296 398528791
1 3087 989358424 170301489
1 953 814355283 510807732
1 1788 813851877 5455549
1 1292 766265226 382867828
1 1081 658540565 111456607
1 509 716944753 579365630
1 3340 782165425 432062074
1 2211 983416027 639941404
1 2150 290625292 401160980
1 2370 418596062 117836638
1 3104 747614470 383239430
1 1520 341634629 19285743
1 3208 378618028 949524121
1 733 509994111 878172400
1 224 651751458 92863733
1 2350 833864859 68642456
1 2535 618486601 364631082
1 3183 871191934 471865029
1 2995 275267448 852597622
1 1598 24838037 92365222
1 3081 161678067 169223187
1 23 336337592 773196803
1 2804 137811167 649892335
1 1771 460970320 100094350
1 2558 244250229 874619840
1 3197 399408259 435541289
1 2075 293428146 144773121
1 2379 224939314 796496297
1 1621 993931248 856537662
1 1504 651977296 138651009
1 1741 615329199 501197096
1 1789 94959824 53803460
1 1165 88371676 927497017
1 2541 555867194 821775608
1 2065 628111389 605889801
1 2512 460382034 749227965
1 905 168569777 360410521
1 3082 932592798 131085285
1 585 383210234 245393653
1 2056 805142771 48746377
1 1773 837682951 461873726
1 1772 443657173 175342537
1 17 523818666 304267480
1 2896 758445306 675386499
1 1985 139798879 590124797
1 3261 324594525 366759917
1 385 521851751 436258986
1 1606 470040637 992092908
1 1470 301032371 910005146
1 291 480444561 423026988
1 2947 884309230 571419329
1 410 211748353 37249818
1 1990 191687311 826893002
1 1975 757540421 48287112
1 1455 983765719 55573498
1 1322 798232046 138377643
1 1327 553658687 51128918
1 1092 863101523 106198092
1 1705 956502980 637875423
1 2688 600071901 821655717
1 3259 546985547 201688536
1 2524 276379872 974299409
1 2116 263581601 706852112
1 1402 354045969 868222243
1 3263 92814139 401737348
1 969 616759620 553768997
1 647 607096708 181516290
1 2677 646625321 110777978
1 469 195811070 262102234
1 336 74924698 714924161
1 332 217470403 869124616
1 1029 351835951 337964236
1 3128 150914064 509404181
1 1538 16986834 537216433
1 3055 542459566 211320461
1 1798 334866173 194295175
1 604 598202656 387640437
1 2629 822774766 534491780
1 3418 57337349 21826002
1 2250 370714881 799225821
1 2404 610458922 986249017
1 1561 104009789 675086455
1 2030 717375811 523708482
1 1434 208327130 321569956
1 187 369034980 1458349
1 1399 794014264 140838593
1 830 665106639 70935683
1 1104 892866371 639651202
1 2110 672401163 723574487
1 3365 930329614 46681430
1 7 204046242 537535441
1 3106 719291301 4743345
1 3437 327917974 210817029
1 575 88742075 87091032
1 867 25605697 738916615
1 3132 49259406 254401091
1 2984 604189442 599761892
1 1332 152664570 30850912
1 620 493449638 252316511
1 2879 790591714 83641109
1 1609 48963539 504432925
1 2130 716193946 141293409
1 3385 151802379 796687252
1 417 202809830 634437362
1 124 221729829 672903911
1 982 878078596 878668254
1 2115 607661680 308456699
1 563 70532065 454763368
1 1679 225535677 462107268
1 1073 560719262 449201997
1 3133 223909112 15736815
1 2741 234862572 517994835
1 2292 566577584 622587195
1 989 785977390 780203961
1 2698 183991749 165761609
1 101 8819197 816674412
1 2468 641868207 559912147
1 458 631659684 157960266
1 2995 357513501 866947163
1 2502 618651357 395976691
1 2931 441607468 642357235
1 2017 111452248 531389063
1 37 762635197 736436596
1 3339 124632252 147749525
1 32 585192244 739822253
1 2271 232986490 258393411
1 2901 78800337 975769430
1 2669 627983654 399343216
1 2748 381017482 500627345
1 1493 915711408 340356699
1 1134 778516495 909719988
1 1069 692469642 439277421
1 1578 401401679 831500126
1 2660 907654059 6795
1 2925 298519246 788874942
1 1801 924670397 916806093
1 125 43379571 829472184
1 499 942072470 617615805
1 3336 750899623 32366034
1 293 505016361 607064743
1 1244 962165762 469103293
1 676 171221760 554968524
1 2829 902844065 426133042
1 3307 759339702 32056957
1 1095 686935956 585278961
1 3372 896534326 592120794
1 2920 585006798 25962237
1 915 560606177 752245437
1 2021 201769780 443309627
1 1319 858394397 608961829
1 3165 545823160 938472015
1 2576 234256901 727965881
1 3198 245113231 651337963
1 805 726432890 293704133
1 3036 462998465 680411846
1 1555 504554695 317027788
1 3059 310962617 620148244
1 1623 653426932 924218146
1 983 735919168 637324564
1 3198 637446423 123025503
1 181 78359429 904616756
1 1243 536687967 973846568
1 2493 54273042 925696731
1 3346 999756878 783199238
1 1715 805202708 1851375
1 2029 234975554 702237531
1 1311 447280485 638751392
1 661 579291855 868008633
1 710 1494446 679780569
1 2606 810730927 121030133
1 1078 436400360 134711147
1 734 362858847 555126278
1 1155 524076298 535981713
1 1458 701981540 289271308
1 2271 537525432 360220278
1 3344 249137550 423134413
1 2908 273590361 61923527
1 3350 235493877 964665666
1 2127 879413528 616642437
1 1241 803660984 535953035
1 1692 618632810 651613589
1 451 239978006 828422701
1 788 676292243 834585026
1 3181 133669063 8713883
1 26 135214648 951354380
1 28 154916597 95456087
1 1372 963643473 182583024
1 9 684804683 240208175
1 824 429537275 795642305
1 3213 709245552 809240975
1 3453 499122062 869887201
1 283 334731952 220473430
1 2654 51824349 886977451
1 662 569486989 553226687
1 897 270618363 52660571
1 456 801343927 652344140
1 2255 352621033 161651076
1 1757 96181507 271166710
1 3490 337005832 238873705
1 860 360791106 937480760
1 1753 820593666 438229464
1 3351 694803785 433656887
1 2035 638154514 457827979
1 3394 93581108 438915473
1 1240 656261651 292151239
1 2559 201422300 537354460
1 1868 323378177 526334734
1 2401 117109221 74735838
1 733 416406934 451819221
1 1739 875479125 125537632
1 2628 937346680 488666520
1 2839 73143137 450859030
1 2059 3882220 669187352
1 2012 67092999 26461669
1 270 9980054 50542159
1 2573 900837549 885357437
1 2834 225654903 553705685
1 1462 381314641 494075910
1 3053 304891630 526170700
1 1278 553697271 846850717
1 3142 239131581 636986204
1 335 447209141 767576060
1 3529 829184741 881923652
1 3076 178394459 211512460
1 1365 256290939 604516717
1 374 686434004 624473546
1 1257 400084902 227776481
1 2618 547041568 579161132
1 3381 284756787 530202806
1 3117 622490935 425919380
1 1371 598752961 15134552
1 2980 721426586 388561023
1 1318 21762531 916239839
1 3563 458579749 792754622
1 1085 751017093 283172698
1 3042 292394392 696557001
1 3038 132872692 328104884
1 3518 541109376 545681511
1 372 32538185 224605059
1 2920 304504284 981833515
1 2564 261790527 275167204
1 3281 933620688 584103275
1 2287 225262585 906501588
1 1918 45891870 952056380
1 450 988061250 397275510
1 2812 760283244 455145673
1 2866 797941768 755535442
1 2071 294424227 526433068
1 2810 55138579 724806814
1 2080 239123363 907725558
1 1769 378402245 173978600
1 1520 547206430 897227015
1 2402 732919764 776867084
1 1275 817866800 272338156
1 1998 165332977 945231659
1 1075 492909104 257117195
1 1011 81216796 865721370
1 162 768104899 372288467
1 125 400200429 708005648
1 2940 721738985 726068099
1 204 257282311 767643226
1 302 486735606 425543057
1 1406 429089180 917654822
1 752 537318453 970910157
1 1949 775397092 522139973
1 180 387684550 736050199
1 3568 713355323 165135616
1 992 631699583 604154289
1 1790 35708323 915994364
1 1655 437778560 275357072
1 506 875589875 47531968
1 2209 286460108 308700808
1 502 861102162 966876053
1 179 668973764 577924444
1 3128 866864919 156612188
1 1167 712318504 653237368
1 2123 61202789 124440663
1 678 740591573 687568233
1 1538 553173395 21949175
1 2022 165997900 954749705
1 3064 636240966 298116432
1 1531 897450296 941785331
1 2713 599454532 724987170
1 2685 507537012 419405109
1 3208 295214092 157603925
1 2620 382815210 897889609
1 3326 822196105 813912229
1 2353 18593922 879026992
1 568 346461640 12167846
1 1950 684781064 345842362
1 3373 418962726 670648943
1 814 762018094 524091371
1 2577 454961089 341498967
1 806 12081145 713540468
1 1649 896143935 426519169
1 2762 685601797 468200747
1 3120 807961710 737164786
1 1022 93298826 724249610
1 3535 68350094 506512551
1 1428 255110858 353393110
1 2469 317732093 769813466
1 1552 633676468 861093406
1 2805 430872549 840733800
1 3147 670264648 533094797
1 3224 672686906 865625062
1 2673 184695297 953263284
1 3592 546890517 166424533
1 1715 802818290 667047097
1 3272 917411663 190948827
1 1143 420695111 477693226
1 2815 827766759 384901502
1 2792 933140979 743204339
1 3387 273493941 266701223
1 1571 221080936 583641224
1 1792 188207690 746214078
1 50 241468709 922038730
1 2287 892966949 80162736
1 2878 558681872 338722080
1 141 707190164 138409150
1 2016 703265198 184450290
1 796 429746857 815898184
1 810 886872505 391217032
1 1277 97707830 14312525
1 719 184135532 820372889
1 1642 783518373 18403631
1 1369 931381498 223413261
1 1255 555032775 939327069
1 380 703071050 682621575
1 2899 612562850 734863316
1 3692 104807644 444827766
1 1619 968411074 849640149
1 900 551411971 790504761
1 1168 70146593 386227026
1 443 147916614 273937091
1 3239 550069597 261749131
1 3645 974008104 245632783
1 3333 371620939 460728848
1 841 777214105 571378350
1 1252 385129539 718372899
1 706 410210413 875633343
1 122 667422619 546143912
1 1651 480106855 572211297
1 921 796415732 608670195
1 2788 356119184 54164483
1 3365 899103768 639621642
1 1464 990291810 350444062
1 3307 457102073 347722244
1 51 177542398 389725265
1 3123 621214492 866019779
1 2633 747269447 470254730
1 2543 767178972 44733077
1 2257 832761653 893340325
1 3719 10389532 497650316
1 1071 489281297 660696425
1 1789 809179924 835161539
1 2357 365088112 814981210
1 2445 798423061 637769030
1 3422 333676684 692925244
1 1137 992750938 881644528
1 2588 732021108 457547654
1 1078 441663136 959376826
1 3528 729232187 402208956
1 2030 227252148 284634421
1 2810 349319055 10451854
1 1799 225671818 231967958
1 3294 171877528 998727313
1 301 175127533 749112912
1 2984 191176847 734588866
1 3308 965865537 96248067
1 1809 759816148 722916091
1 842 546113556 479539040
1 1139 752619908 360092483
1 1358 314813359 66129265
1 2567 93110610 230257895
1 1733 887257343 334714906
1 247 444174468 88181188
1 2332 706249586 272065218
1 2683 745920871 924700243
1 2996 161212889 519283691
1 3691 675510612 913015625
1 2764 20491390 175456100
1 472 789696539 624289707
1 874 598216691 831666469
1 1951 500757705 748666093
1 3156 783731384 848058960
1 1816 969523979 914937256
1 3295 846147985 893925510
1 1675 488174225 832786712
1 2906 829201418 706820331
1 1321 34944874 879513311
1 3351 387658043 723126546
1 257 101206235 555073758
1 542 608459575 964111665
1 3516 486887179 414577599
1 3139 231640837 901009532
1 192 502176125 341913593
1 3686 885368722 387639037
1 2164 131684973 917918551
1 3611 371745196 873348715
1 2515 421855514 894562015
1 1251 617614365 917780953
1 3654 464274553 83946595
1 2063 925137546 452589700
1 488 992846001 180523182
1 205 72551688 722493625
1 1932 784141495 320023797
1 994 292812308 737186633
1 2566 172759151 122241602
1 1937 13648607 993367952
1 429 203192546 693569266
1 111 403071934 510149255
1 2123 846781477 751272836
1 2658 490962943 478406505
1 1499 71309645 977455022
1 480 740504904 973048480
1 682 690771645 154564771
1 173 290537301 163224571
1 3073 512586000 11669837
1 1400 845463970 52049068
1 230 74356348 363787989
1 628 485528488 210531706
1 2422 75649101 810786006
1 3720 74442390 671194327
1 2009 603024406 61272716
1 357 533460673 528481366
1 2233 528739508 258191406
1 121 439879941 426440696
1 497 897954840 313761740
1 749 256789225 827823232
1 2470 282192140 267197244
1 387 694782208 747050680
1 3233 903423558 439892653
1 43 609786422 575299275
1 1529 531949725 617087360
1 752 59517803 264391597
1 697 976760808 591714811
1 426 403070791 624931071
1 2342 701023161 473509784
1 397 211978018 193798320
1 3081 50635546 628560975
1 698 732680790 395938940
1 1583 164974050 633617539
1 1546 992368285 937278297
1 1905 595213887 81625224
1 2667 318580443 44445031
1 2226 462387538 966406425
1 2080 939941860 901131717
1 1183 697587011 819744488
1 296 303031580 976036986
1 23 822857709 503691539
1 864 281532449 553896069
1 2561 816390628 271664032
1 1390 211381350 59024337
1 609 862251189 451074261
1 2410 285204941 293695262
1 1757 484242763 498186151
1 1174 525341815 514755805
1 871 492945416 822210486
1 437 353847236 862991531
1 133 74450194 199406099
1 263 66805469 454561528
1 1182 973816171 617531390
1 2216 132735079 215587890
1 1447 768510681 131374230
1 2977 72227751 478909201
1 2963 947655224 426986921
1 2856 466334358 82037043
1 1346 362933927 496521011
1 433 611908254 429139346
1 1225 786358393 976991411
1 348 671559515 453301105
1 2843 148929967 424348130
1 2820 596444959 903521751
1 411 124517297 58600804
1 3785 912850846 867106215
1 2960 105598300 121256125
1 3238 712298681 471599621
1 3694 748688087 206421865
1 3003 896035033 699395998
1 1441 154219985 412705673
1 268 493825531 575802502
1 3787 414313382 790404251
1 2744 17102023 959691950
1 547 801040155 102315553
1 2161 490340044 509476818
1 3701 405743484 725767460
1 2678 351237407 637744997
1 1031 276171845 829758996
1 3794 134301292 965121405
1 2775 622173527 377612733
1 1092 997561063 136092860
1 3130 269789952 309768555
1 537 877652765 10942276
1 3723 453704018 194257201
1 731 409884493 402282311
1 3368 828237404 265641055
1 303 835749220 161347946
1 1004 842184333 162305357
1 929 122730579 628152200
1 1565 259824294 61875598
1 672 588807201 936220997
1 2816 802353046 50073874
1 1047 407178396 905875736
1 2043 142153592 864622302
1 1935 584876752 249998585
1 3138 362472828 187726699
1 3170 234659224 418462699
1 3604 608810308 827374567
1 1062 798922642 957367700
1 1333 410998164 830905450
1 757 688404289 904068013
1 303 463773470 60621929
1 3614 463789697 39533959
1 1127 703819579 52726909
1 3139 859273937 602324472
1 2058 292517901 156438558
1 942 547542933 677808948
1 1978 527195973 285785630
1 276 741734983 522669520
1 1899 825326185 286918495
1 1504 357788789 731611217
1 227 972071448 286678204
1 1344 249708370 64539605
1 85 385281025 667995813
1 3746 280777248 902773369
1 2295 830483125 857039608
1 2843 511008498 471849337
1 3342 833738798 152432723
1 503 271817254 665804093
1 1210 687657846 317678486
1 3177 769870720 581496423
1 2836 94708677 768122477
1 599 239858006 53305729
1 1909 600262079 300516571
1 1832 630343667 309675482
1 2184 409451653 35685269
1 391 555557483 21860707
1 3545 22998001 373916828
1 772 216128305 857957596
1 2718 156633733 512637417
1 714 724802269 577863193
1 1327 795023211 565840907
1 332 943580043 749358852
1 3010 339767611 723880193
1 1425 542296887 113667560
1 469 795761641 595619630
1 1397 147475893 613511533
1 1554 592070718 257907202
1 2874 402047498 112212798
1 2841 703487468 759546748
1 699 403137732 274421890
1 1619 795520693 222579020
1 3582 741968519 479707410
1 1065 277273522 722490877
1 1527 890512420 665778624
1 3529 650173289 481287481
1 1119 592380839 314108222
1 3106 553456081 168903056
1 2886 415591698 725949532
1 1478 944615737 139399398
1 3084 132896445 116194155
1 3787 226267490 340150922
1 2279 442249772 522524296
1 917 896154758 18670047
1 258 481592688 471143116
1 3130 400615600 845651411
1 2173 791671235 726228627
1 725 666145505 661433136
1 2120 537677187 35146667
1 2408 511666458 758368732
1 3895 264437776 668586258
1 3655 133941700 911398018
1 1482 656101963 381874406
1 551 505327667 687698408
1 1552 585558125 180496023
1 486 712128129 744895943
1 1020 506964573 542685376
1 2833 76771624 199381247
1 2929 132083990 530587442
1 1398 856845175 830124010
1 2084 980802881 17131587
1 78 407528525 803839872
1 3465 248013498 387125092
1 1814 19209923 424109880
1 1132 34131421 3673325
1 220 364721838 842825432
1 1562 756243802 924793117
1 785 998594122 808205224
1 1706 185191378 724170446
1 3623 933460092 173561722
1 32 135806985 882379745
1 2650 825371649 249704409
1 3651 719285395 782632174
1 1374 394113504 535213099
1 3130 890816102 471258819
1 1136 68880353 352254895
1 3266 582007166 993651437
1 3468 677864552 511019546
1 740 289995141 184660886
1 2727 251775511 759402724
1 3931 440930693 70729591
1 1085 56338625 521111647
1 2840 419217940 861017400
1 72 71676591 258220346
1 2739 635330762 134754680
1 1030 293450960 384988555
1 2088 793204626 383332995
1 3416 1422826 297526380
1 1799 625031787 256665539
1 1491 283281332 631175451
1 2356 195742592 857163420
1 1278 234393853 882919272
1 614 529035432 828047980
1 3606 636064219 30993181
1 422 941425761 989321546
1 1815 810810179 278938685
1 2619 376916313 838579250
1 3663 965758582 361501123
1 1249 709191566 712628808
1 2228 555906746 178771199
1 1784 328082161 622997382
1 115 93569582 323051114
1 1277 86304711 96687964
1 2612 821334592 852852891
1 3356 30117127 88637082
1 1471 559341090 125249645
1 1172 806062544 46341016
1 3050 486202328 984571258
1 3148 488019227 360729372
1 2685 892896789 672765594
1 2870 29264185 24027464
1 3907 151099311 705870413
1 1195 702717111 209295120
1 471 33249761 403990781
1 3310 256912346 357293025
1 891 721532398 627459024
1 1708 224645221 592298678
1 3485 541772981 402859075
1 3797 711698965 803481302
1 862 395971119 36211601
1 181 983587056 582711448
1 622 609478129 538304823
1 2332 550991201 213414153
1 1749 124128906 246976514
1 1711 40921944 983745571
1 3731 527309577 729969170
1 2612 922613971 999077570
1 3205 929796254 428947054
1 2543 401721131 13316666
1 1035 482074737 876776785
1 1249 669982167 25780714
1 3969 952361851 586998529
1 1229 7510643 355378654
1 2062 990915388 536819992
1 2280 254359831 884443430
1 876 624107757 498067179
1 1964 586035146 810335676
1 2698 83950106 435268452
1 3105 246293078 605108474
1 1414 997842551 756604488
1 482 598161691 971424747
1 1096 483892008 658436599
1 261 944458555 92954617
1 3115 143401082 807342370
1 2246 659473321 183126295
1 3896 884770503 760935437
1 741 735107822 595888983
1 3315 476272066 316769882
1 3752 415920243 315988946
1 795 476523548 612414614
1 1103 260426160 795386862
1 2625 818075677 56702950
1 8 877665052 484058346
1 2678 781679643 896185114
1 2093 905366478 496516654
1 3970 531139008 934512273
1 2501 571997313 839772272
1 620 668722829 990314820
1 51 763109982 444895408
1 2454 449692108 95387162
1 2062 537920745 99173499
1 2671 414841409 576410986
1 1657 278851184 357993020
1 3812 207876831 621911986
1 1439 50913492 2617669
1 3329 224701202 408323193
1 3163 616056151 410128371
1 2134 269120548 391906998
1 619 844504976 977419340
1 2120 395514612 112583106
1 3425 684773580 924818025
1 4048 802803048 793547769
1 678 242640803 250468374
1 530 982800420 328386116
1 2074 309816208 2528807
1 3065 471316826 253505202
1 4014 89286304 443668547
1 1771 731159794 417280646
1 2888 87111295 338809327
1 703 897301851 586242309
1 1850 517868572 298092683
1 3108 836322637 443306564
1 3912 551569149 895216393
1 1865 131821602 2049724
1 2821 920936005 397587534
1 1003 120774762 553266651
1 2625 121637063 287080830
1 700 103699869 515255875
1 254 460646816 320683948
1 3643 133180237 965151170
1 3141 377377516 573840514
1 25 32244674 155280400
1 1838 112748580 139188153
1 4058 988990839 740320942
1 640 626357772 567329536
1 667 497625852 127295395
1 2101 764698539 576436789
1 3884 528648776 35950828
1 1779 736807391 568531406
1 1800 580062776 347962826
1 354 762814128 255938442
1 1101 933630099 384249059
1 2255 989357619 750613148
1 3712 586976029 608447976
1 921 352333096 360801406
1 1330 636219548 448260362
1 573 934036857 804898097
1 96 796876933 630720186
1 2255 672735242 889123008
1 779 551200589 647619097
1 2321 61836776 966618305
1 3601 518112131 607795149
1 1442 483994450 528892932
1 2032 309867921 178029819
1 2769 667672444 85004852
1 1343 335881047 237506027
1 1295 283841135 600120166
1 1276 898812741 447086305
1 3373 623444117 193534715
1 3665 372491710 961586579
1 4088 826732887 446867423
1 831 883962897 286058735
1 2633 680313944 793934086
1 829 470265834 914952401
1 3863 252459972 114015327
1 4112 433692166 392715764
1 2186 391003624 221831882
1 3471 879404345 616988731
1 90 801682441 306944023
1 1759 843354211 786501278
1 2721 940258708 724652598
1 107 396030399 780471699
1 2065 239724197 255342687
1 1209 577819240 928657060
1 1334 22470299 428713877
1 1721 303935914 32563250
1 4101 940288203 146316191
1 3813 439081923 282212591
1 3592 764469745 989870823
1 2418 679367175 266597878
1 3127 560909262 875514044
1 2253 769237711 660736917
1 2531 830497805 37962252
1 3100 452729902 90026194
1 606 520537864 682941324
1 2478 69068353 208660272
1 2384 71579228 530457999
1 1053 865010396 663214834
1 1809 433559260 96531409
1 2308 471752843 801507235
1 1803 234285039 888235152
1 892 789063769 386219883
1 1944 689119559 524575987
1 3679 7311077 33682188
1 2236 459726029 726050173
1 4050 945000466 319035381
1 3864 76939706 833263687
1 1223 794400732 551552429
1 956 973539818 887192126
1 1479 941266626 367958129
1 1359 757495247 908132004
1 1754 349580619 509580815
1 161 439793154 998578331
1 856 698617492 260019731
1 1947 71297159 790454344
1 1961 29047869 22169894
1 2029 546702353 123863951
1 2811 268383388 71477494
1 2172 502080016 241878922
1 3060 232065714 120821122
1 3489 604636003 524871037
1 2329 317610247 961374338
1 2547 995515662 42176109
1 409 317628843 430373553
1 183 836409476 25450980
1 174 517102886 737588233
1 2596 274671964 709079929
1 3802 994023715 581467254
1 4057 311548704 711700174
1 628 542493518 336573983
1 3480 439547814 964081714
1 1889 410524189 368875490
1 3634 90990420 458304350
1 351 291070087 755923954
1 3776 724915322 795775891
1 81 404727751 527270198
1 3327 58472767 617338611
1 1923 927447938 269438049
1 1892 807202514 709587204
1 3586 849586000 515054968
1 2493 500535224 267250621
1 2059 280178001 465352435
1 651 683865273 724781772
1 724 771965322 785204584
1 3411 210894103 437409422
1 1552 660048337 540400315
1 3925 73287557 109178606
1 78 532420122 765850850
1 1264 880202356 791012244
1 2356 640762344 819478695
1 2775 289021770 134021108
1 178 994059112 5392150
1 2372 933297598 426669539
1 336 595350191 494002447
1 3444 974980743 879763020
1 170 770850413 504951233
1 1826 509439881 546776297
1 1445 658613760 803992633
1 3067 149699396 831279186
1 3199 564644436 138933871
1 1805 698823517 774972670
1 355 931728869 267094841
1 2254 513798756 746225870
1 433 85748852 492209795
1 2365 753840946 181267498
1 3940 69355657 334031733
1 4103 615113957 666701814
1 3992 383775744 375094871
1 281 704659468 133985115
1 2933 955767853 472746427
1 1123 616843642 288186437
1 3424 663885604 872637967
1 4042 534987167 987490058
1 938 932864458 301837112
1 1565 90963049 651383113
1 2268 905446861 250554156
1 3053 193366183 17966160
1 1272 634056368 850806246
1 173 23383653 989254410
1 1643 970045573 459696452
1 476 714848252 990012345
1 3599 586124703 938064509
1 4030 684313219 33948487
1 2835 459388446 652243747
1 2743 933147820 758560797
1 3705 55373456 235976424
1 3772 301790901 133032859
1 2703 787317502 606068601
1 2003 617853202 102654282
1 360 283638250 400928407
1 4215 632714683 720949704
1 102 739641575 766975330
1 2291 482243037 660122613
1 1348 63309733 749072869
1 603 345024614 373216880
1 2526 933804648 560930734
1 3378 189240870 519276466
1 2681 640219526 707935530
1 1141 512712866 347759478
1 638 579806234 55488154
1 3869 139917551 586030352
1 933 38076716 526380082
1 1524 735782683 445108915
1 1232 633620017 597378324
1 3410 959245316 808730665
1 3099 597968866 134864181
1 745 799827500 21282488
1 1668 140008529 220686031
1 1896 630019414 582831567
1 1315 992722928 312285188
1 1330 729823826 251116323
1 3689 815343306 171035377
1 3867 705355450 709721062
1 2892 495015976 382768064
1 1075 164051771 2382156
1 697 89811637 859180153
1 2539 945613642 482603437
1 2960 973135438 970666624
1 2269 170012308 306603555
1 2321 620473587 714003052
1 3879 678312383 101006515
1 17 533456756 760822601
1 3378 87353666 219014641
1 1351 280995672 133041754
1 3764 47201723 543608920
1 3536 107789484 644336629
1 1993 818386304 181744369
1 924 652957622 327080343
1 3773 145669533 870325202
1 2412 404631018 419359563
1 51 936417238 202522758
1 1182 719665835 643854082
1 2821 223367023 917193580
1 3476 411080916 508085887
1 2162 457087552 991438217
1 3295 118049418 266884873
1 1914 709475646 175389923
1 1464 216842765 296139281
1 994 509973435 681234251
1 2565 269445768 49990777
1 1515 137283054 603685607
1 3780 559945316 614411539
1 3570 784656957 817603560
1 2450 982330534 461392971
1 364 800250842 28310642
1 2106 489627117 841417200
1 3950 508590958 314716288
1 4041 158343628 310144694
1 256 835082932 943105155
1 2675 103647296 184675728
1 2997 572888589 118094060
1 1424 794755295 152184863
1 3210 764281534 546392035
1 4090 80021508 488057189
1 3951 397363302 928433844
1 1481 903905707 250650997
1 1856 253185875 788779727
1 3892 805865509 353097255
1 731 396552195 890162611
1 4025 163689214 202441684
1 3431 522923614 342872363
1 2019 931297568 466146955
1 2314 554588262 951148578
1 2675 988369336 652785875
1 2360 75323095 476586757
1 2494 293398769 648644366
1 1132 460898727 443737589
1 3049 934952838 176228683
1 1559 867268343 849196824
1 3889 334052764 569225811
1 2992 989526115 314630543
1 4298 574145920 564240275
1 2173 182241924 515657402
1 3555 287738010 889727462
1 1656 203202107 210658760
1 3529 133703472 82770031
1 3563 484209529 509011144
1 3530 165927400 874864709
1 4076 619699360 921634345
1 2468 14157140 869290470
1 1552 557042760 406893097
1 3783 506975066 709891017
1 3579 834397804 323638797
1 1794 849652804 551991242
1 66 403243884 576734276
1 2369 478338169 989943907
1 3922 822649440 580489065
1 3920 828034468 396634210
1 241 300055936 506152456
1 3130 711455200 127004654
1 3353 342303642 563992259
1 2713 103900554 358728860
1 3846 435533445 875699495
1 594 609555702 512461690
1 140 221304513 55514881
1 3270 631664321 609451141
1 1500 680504755 860721383
1 1156 931574261 904965370
1 239 287749176 873007295
1 1087 194217125 292367529
1 921 124635205 785304676
1 164 202797184 642813002
1 3279 681523757 246597252
1 311 987718430 257467928
1 3828 734281494 570814508
1 1271 867719760 137775265
1 654 919613256 550828025
1 3845 884150558 462887832
1 39 79395463 668030152
1 4008 8796799 277904295
1 80 596237269 131761647
1 3229 251321796 383183774
1 706 496444743 760945062
1 456 998158917 720179514
1 2803 754201814 963057986
1 2328 18127521 580453334
1 2303 921582893 7001476
1 2486 866439146 431689363
1 1376 985817683 623064000
1 3339 570605101 759002893
1 2232 940417846 386687810
1 4169 292923666 233772355
1 2248 171966395 767089658
1 738 893811281 668566184
1 1213 603566115 188997357
1 466 320258299 198501731
1 1253 68977500 99200425
1 637 758125957 531088582
1 1016 359795492 617394397
1 2438 889321854 669318426
1 2020 902870049 389806660
1 944 158422903 193038079
1 3567 269018283 445230984
1 678 565913377 783985793
1 574 846968482 51922744
1 4218 832689010 134177024
1 1391 637522087 399520451
1 1591 858284874 896241801
1 3281 330349185 215526042
1 464 329435166 982195629
1 710 640511738 535589426
1 1347 677790784 762531837
1 3370 205269835 420733841
1 2849 742915517 203723178
1 2690 444410648 226061914
1 2494 206709127 303436873
1 3058 864760916 16066089
1 2891 480604451 610702548
1 1020 832014295 608304437
1 370 811441621 441962769
1 2040 415892663 88000743
1 2305 640180131 367703047
1 3460 697484794 383238015
1 3582 904149684 867192744
1 3762 902916345 946616877
1 4242 673974280 302989722
1 3010 655518527 214660674
1 4106 909397767 244026867
1 2534 445365508 577081568
1 2180 164333764 291284605
1 177 337239378 169571828
1 3109 920114967 958025125
1 3645 462352394 907310137
1 577 685088853 199135765
1 4242 843686067 452026475
1 95 808000234 273551128
1 78 482934465 350838271
1 382 364639728 282158187
1 232 468459727 573324697
1 1916 66995893 193773097
1 2543 168846836 584328143
1 3035 334609479 858252927
1 4317 368601670 270772161
1 2529 277547001 862501863
1 899 140484364 474531723
1 963 237538263 591711977
1 1325 748384340 194099639
1 697 505551615 791549888
1 2095 932638116 232942481
1 3697 632222827 485167449
1 1479 609191538 944129483
1 3056 20242373 234561606
1 2921 470669789 232664793
1 1395 500111111 568534404
1 199 488892264 743474370
1 933 453693311 192165480
1 2532 995441512 821350687
1 297 993024778 739986837
1 1994 895325669 815518041
1 4308 818079765 499710437
1 3109 489661798 865129553
1 2947 303514503 549024612
1 2193 637996716 524507804
1 273 343881034 906825080
1 3561 696548760 260498119
1 2174 990461866 975517518
1 1286 170004503 609392101
1 411 606119905 509082194
1 4329 335855022 741036306
1 4226 636289191 443754897
1 3827 95629602 214462291
1 3574 812029396 728784971
1 3187 80622895 39394876
1 1482 375410418 123280397
1 431 261984414 815514588
1 4106 294614815 382141394
1 1005 114183017 181424383
1 2602 659642703 764865097
1 3746 118015857 766738836
1 214 235921697 360737282
1 4349 573544795 147062208
1 2984 284043249 304016041
1 929 204456611 423165508
1 3310 202281093 128135621
1 2162 637331550 984691502
1 2621 38596818 188922624
1 1795 530876202 731824246
1 3815 755294440 430969822
1 1891 942551101 305601014
1 3056 384840159 622612548
1 2658 399860172 985399023
1 606 520913230 951420520
1 1805 166053243 273694491
1 781 706927135 684789929
1 4196 432062718 424993788
1 204 369442466 922933317
1 244 339261130 265641115
1 3713 214544161 385469555
1 535 737642859 553403939
1 1486 358650525 315810136
1 4418 255161667 11510963
1 3817 325060888 838762608
1 1892 8707438 898683078
1 3716 557474543 413378949
1 2001 495945312 891124798
1 4352 406959478 876339819
1 1198 982302124 140464452
1 1095 29668471 719642227
1 3176 489271229 444436791
1 2919 16595569 701322972
1 3445 648978126 767780543
1 3731 453282095 206201502
1 2614 167187255 992997084
1 4102 528350437 776885948
1 2347 961308497 30378663
1 427 251362338 37045555
1 1746 748060391 369442117
1 3846 484370935 681707145
1 663 954578312 898327488
1 290 336785239 367991598
1 2786 551832415 586049966
1 1230 169631068 776331260
1 2981 466071353 670927145
1 546 893182648 142520787
1 807 205595989 894057997
1 2023 400202566 697280530
1 2787 536495268 458067184
1 283 775307410 46164470
1 3773 431201888 595992229
1 2526 675297152 580478535
1 86 308796393 96301095
1 1685 333460493 112446508
1 1848 288147783 361598671
1 2279 145396787 386505443
1 2838 979741377 888086243
1 1741 859900832 886716195
1 3560 61032935 994362937
1 3077 331604437 285981291
1 4455 425372521 708639942
1 3923 989631884 740372854
1 2067 317549641 158717107
1 3664 342879500 983563082
1 2159 145817622 477349179
1 2155 603716700 208788792
1 3537 506120925 295355588
1 1340 447401815 152141473
1 3006 949355224 377715032
1 3076 378057885 211305143
1 714 23731552 140438615
1 1637 825158101 311980908
1 3855 727511742 756799303
1 1789 625386781 75522008
1 4442 46865783 732488358
1 2692 355554000 886648401
1 1895 912116000 786887465
1 682 245860710 804190754
1 1852 552379872 151402920
1 3619 746976362 761180139
1 2145 421835011 976754793
1 136 606648179 387688791
1 2536 979394250 258941113
1 4305 999289250 865429612
1 2721 782954965 792548781
1 3256 724196995 299688442
1 2926 237953641 78607268
1 4056 543911502 8216798
1 2961 485378684 191611259
1 223 946930968 890093508
1 2937 414800075 940428847
1 449 737153693 951769003
1 3376 8724562 965951592
1 3609 89914584 615596061
1 1892 383631189 732742044
1 4222 340675877 335650936
1 58 792252147 815062383
1 1287 221374616 403381781
1 4088 513728655 444439890
1 3890 516006658 632013505
1 527 71359401 732341401
1 3411 100262709 71033300
1 2151 771386384 549262660
1 452 327880776 793370515
1 825 629768703 1676580
1 2252 517364048 319397298
1 330 360882131 833199442
1 4062 665725677 408141655
1 3366 17642068 593311759
1 3725 247422318 710194932
1 4388 828269274 625630512
1 2311 694467703 632646621
1 1000 789597897 71670805
1 2757 316905436 199135692
1 1725 818032656 992210276
1 530 227411628 892463598
1 820 370315601 514706980
1 3144 415141758 980271091
1 2478 484031209 378086125
1 4054 85679038 77822697
1 3357 727617726 433646119
1 4241 697718365 410960785
1 3073 2619875 811704829
1 3905 297678260 704230878
1 2048 20367185 27626297
1 3209 655893158 658173698
1 411 389841686 347529973
1 1516 458117039 560539837
1 49 936387727 941897885
1 2901 634141938 416138729
1 4286 894639832 392714863
1 2180 170184121 182513830
1 1666 912978335 663201690
1 3197 657201843 62215695
1 3975 141015893 649468508
1 1917 963882776 35736689
1 852 590629294 975731682
1 1516 11207591 645731830
1 3370 621568543 703026038
1 3873 936315253 988928461
1 2628 181823207 766773222
1 3926 222954077 521577996
1 3977 331555570 558892398
1 1488 100137406 973343368
1 1597 759388143 206730485
1 1249 338457378 556279714
1 2858 993623490 597204275
1 1121 724734251 274426316
1 4401 781465526 793137619
1 3171 701934902 455859826
1 903 690430496 64603075
1 2605 369199093 198586252
1 1184 480262919 187784837
1 292 513358284 778107120
1 387 874994920 42805083
1 154 348208550 895195624
1 3737 924286562 200747083
1 4238 419395274 851969245
1 4430 978233599 716195688
1 4383 215637601 338964347
1 445 6085845 781079689
1 573 415028115 567564530
1 1668 358159525 461099573
1 3562 509380212 774775091
1 1263 17777464 387870027
1 2059 430065119 643725724
1 1582 6515125 896475992
1 1405 580160263 815892261
1 1185 786278893 993742905
1 4327 684725853 272375246
1 697 505350568 475319477
1 474 871725664 437570456
1 2439 583157680 611164598
1 2105 767583133 582081455
1 459 546571677 240873035
1 3454 359681713 779846293
1 429 887902503 173033250
1 3065 962125087 400857718
1 4382 220916222 672952469
1 4040 950319514 142110797
1 1947 397347429 929034915
1 560 646122624 916601460
1 2689 397639043 7401550
1 3597 716187229 503350812
1 30 777378334 722880713
1 4087 723589389 597765617
1 1474 103706215 372800601
1 288 228882118 357920540
1 320 646721565 217820555
1 3449 409183042 362523698
1 2853 885579642 962909570
1 2173 939658734 962363362
1 1064 511242783 745094552
1 3817 509605012 746073306
1 102 987412560 622892866
1 3264 413775374 313725132
1 852 305765929 137076533
1 147 141303660 247869273
1 2429 512593689 87900515
1 1315 914983745 320327095
1 4130 766721964 438347585
1 2040 498745997 587594705
1 907 675421027 750323136
1 2263 511591893 810594481
1 4385 402462093 610552422
1 3418 943800261 526671895
1 627 501508281 55323123
1 3138 145224817 602268321
1 3145 995920148 379720049
1 4098 285322176 410286261
1 4203 475858473 750534053
1 2925 147842112 258079407
1 3044 208229679 860873495
1 3360 239058516 209697041
1 1898 708223078 802744889
1 902 535554488 504415067
1 1063 120354747 6913631
1 873 420258361 187921293
1 4156 780095800 745919253
1 1895 264267939 68640423
1 4092 172509615 70988579
1 2917 473594598 42396811
1 4059 129207450 424877016
1 863 141408177 897492017
1 2176 872429886 219643204
1 2427 976408064 353329542
1 2570 466856063 204208772
1 1635 481899820 895672660
1 2687 881618618 774129858
1 3015 431563712 961781710
1 4277 663347959 577277529
1 123 936269945 96328201
1 776 531079989 173038749
1 2726 316456530 927355157
1 1977 213741241 959199033
1 4507 869271394 216264553
1 3944 895499008 741082957
1 3933 145476205 325190912
1 3075 205758770 686044598
1 2084 59622168 788613802
1 2414 875261134 105644420
1 521 288347286 267342727
1 1568 997407267 690301595
1 1703 505580812 508704270
1 4351 963171835 436873750
1 3671 155979560 448866173
1 3682 304060756 60285435
1 757 49966377 466428535
1 1585 374750945 900477706
1 352 890735045 311634976
1 128 147705681 641353908
1 3305 576278303 440218410
1 600 509233595 132883392
1 3242 429296165 764999382
1 434 973898138 417718673
1 3275 326407291 630434137
1 3973 976877668 562507280
1 4434 380982098 531117609
1 897 747750586 615222929
1 3545 396170588 404256668
1 1877 71813332 100389424
1 1304 576697767 233790147
1 3406 268072598 846875980
1 1316 35726638 243319545
1 3064 687558325 600154108
1 3384 982632801 46791427
1 1473 732779 2905096
1 2210 447651328 894132886
1 2161 681267186 922769511
1 3285 185078278 965502633
1 706 39765069 918268554
1 1605 11886784 838196701
1 3016 718343411 986389956
1 2830 573310871 396206196
1 4446 262081191 526717311
1 1941 305438430 676064111
1 3877 3469602 392473834
1 1129 507339203 297004739
1 2135 136682367 511439733
1 3088 951550611 405901552
1 2800 876761878 792608816
1 2485 92814415 572628131
1 2475 925296157 946299404
1 2879 297914710 912776282
1 767 443891506 217008080
1 4450 705664347 666210616
1 247 344360414 749059275
1 2575 607470325 417048677
1 156 662990788 344907290
1 1234 840568796 337133076
1 2538 568393032 225524940
1 3832 529852435 928611770
1 568 237428627 17594395
1 1184 255243416 512345023
1 2511 683574767 771555781
1 2970 799597766 147334758
1 2928 846284563 267181707
1 2838 479718892 949330762
1 3448 77173369 433299891
1 4669 257106081 986805597
1 1368 623849390 557266801
1 3032 391017093 228921833
1 3294 778462755 337011210
1 1010 78299281 619261745
1 3923 907345055 844174945
1 120 530125565 16687885
1 1651 817326919 946872040
1 3860 588502629 129655806
1 2563 332622032 540879797
1 2210 681065601 126751655
1 3426 72151307 97952983
1 4676 48455053 783979362
1 3616 52233745 674262738
1 4615 575127641 295758961
1 1412 519518712 457565724
1 3853 94223341 487841553
1 4760 524688683 967349958
1 3727 171072283 871068460
1 1539 887821630 940020036
1 2250 320528572 488719429
1 296 111724314 530694446
1 640 208761663 634524561
1 1198 32234835 650553195
1 1696 107287057 895439147
1 2916 940833499 341722177
1 717 683597963 997146323
1 1420 12649193 793232976
1 1819 258111224 351273979
1 3288 971777872 304754846
1 4544 409615686 637381057
1 3020 270883115 522348132
1 1968 727976535 481882145
1 4181 640915318 359403508
1 748 589508312 310983395
1 272 557516656 19139566
1 4490 727841690 254706171
1 1879 923738204 527334711
1 3978 885863961 99721300
1 3656 710045055 195309921
1 593 626595258 361066495
1 2398 441496568 872134050
1 2608 170757580 576130633
1 4261 575104036 88508544
1 3661 521769731 71529048
1 565 981491660 87657575
1 440 914008747 299284774
1 1275 750611558 178111076
1 1702 299917492 285383016
1 2683 914609808 233887827
1 300 315273635 929226086
1 2076 630869727 115398639
1 1470 369424392 176300323
1 2896 922149095 953181483
1 541 450086154 359871478
1 1095 545762655 601935142
1 3359 638706004 683321289
1 1216 929211363 451219609
1 2057 640222631 930212156
1 1726 490380416 264904775
1 2067 712292386 385246785
1 2994 352297143 641240603
1 1606 79903213 690106593
1 3671 588728247 953084335
1 1193 267331052 84281002
1 934 139109527 415165130
1 2714 952142936 826938630
1 4182 516086117 967679829
1 1691 866961530 993450050
1 4327 351550043 47273004
1 4416 364578661 523753643
1 3382 197931760 562353199
1 1485 402681981 667233441
1 3365 197831264 579065096
1 3120 265728851 606780182
1 35 469063961 639320357
1 1448 88267214 484213116
1 4444 106741438 131465390
1 3483 710963323 138142564
1 959 62762728 815296565
1 3346 844293951 55633948
1 3607 735722927 335477872
1 159 502028029 567158353
1 302 506698083 216650278
1 1729 254682152 842605899
1 3120 639309790 348763902
1 2412 586210889 952869474
1 979 772444103 152435751
1 2442 329839646 745723532
1 2767 934759691 794777019
1 4769 528680598 591264897
1 2902 657924180 836865688
1 1607 424970479 23421068
1 3761 971292136 26631012
1 3655 234826856 737489478
1 4605 724346636 491326247
1 4754 269126637 536546105
1 1832 478416920 660907525
1 1780 842214866 942176341
1 988 746333035 821107874
1 4466 305947480 982541106
1 567 434448963 533866919
1 700 321458508 330046783
1 2009 889593165 105645044
1 1553 735418016 137855926
1 4558 690838313 810817028
1 3751 226855997 529780526
1 2013 54394670 370036472
1 4392 850172992 672567549
1 13 716966400 366030790
1 317 270902036 441997058
1 1404 287905842 177576545
1 3375 305608154 48774514
1 1553 510311588 943532483
1 1425 746191119 664138663
1 95 307178071 685307377
1 4831 64895135 686369524
1 1980 207877367 496306487
1 197 992491779 318692803
1 90 485849351 964401833
1 3993 929370951 64173404
1 991 184820764 183269519
1 2448 803639532 272078879
1 4355 602053601 795080266
1 4861 803451328 484193996
1 1691 985071599 975749159
1 2292 82213275 651972089
1 575 549672010 928645598
1 1327 200047427 204565956
1 2010 391825252 698253943
1 2487 285690228 473221703
1 1340 124451908 9839470
1 1393 257411854 455574286
1 1313 407556373 109323760
1 1827 77261842 831886259
1 790 799622811 716158847
1 4167 500954867 577193147
1 806 303331619 122633411
1 209 982572004 35408809
1 1134 717639961 118551059
1 426 310215758 397817540
1 2699 415376539 46037034
1 4029 865278621 344636074
1 2165 253837264 552032024
1 3223 987282603 741611672
1 804 640638347 123562209
1 1641 40918402 576991038
1 4279 519839360 697907950
1 412 454499212 128183392
1 1849 923495824 284093762
1 854 303794084 996501758
1 1805 770340529 501591225
1 3447 288628390 835315624
1 2673 102176865 628232670
1 1218 415909921 760416224
1 3656 958328547 302979785
1 4414 930781656 550161832
1 1597 371213492 612240260
1 3904 476058917 269751788
1 964 416596606 739982565
1 1450 445635563 612676040
1 108 460975532 304722114
1 4176 376481005 138864751
1 4761 653547106 279662661
1 4892 725467328 839859201
1 4667 57540683 914529757
1 2913 75359600 601874522
1 3682 800372891 727524496
1 3287 259922356 517544592
1 3777 553681515 911484097
1 1835 77800224 935031545
1 1554 758803699 777396586
1 2874 941398107 289892048
1 3956 344790570 211343028
1 3726 900566650 238916921
1 1284 192212346 610656878
1 2857 634822420 848975904
1 2925 498668160 469778475
1 2209 274133015 106318859
1 3911 79792138 381430256
1 1864 465970206 878683034
1 2284 788141895 958252058
1 3978 620163745 115680350
1 1167 728990170 586935072
1 4298 285552244 341015945
1 1675 4255248 767173678
1 3704 682801647 864937476
1 1078 355947276 716627386
1 1530 297501765 39521317
1 3167 647829711 660810510
1 1255 234794820 719743292
1 3509 675072557 425903844
1 1297 147276176 10790560
1 1174 725784574 417765269
1 2990 997233115 576572238
1 4350 970409877 101964004
1 4324 181164417 834329499
1 4681 1974536 527506409
1 2575 32856605 457054848
1 2296 493335526 198957026
1 2713 32893616 844201338
1 2456 167621979 780612061
1 4374 407045850 119893974
1 2477 978524402 951286994
1 3039 938619655 4317883
1 1869 257837091 9408865
1 3316 114654359 628641908
1 4653 185779380 454709595
1 1023 920455115 332329896
1 1680 317125542 52466059
1 716 111456006 627364491
1 4685 704330448 846895976
1 1221 52645351 306887388
1 3269 864117192 358893954
1 1101 614355699 919940110
1 774 548979420 963733588
1 4003 567132019 29711029
1 4870 395368486 60136778
1 691 27144536 549388112
1 295 162484760 919132669
1 1574 654913985 85479960
1 3503 587055073 470010434
1 1156 359748280 145333344
1 4065 473491195 191993633
1 886 785225737 157689390
1 2167 130736932 476660686
1 2768 745890838 128067494
1 671 840752570 33054494
1 1191 387885037 552800630
1 18 173280945 949036767
1 3646 302867007 355854208
1 1421 876829115 733042427
1 1403 445123665 77564658
1 4802 694474750 552392538
1 3073 441989195 568734506
1 3762 159526770 290437042
1 3399 356320034 898658683
1 1182 657065492 830359400
1 2811 533515329 604816660
1 2237 303630381 728795774
1 4856 171281117 592330046
1 2423 189727030 924881411
1 2094 893514888 811117933
1 1956 867990833 143458956
1 1982 651846382 239276366
1 2541 60182710 1106108
1 3364 949599686 252893085
1 3928 565051420 87801705
1 2083 158727998 52398074
1 3522 88590347 823632400
1 2914 441760814 829895446
1 3987 280730150 493888327
1 3484 421167251 896930961
1 221 300174843 176272092
1 4674 10607714 575005855
1 4747 94801264 471526433
2 571 4108
2 255 3685
2 3566 3567
2 2335 4263
2 1536 3356
2 1917 4577
2 1106 2832
2 2022 4498
2 1420 4426
2 4800 4882
2 4473 4896
2 4313 4772
2 2843 3530
2 2983 3857
2 3154 4931
2 3216 4657
2 2373 4110
2 1787 2451
2 1600 1732
2 2079 2633
2 4894 4983
2 4872 4947
2 4184 4531
2 1176 1728
2 1857 4314
2 1723 4451
2 1798 2207
2 2451 2701
2 2861 4101
2 3101 3139
2 272 1043
2 3503 3645
2 4282 4452
2 4667 4698
2 2895 3717
2 4466 4775
2 227 2649
2 1499 3646
2 4437 4621
2 786 4718
2 1417 2849
2 4206 4983
2 4919 4941
2 3946 4734
2 2911 4989
2 2109 4924
2 2562 3513
2 527 880
2 4429 4530
2 2439 3799
2 2416 4059
2 2979 4829
2 2406 2674
2 2092 4476
2 3141 3811
2 888 3252
2 3166 3418
2 1931 2961
2 666 4323
2 1933 4749
2 4595 4674
2 3851 4210
2 7 2447
2 2182 3430
2 2332 2334
2 329 2148
2 1310 4271
2 4861 4998
2 1894 2014
2 3826 3909
2 2518 4359
2 1673 3048
2 3522 4340
2 1941 3550
2 3303 4453
2 2684 3216
2 3896 3996
2 2211 4197
2 4890 4915
2 1634 3590
2 1995 2011
2 4244 4402
2 4600 4854
2 1317 3344
2 3449 4079
2 3897 3981
2 764 3372
2 2624 4084
2 1353 3134
2 4089 4628
2 4488 4724
2 1645 4845
2 631 3279
2 3194 4624
2 105 4996
2 648 4125
2 1248 3231
2 870 4928
2 3593 3980
2 4452 4467
2 4101 4716
2 2749 4542
2 3051 4047
2 2572 4630
2 2735 3347
2 1076 1757
2 4023 4670
2 2143 3415
2 2801 4516
2 2001 2626
2 936 2392
2 4268 4708
2 3474 4455
2 699 832
2 2275 3814
2 515 2828
2 4050 4363
2 2905 3272
2 1566 1881
2 4018 4404
2 2852 4542
2 4266 4592
2 266 4282
2 3761 4962
2 1863 2990
2 3141 3645
2 3243 4955
2 2687 3986
2 445 2875
2 2590 2770
2 1933 2886
2 1193 3288
2 171 2034
2 3929 4427
2 1285 2392
2 2088 2868
2 364 879
2 2089 3424
2 4536 4946
2 3529 4795
2 4809 4835
2 3197 3865
2 4652 4951
2 4007 4269
2 2010 4960
2 4330 4550
2 2454 2630
2 2244 3328
2 3864 4309
2 2220 4528
2 1254 2768
2 2413 4230
2 1108 4790
2 2059 3875
2 1521 2433
2 2358 3354
2 1481 2311
2 3430 4828
2 3518 4937
2 1531 1586
2 2895 3652
2 285 3923
2 1048 4746
2 3623 4679
2 3558 3842
2 1426 2257
2 4276 4405
2 4842 4979
2 2709 4506
2 4067 4511
2 1327 4260
2 5 883
2 3174 4229
2 717 4837
2 1950 3335
2 1993 2303
2 4987 4995
2 272 2157
2 4694 4909
2 1062 1353
2 1072 3936
2 1897 2871
2 2353 2628
2 3012 4943
2 4372 4465
2 2145 3671
2 1893 2033
2 3318 3425
2 2474 3375
2 3440 4853
2 109 2090
2 2661 2942
2 1594 4563
2 1202 3110
2 450 2728
2 4660 4830
2 739 4545
2 4814 4881
2 2880 3680
2 557 899
2 1193 2208
2 2935 4386
2 2941 3297
2 1768 4115
2 2460 3214
2 26 4318
2 2329 4383
2 2692 3504
2 3812 4650
2 4523 4851
2 1917 3680
2 1244 3525
2 1283 4064
2 836 4931
2 364 4702
2 4532 4984
2 4060 4671
2 2217 2737
2 3095 3182
2 2505 4706
2 3028 3427
2 2190 3639
2 2955 4817
2 194 4356
2 4903 4907
2 4158 4248
2 3 540
2 972 1502
2 1384 4658
2 75 3816
2 770 2898
2 4799 4878
2 3922 4894
2 424 4428
2 2510 4200
2 3834 3947
2 4337 4497
2 4365 4848
2 3840 3924
2 4175 5000
2 2380 2542
2 487 3602
2 4918 4999
2 85 1833
2 245 4502
2 2627 3233
2 1699 4518
2 497 1220
2 4914 4995
2 1901 3416
2 4275 4667
2 2345 3756
2 2982 4671
2 1973 4797
2 1956 2606
2 752 2601
2 4722 4856
2 1186 3387
2 2680 4015
2 1783 2433
2 2913 4741
2 1952 4936
2 3122 3838
2 4380 4911
2 4320 4764
2 1356 2077
2 1950 4539
2 4291 4355
2 4270 4291
2 978 1354
2 3218 3503
2 2556 4213
2 397 2636
2 933 2388
2 1545 3004
2 1537 4286
2 4354 4601
2 2276 3752
2 3075 4354
2 2110 3348
2 259 4863
2 750 4037
2 3318 3546
2 4855 4942
2 1278 4854
2 2935 3209
2 3135 4638
2 250 1325
2 1055 4649
2 640 4647
2 740 1235
2 3632 4995
2 142 2004
2 1588 1938
2 3083 3902
2 631 3319
2 1485 2707
2 4055 4745
2 2959 4061
2 2462 4116
2 1856 2069
2 4691 4997
2 516 4388
2 4439 4497
2 2693 4140
2 4460 4899
2 3185 3574
2 2863 3131
2 708 3009
2 36 2645
2 987 1799
2 2940 4411
2 425 4406
2 1487 4506
2 2983 3343
2 2431 2821
2 2446 4498
2 2669 3909
2 4848 4874
2 4271 4627
2 370 622
2 1483 3673
2 1867 2509
2 2407 3387
2 4085 4413
2 4333 4976
2 1692 2139
2 234 1519
2 1634 2383
2 2180 3294
2 1753 2092
2 892 3853
2 2094 3947
2 710 2154
2 1465 1508
2 4327 4358
2 3348 3684
2 4351 4638
2 3886 4343
2 1913 4148
2 1146 1416
2 4641 4708
2 142 4506
2 1531 4054
2 3798 4284
2 4716 4897
2 2654 4745
2 3448 4835
2 611 823
2 3428 4195
2 2530 2708
2 4391 4995
2 1425 1554
2 4859 4971
2 2366 2882
2 3632 3933
2 2093 4103
2 3186 4681
2 3611 4458
2 812 1501
2 38 1225
2 844 1397
2 2407 2565
2 4603 4950
2 2314 4170
2 2626 4603
2 1688 3718
2 4398 4415
2 3313 4002
2 4708 4806
2 368 734
2 476 4544
2 849 4896
2 4683 4942
2 4963 4999
2 4535 4802
2 4589 4731
2 777 4823
2 4506 4674
2 1514 3603
2 2386 2738
2 1175 4377
2 3628 3931
2 684 1458
2 2967 4896
2 1877 4381
2 4071 4233
2 4365 4485
2 729 4273
2 546 4420
2 4154 4626
2 2439 3011
2 3869 4148
2 2482 2753
2 2293 4655
2 3710 4458
2 70 4089
2 4499 4688
2 232 2776
2 3299 3745
2 2642 4093
2 143 1205
2 3811 3859
2 295 2317
2 4573 4672
2 1567 2830
2 1371 1967
2 4957 4995
2 1101 1701
2 1133 3039
2 2540 3045
2 1205 2323
2 4218 4431
2 3499 4492
2 1837 3353
2 2430 4072
2 1187 4510
2 3833 4381
2 2813 3100
2 1302 4471
2 921 1322
2 2751 4902
2 1839 3797
2 2430 3717
2 2397 3870
2 4265 4561
2 4052 4149
2 3306 3619
2 2209 3889
2 1309 3121
2 3228 4889
2 441 2368
2 385 3115
2 454 3598
2 2254 4945
2 793 2114
2 4815 4822
2 4728 4883
2 199 3932
2 3570 4150
2 551 4143
2 4064 4345
2 210 3540
2 3758 4551
2 3618 4722
2 4384 4656
2 3623 3731
2 2943 3551
2 87 2548
2 1635 3645
2 4322 4580
2 989 4212
2 1523 4175
2 3802 4229
2 3835 4960
2 2588 3246
2 1991 4799
2 3746 4765
2 3575 4279
2 407 2498
2 4907 4944
2 3124 4804
2 4320 4866
2 1907 3353
2 1705 4747
2 1282 1532
2 2436 2825
2 4395 4618
2 4151 4974
2 1080 1943
2 694 2318
2 1715 1775
2 223 1005
2 808 1286
2 1800 4923
2 2280 4869
2 3051 4231
2 294 1021
2 2294 3441
2 807 3422
2 2497 3923
2 2995 2995
2 814 4349
2 1573 1926
2 1826 3160
2 1077 4884
2 473 3209
2 511 2317
2 4585 4808
2 1649 1699
2 3837 4058
2 4448 4460
2 3572 3735
2 2699 2910
2 4730 4909
2 4685 4879
2 524 4662
2 4311 4418
2 1948 2154
2 3871 4102
2 1829 3578
2 1770 3256
2 4103 4213
2 2293 4796
2 4768 4943
2 335 2179
2 1204 2784
2 2874 3391
2 3169 3752
2 1914 2564
2 2886 3177
2 3588 4004
2 263 2401
2 4187 4547
2 2377 4834
2 4445 4977
2 1454 2734
2 686 4038
2 3366 4997
2 4220 4863
2 4555 4867
2 1843 3592
2 2134 2238
2 3051 4242
2 1594 4652
2 1300 1635
2 2178 4004
2 1121 3353
2 4217 4723
2 1183 4385
2 1053 1706
2 2665 4943
2 3454 4521
2 2155 3296
2 4203 4272
2 1336 3484
2 3402 4601
2 2462 4657
2 366 573
2 1484 4973
2 3375 4244
2 2690 3148
2 1695 2634
2 4557 4935
2 4992 4997
2 1694 2323
2 131 4057
2 4991 4999
2 1545 4089
2 498 890
2 1823 2705
2 1556 4152
2 1475 1914
2 3501 3950
2 2817 4548
2 745 4497
2 2019 3788
2 1531 3845
2 2590 2740
2 4918 4978
2 226 1088
2 143 2140
2 774 787
2 2955 4405
2 689 2591
2 1174 3150
2 146 232
2 1844 3822
2 3862 4679
2 2930 3511
2 1696 2016
2 3556 4482
2 873 3250
2 2228 3430
2 4603 4915
2 1551 2108
2 4579 4664
2 2293 4761
2 3930 4539
2 4364 4909
2 3582 4325
2 766 2997
2 1276 2093
2 4211 4977
2 4496 4866
2 1752 2097
2 695 3377
2 744 914
2 2480 2678
2 4502 4795
2 2542 3551
2 4592 4641
2 1617 2662
2 1360 2268
2 498 1856
2 3624 4622
2 4785 4985
2 4633 4727
2 1034 4298
2 3916 4270
2 4310 4584
2 3043 4683
2 1282 3740
2 2176 2386
2 1019 3738
2 3143 3426
2 224 1692
2 4861 4980
2 1502 2592
2 955 3449
2 2433 3348
2 3630 4513
2 3904 4844
2 3331 4418
2 1465 4946
2 667 1597
2 4004 4609
2 3115 3382
2 599 1593
2 3658 3955
2 4478 4766
2 3162 4269
2 4031 4845
2 556 2280
2 2915 4886
2 1225 3335
2 616 1607
2 1288 1365
2 3309 4250
2 865 4311
2 3331 3768
2 3993 4172
2 2588 2646
2 513 1392
2 1100 3288
2 1492 2059
2 833 4348
2 2424 3272
2 1843 3087
2 4147 4631
2 2928 3694
2 3678 4601
2 4444 4481
2 1281 4778
2 2959 3202
2 793 2876
2 2913 4078
2 3399 3881
2 3759 4150
2 314 1339
2 3594 3622
2 2793 4324
2 3065 4536
2 1589 3665
2 1728 1852
2 4433 4552
2 1966 4167
2 3563 3881
2 4713 4892
2 550 3404
2 180 231
2 277 3109
2 3996 4503
2 266 1694
2 4724 4959
2 1101 4015
2 3312 4598
2 1849 3038
2 3701 3881
2 3774 3785
2 4918 4946
2 1676 2296
2 297 3184
2 3816 4803
2 427 664
2 2599 3684
2 1595 4459
2 609 2121
2 4954 4961
2 3316 3348
2 2670 4506
2 3856 4603
2 66 3890
2 1105 2711
2 1476 4357
2 1229 4189
2 4239 4560
2 525 4752
2 1925 2312
2 3837 4514
2 676 2349
2 1401 4499
2 2907 3268
2 275 2223
2 3050 4495
2 795 4608
2 2526 2774
2 4888 4928
2 1563 2103
2 899 2803
2 900 2841
2 3239 3824
2 4499 4726
2 4919 4969
2 1014 3036
2 4538 4553
2 897 2520
2 62 496
2 2186 3173
2 2815 4151
2 1823 2531
2 3787 3958
2 4680 4846
2 4503 4795
2 1940 2568
2 4407 4498
2 4161 4472
2 4962 4987
2 3197 3373
2 3386 4703
2 4013 4604
2 2440 4262
2 302 4875
2 2220 3974
2 3826 4823
2 2965 4569
2 2368 4962
2 190 3834
2 1547 2108
2 1441 3402
2 1022 1254
2 1555 4983
2 3601 3980
2 3197 4433
2 1676 3479
2 3451 4063
2 1259 3887
2 3573 4116
2 1017 3864
2 4697 4791
2 4667 4911
2 3421 4871
2 2667 4785
2 520 1544
2 4051 4156
2 66 1119
2 4767 4771
2 2195 3392
2 2254 4483
2 3484 4484
2 4403 4708
2 4314 4810
2 1059 4431
2 2995 3330
2 4274 4772
2 783 4322
2 2324 4692
2 3724 4386
2 2666 4009
2 2891 3538
2 3725 4556
2 3590 4081
2 1877 4519
2 3879 4709
2 1195 3480
2 594 2800
2 2870 4293
2 606 3705
2 3489 3728
2 676 4175
2 4009 4263
2 3626 4882
2 2856 3007
2 3778 3982
2 3212 4784
2 3816 4910
2 3462 3946
2 2622 3260
2 2763 3146
2 1425 3059
2 1591 2003
2 3472 4995
2 523 3126
2 2416 4129
2 4592 4606
2 2760 2909
2 4430 4598
2 4733 4803
2 2586 4774
2 1683 3379
2 1376 3598
2 3505 3669
2 4492 4692
2 2936 4427
2 1758 4870
2 2540 3043
2 111 4581
2 3873 4865
2 2142 3677
2 1469 4633
2 514 1817
2 2161 3079
2 3944 4442
2 3637 4634
2 1605 3938
2 1523 2112
2 174 4312
2 2656 2792
2 3327 3894
2 1650 2056
2 1 4119
2 1670 4545
2 164 1373
2 1774 4653
2 4443 4539
2 2579 3220
2 3915 3922
2 193 1488
2 4852 4891
2 3316 4399
2 4855 4896
2 1972 3551
2 66 3690
2 2430 2685
2 4349 4381
2 2317 4370
2 205 1496
2 1910 2867
2 4372 4848
2 823 3500
2 1106 1502
2 2421 3130
2 2068 2204
2 1273 2747
2 1119 4912
2 3436 3754
2 3031 3496
2 2522 3972
2 1570 4265
2 1427 3239
2 728 2170
2 3200 3635
2 1878 3734
2 1839 3335
2 4593 4785
2 3500 4145
2 303 1368
2 545 4964
2 207 3334
2 2272 4592
2 715 3403
2 2071 4842
2 4619 4982
2 2567 3533
2 1843 3181
2 2780 3449
2 2990 3487
2 1665 2949
2 4391 4837
2 2212 4991
2 2920 3968
2 3725 3790
2 4714 4983
2 3909 4411
2 2323 4904
2 948 3711
2 354 3824
2 2579 3066
2 1420 1489
2 4796 4875
2 682 1270
2 3599 4508
2 2192 4500
2 4155 4880
2 2910 4017
2 792 1070
2 3971 4810
2 4925 4990
2 1909 3687
2 3314 4923
2 688 4989
2 1449 2125
2 3623 3813
2 4530 4923
2 3714 3718
2 4661 4999
2 1297 1413
2 1544 1753
2 77 1791
2 3954 4293
2 2003 4067
2 11 4487
2 4536 4781
2 4112 4424
2 2021 4759
2 849 4419
2 3895 4809
2 1399 3864
2 4813 4896
2 2377 2768
2 1105 4368
2 1919 3825
2 487 2811
2 2792 3717
2 1224 1673
2 477 1572
2 2494 2635
2 4516 4964
2 1323 1344
2 1789 1931
2 1327 1719
2 3318 3671
2 3410 3597
2 1873 3114
2 1610 2135
2 2422 3697
2 3288 4021
2 1520 4393
2 977 4823
2 4060 4588
2 4910 4968
2 3809 4023
2 2375 3645
2 4246 4308
2 4499 4518
2 312 1224
2 431 3177
2 3477 4399
2 1545 2925
2 1926 4434
2 4213 4797
2 2740 3081
2 2138 2600
2 2311 2944
2 2393 3704
2 4048 4672
2 87 4953
2 4259 4391
2 189 1866
2 4082 4871
2 3000 3001
2 1016 4223
2 1742 4626
2 858 3026
2 4459 4646
2 89 4610
2 3824 4756
2 1619 4331
2 2560 3054
2 1112 3397
2 672 3291
2 2159 4902
2 1557 3992
2 198 1941
2 4653 4875
2 4729 4994
2 4961 4994
2 1688 3534
2 4236 4754
2 2136 2612
2 1521 4789
2 1184 4022
2 4440 4921
2 3467 3681
2 3682 4943
2 3359 3415
2 1425 2255
2 994 2289
2 3020 4853
2 4379 4551
2 343 4977
2 3419 3741
2 3551 4695
2 3217 4600
2 2248 2986
2 100 1519
2 389 2146
2 1771 2138
2 2932 4748
2 700 4003
2 3568 4615
2 2811 4866
2 2872 4187
2 1803 4093
2 2018 3318
2 3811 4060
2 2491 4560
2 207 1747
2 4143 4496
2 3115 4144
2 1848 2902
2 3397 4823
2 3603 4416
2 4119 4942
2 3958 3995
2 2251 3891
2 2313 2816
2 4601 4677
2 2913 3193
2 1050 3714
2 2648 2827
2 4062 4165
2 1273 2688
2 422 4288
2 3341 4662
2 1226 4491
2 3158 4863
2 2913 3506
2 4732 4985
2 776 4872
2 3360 4850
2 2057 2475
2 4203 4268
2 2781 3368
2 3592 4568
2 274 546
2 2307 2680
2 2998 3629
2 1218 3840
2 3975 4029
2 1892 4844
2 471 3549
2 3635 3851
2 4576 4865
2 3629 4264
2 2986 4239
2 615 4562
2 1905 3690
2 922 3679
2 4404 4736
2 1896 3516
2 631 1080
2 2273 3376
2 326 1624
2 3125 4274
2 2766 3197
2 2786 4326
2 987 2161
2 2355 3520
2 1519 4232
2 3145 3165
2 1303 1368
2 4757 4786
2 957 4709
2 1762 4819
2 4089 4748
2 2920 3620
2 969 1486
2 4075 4747
2 826 4100
2 1481 3159
2 658 2819
2 1600 2987
2 2039 4948
2 974 1300
2 2904 4900
2 3830 4815
2 1631 1949
2 4394 4597
2 663 3958
2 1629 4861
2 2399 3698
2 1097 1709
2 230 4186
2 1470 3098
2 253 3079
2 140 4289
2 1622 2306
2 393 4135
2 2227 3899
2 1814 2092
2 1922 2720
2 4280 4790
2 809 3750
2 2661 2874
2 1238 2664
2 3616 4755
2 3771 3877
2 575 4968
2 225 3417
2 1729 3527
2 2745 4424
2 2051 3482
2 4816 4845
2 4878 4965
2 4364 4852
2 1127 2328
2 3850 4056
2 2983 4718
2 1451 2052
2 4961 4994
2 802 4724
2 1218 2372
2 4725 4823
2 2539 4129
2 2726 4502
2 3753 4480
2 1722 4515
2 4520 4663
2 1658 2021
2 528 4240
2 4582 4732
2 1751 2699
2 766 1902
2 3242 3816
2 2119 4292
2 269 2158
2 4913 4928
2 1920 3416
2 3971 4971
2 3040 3381
2 3575 4271
2 4089 4534
2 219 913
2 3520 4767
2 1863 2114
2 4022 4041
2 4540 4766
2 4958 4971
2 4016 4468
2 1401 3685
2 488 1074
2 3516 3635
2 3526 4941
2 3615 3645
2 1636 1779
2 2909 3676
2 2415 3651
2 1044 1841
2 3825 4627
2 2743 3874
2 2695 3511
2 2787 3885
2 1143 1314
2 3183 4955
2 3461 3825
2 3714 3877
2 3832 4997
2 2168 2736
2 1181 4621
2 867 930
2 2054 2435
2 652 3097
2 3496 4851
2 2862 3947
2 1298 1665
2 4464 4522
2 4223 4736
2 2696 3527
2 239 3330
2 2075 3450
2 3516 4315
2 3294 4550
2 383 3041
2 3565 3688
2 3972 4669
2 2716 4304
2 1539 3590
2 3607 4516
2 346 1219
2 1667 2291
2 1678 3151
2 4970 4981
2 2546 4946
2 632 1268
2 2061 2576
2 2984 4961
2 4184 4385
2 4732 4878
2 3194 4098
2 139 1568
2 2056 3566
2 4835 4903
2 287 458
2 4237 4570
2 4756 4879
2 4338 4565
2 2589 3831
2 1158 3545
2 480 2984
2 2667 4459
2 4726 4785
2 2718 3966
2 4354 4525
2 356 2663
2 3257 3510
2 3257 4296
2 790 1165
2 1482 4716
2 3337 4962
2 2354 3676
2 1996 3672
2 2933 3032
2 2847 3626
2 1368 3377
2 3897 4116
2 1131 4527
2 1705 4509
2 1823 4291
2 3665 4894
2 3700 4761
2 2187 2280
2 1347 2709
2 4695 4888
2 4002 4284
2 2796 4919
2 981 4384
2 3796 4704
2 2965 3978
2 3362 4558
2 2927 3443
2 1293 3503
2 1094 3615
2 3973 4812
2 921 4323
2 873 3607
2 3488 4636
2 3963 4398
2 4468 4659
2 2669 4508
2 3107 4347
2 1155 2510
2 4814 4887
2 4690 4908
2 667 4936
2 1237 2951
2 832 3642
2 1927 3548
2 4645 4823
2 2210 4898
2 81 888
2 133 3216
2 989 2420
2 450 629
2 355 1617
2 2268 4863
2 3373 4642
2 4744 4771
2 2005 4659
2 2657 3113
2 2169 2395
2 3125 4257
2 3682 4281
2 1303 2852
2 3598 3978
2 2734 4240
2 1918 4458
2 2579 4495
2 184 228
2 2183 3382
2 1548 3018
2 2774 4807
2 846 1132
2 100 3556
2 280 1963
2 3720 3821
2 1008 2755
2 683 3489
2 1715 2744
2 4714 4767
2 553 3969
2 4897 4959
2 751 3271
2 3769 4325
2 3607 4533
2 2549 3842
2 1785 2581
2 4449 4963
2 971 1702
2 3334 4332
2 3435 4949
2 2769 3957
2 3112 4180
2 3950 4411
2 1736 2933
2 73 2633
2 376 1457
2 570 4003
2 377 1773
2 3847 4555
2 1467 2698
2 1704 4375
2 2475 2795
2 3444 4741
2 4532 4854
2 1044 4262
2 1573 4530
2 2626 3819
2 3836 4805
2 4296 4760
2 4125 4614
2 2621 4801
2 731 4783
2 4440 4718
2 2596 4687
2 494 1928
2 2087 2848
2 714 3141
2 18 1869
2 3556 4986
2 3153 4111
2 2197 2762
2 1602 3015
2 583 3150
2 602 1264
2 2103 3192
2 3074 4195
2 3253 4060
2 1551 2884
2 1908 2673
2 3711 4175
2 1931 4813
2 2259 4331
2 3300 3712
2 871 4033
2 3960 4729
2 2369 3687
2 2363 2758
2 2747 3692
2 1838 3208
2 3386 4899
2 1715 3704
2 1006 2010
2 4221 4754
2 2638 3785
2 991 4105
2 1283 2729
2 2525 3824
2 1114 4962
2 4079 4752
2 2736 2875
2 2253 3080
2 3351 4115
2 828 2090
2 4827 4997
2 2752 4568
2 3210 4431
2 3707 4689
2 2986 4063
2 680 1575
2 4544 4555
2 4517 4694
2 283 4193
2 4064 4414
2 2307 4860
2 3346 3888
2 3107 3682
2 1110 3938
2 591 2439
2 70 4398
2 3786 4643
2 580 1847
2 1214 2777
2 3588 4335
2 2926 3396
2 2958 4566
2 4857 4891
2 3969 4118
2 3342 3764
2 1815 2273
2 2361 2574
2 2646 4917
2 1625 3166
2 3751 4850
2 569 2488
2 4729 4907
2 944 3260
2 4651 4833
2 2861 3246
2 4953 4994
2 4653 4911
2 1928 2348
2 4156 4602
2 2825 4676
2 3944 4725
2 1270 4244
2 4489 4606
2 1524 1774
2 1328 1829
2 3166 3974
2 1929 2660
2 4253 4983
2 3334 4967
2 1434 4643
2 2845 4140
2 1852 3208
2 3478 4602
2 1881 3819
2 4019 4455
2 3480 3692
2 84 4188
2 4351 4829
2 3304 4333
2 4765 4892
2 4399 4575
2 3847 4050
2 2806 4440
2 232 367
2 3901 4612
2 3919 3999
2 1412 4469
2 2271 3629
2 4484 4952
2 3531 4478
2 2809 4373
2 3100 4645
2 2073 4355
2 2807 4570
2 1344 2344
2 3285 4243
2 1075 4259
2 356 4425
2 3095 4622
2 4231 4295
2 2623 4238
2 102 4227
2 897 3062
2 1134 3383
2 404 541
2 193 2463
2 639 3362
2 1050 2000
2 3759 4059
2 3850 4745
2 594 2094
2 4397 4493
2 3469 3899
2 1772 3593
2 2489 2515
2 954 3960
2 2360 2915
2 4834 4959
2 708 4629
2 4654 4832
2 1560 3405
2 2993 3007
2 3040 4428
2 2112 3646
2 1538 4104
2 4008 4902
2 4260 4888
2 1409 4800
2 4338 4948
2 749 4676
2 2905 3603
2 2631 4034
2 1469 3042
2 966 4572
2 2392 3961
2 4021 4615
2 236 3913
2 1649 3490
2 2862 3926
2 3454 3855
2 4525 4843
2 3069 3339
2 3540 3567
2 4225 4321
2 1400 1550
2 81 824
2 2539 2729
2 3184 4726
2 3756 4687
2 4965 4991
2 4373 4819
2 2476 4139
2 1968 3224
2 3342 4903
2 4995 4995
2 520 5000
2 3154 4609
2 1035 2121
2 2499 3961
2 3210 4053
2 2420 4057
2 517 2034
2 3773 4573
2 134 2640
2 653 1419
2 2858 4630
2 3121 3228
2 2035 3975
2 1705 3000
2 3300 4818
2 309 1282
2 2269 4921
2 2330 3358
2 2013 4979
2 1430 4383
2 4432 4642
2 3107 4373
2 866 2233
2 2349 3158
2 3543 4639
2 4495 4872
2 3734 4340
2 703 3926
2 927 1862
2 4624 4820
2 116 3070
2 69 422
2 2681 3147
2 3457 3698
2 84 4200
2 2900 4659
2 1354 3558
2 4480 4813
2 3302 3468
2 1878 3948
2 3665 4664
2 4196 4377
2 3059 3407
2 1816 4782
2 153 1560
2 1594 3840
2 2598 3993
2 3061 3454
2 3378 4275
2 34 1385
2 4110 4551
2 4871 4934
2 4508 4798
2 1157 3952
2 1502 4440
2 3902 4951
2 1395 2032
2 3003 3357
2 3815 3908
2 1100 1738
2 3768 4795
2 2818 3127
2 258 1631
2 1254 2024
2 1396 4226
2 357 1708
2 3704 4008
2 961 3803
2 4252 4596
2 2074 4347
2 3323 3910
2 3067 3707
2 3487 4330
2 786 4268
2 4349 4872
2 4679 4860
2 3559 4332
2 1348 4591
2 69 1676
2 2716 4629
2 4736 4812
2 1595 3725
2 1196 4658
2 3474 4899
2 3122 4325
2 1513 4317
2 1573 2988
2 899 1651
2 793 1974
2 4782 4830
2 2294 3671
2 1541 2015
2 3320 4743
2 4603 4833
2 3673 4230
2 3182 3197
2 2725 3269
2 3887 4242
2 3741 3925
2 3102 3857
2 4725 4924
2 1689 2611
2 1309 4767
2 4369 4452
2 3437 3543
2 2175 3578
2 2203 3357
2 1085 4321
2 256 3449
2 1637 2959
2 4215 4355
2 1371 2557
2 4021 4132
2 113 189
2 2410 2732
2 2368 4593
2 3951 4996
2 2395 3798
2 1199 4569
2 4930 4996
2 1109 2545
2 3606 3617
2 3681 3921
2 1963 2613
2 4199 4471
2 2662 3873
2 3480 4281
2 2693 4249
2 2029 3683
2 4710 4734
2 1607 4500
2 3384 3403
2 1358 3542
2 832 1857
2 4029 4300
2 1886 2668
2 2547 3655
2 1685 4322
2 2588 4231
2 2733 4578
2 4645 4928
2 2162 2557
2 3602 4326
2 1754 4781
2 4060 4558
2 2154 3535
2 571 3778
2 2460 4109
2 833 4800
2 1183 4909
2 1628 3286
2 44 4887
2 3130 3671
2 3555 3619
2 1173 3493
2 4211 4722
2 221 784
2 3727 4977
2 3654 4931
2 3733 4506
2 2218 4532
2 3135 4086
2 893 2657
2 1984 2716
2 3586 4190
2 670 2302
2 2312 3278
2 4070 4789
2 897 2099
2 4119 4960
2 1392 3579
2 3256 3468
2 2899 3495
2 730 2281
2 4442 4983
2 315 1723
2 4603 4866
2 3747 3979
2 2835 3920
2 1307 3257
2 4443 4809
2 432 4793
2 2698 4063
2 4170 4865
2 3803 4711
2 1720 2108
2 3517 3937
2 3055 4248
2 2371 4798
2 1700 3217
2 1276 2375
2 1798 4631
2 467 2024
2 2983 3018
2 1069 1141
2 1520 2131
2 1280 1825
2 4694 4704
2 2953 4236
2 1237 2810
2 4864 4911
2 3870 4016
2 1946 4048
2 458 1584
2 4328 4618
2 105 4433
2 3443 4886
2 3919 4258
2 1060 2794
2 1588 2439
2 4507 4853
2 2582 3064
2 2749 3515
2 2818 4832
2 2454 3322
2 135 4893
2 785 1378
2 2264 3626
2 1283 2164
2 4032 4772
2 1986 3585
2 3330 3565
2 4400 4797
2 3152 4034
2 3350 4420
2 4090 4249
2 4783 4916
2 3417 4171
2 951 2448
2 3101 4748
2 474 862
2 1676 2537
2 1645 3865
2 4373 4692
2 1757 4183
2 2814 3975
2 2455 4560
2 2018 2732
2 2964 3452
2 2843 3842
2 4289 4722
2 3112 4125
2 1234 2393
2 718 2907
2 156 4800
2 4088 4210
2 1034 1554
2 4033 4738
2 1168 4806
2 4412 4675
2 2696 3517
2 3582 4944
2 4768 4984
2 2707 4508
2 904 1058
2 889 2305
2 1138 2595
2 284 2944
2 3661 4064
2 938 2670
2 1441 3673
2 1899 4653
2 419 2286
2 4766 4852
2 951 3273
2 1788 2922
2 2372 4849
2 936 1151
2 425 643
2 310 3646
2 4505 4726
2 509 1728
2 2384 2601
2 1462 3669
2 1520 1783
2 1538 4923
2 3835 4080
2 1398 2566
2 4709 4792
2 832 4689
2 4466 4969
2 2750 4863
2 2297 4847
2 1058 2204
2 3752 4868
2 1419 1672
2 475 4250
2 3466 3528
2 2096 2916
2 2613 2919
2 1588 2555
2 154 4108
2 3757 4835
2 1536 2654
2 3512 3514
2 2966 3516
2 1025 4239
2 2737 2927
2 4400 4774
2 1658 2987
2 183 3094
2 4927 4959
2 3351 4720
2 3787 4801
2 575 3732
2 4499 4659
2 449 824
2 2536 2553
2 1945 2493
2 2152 2931
2 1122 2727
2 4450 4925
2 1349 2372
2 568 3368
2 3295 3741
2 411 3886
2 4849 4948
2 3794 3884
2 4708 4881
2 2136 2566
2 2561 3781
2 671 3340
2 3522 4176
2 3523 4916
2 1548 3919
2 4638 4902
2 4914 4951
2 4106 4420
2 2648 3421
2 3017 3202
2 4536 4703
2 3534 3631
2 599 4784
2 44 1825
2 4150 4697
2 3496 3866
2 869 4587
2 1613 2753
2 286 4832
2 2059 4290
2 652 4462
2 2086 2265
2 2788 2813
2 2515 4835
2 1143 4308
2 4562 4676
2 3432 3736
2 759 3706
2 4605 4888
2 849 4577
2 4926 4987
2 1556 2245
2 455 3361
2 2001 3576
2 3164 3943
2 3791 4865
2 1136 2114
2 4801 4850
2 2913 4341
2 2977 3999
2 381 4397
2 1826 2943
2 3471 4744
2 4316 4866
2 888 2965
2 3142 3761
2 185 815
2 1556 2902
2 4112 4397
2 2371 3579
2 4012 4720
2 1337 1888
2 3771 4094
2 4858 4902
2 1318 2276
2 3571 4039
2 716 1743
2 3567 4431
2 4067 4170
2 3445 4075
2 2656 3030
2 3449 3621
2 185 4088
2 2742 3027
2 1894 4004
2 3723 4934
2 933 3007
2 3443 3901
2 579 2852
2 3247 4575
2 1652 3024
2 2764 3219
2 2716 4707
2 610 2566
2 2843 2857
2 3790 4801
2 1259 3790
2 596 4673
2 4739 4832
2 23 2902
2 4231 4237
2 3255 4542
2 3783 3783
2 647 4941
2 2786 4528
2 2464 4330
2 1408 2898
2 574 3990
2 2591 3448
2 3147 3379
2 4796 4898
2 1601 2751
2 2254 2900
2 4126 4922
2 520 3905
2 1123 2315
2 2398 2822
2 2134 2198
2 3347 4507
2 1503 3692
2 4230 4268
2 3478 4151
2 4617 4855
2 2548 4971
2 3266 3663
2 287 3201
2 2323 2550
2 2658 2981
2 4091 4595
2 1951 2856
2 3717 4966
2 4311 4316
2 258 3770
2 300 3975
2 1719 3569
2 4426 4520
2 4289 4854
2 4375 4781
2 1282 4891
2 35 535
2 2762 2933
2 3192 4247
2 4117 4321
2 2471 4008
2 813 1586
2 2878 3429
2 2919 3669
2 1131 3557
2 3013 4098
2 1041 1200
2 1909 2770
2 1742 3612
2 3 4522
2 2232 3743
2 2433 4707
2 4623 4951
2 2983 4078
2 1163 3924
2 1909 3497
2 4849 4855
2 3293 4676
2 4584 4709
2 491 1510
2 4735 4897
2 4685 4955
2 4605 4732
2 3629 3707
2 1859 4506
2 4695 4888
2 3849 4554
2 1472 3528
2 2321 3310
2 1915 4762
2 4932 4947
2 3369 4565
2 866 3866
2 2215 3226
2 782 2206
2 3898 4447
2 4702 4911
2 4469 4809
2 2394 4152
2 1361 2193
2 1796 4842
2 4432 4901
2 136 3008
2 4 3960
2 2882 2912
2 1042 1905
2 486 606
2 4384 4449
2 2712 4540
2 4733 4851
2 138 3670
2 3333 4230
2 2802 3798
2 3001 4972
2 4525 4592
2 1129 4580
2 1582 2501
2 3270 3340
2 1804 4891
2 499 3901
2 3423 3442
2 4765 4980
2 2389 3256
2 3104 3740
2 4708 4923
2 2252 4923
2 4748 4833
2 579 1558
2 2410 2821
2 1730 4690
2 538 2678
2 4173 4319
2 2797 3264
2 565 1467
2 1051 2019
2 4543 4565
2 2889 4488
2 2315 3609
2 4040 4118
2 1031 4912
2 2927 3581
2 942 942
2 4836 4841
2 4625 4989
2 2879 3967
2 1711 2416
2 893 1654
2 462 4332
3 4073 4730 0
