7 11001
1 1 55930352 390359793
1 1 626239013 259721213
1 1 631322443 583058949
1 2 640102063 301272814
1 1 909291338 239222158
1 1 509578767 550166989
1 1 315128409 479351569
1 2 431496340 823531832
1 5 351254296 66272383
1 10 537100635 536583326
1 9 906395181 367637054
1 7 834835243 120395823
1 6 472567401 472688837
1 7 78454428 125554384
1 10 44793113 299281026
1 15 838406481 719040455
1 12 409173938 49245666
1 14 608077581 821276453
1 14 250666367 702582302
1 11 598612388 982647903
1 8 791134317 608330760
1 17 911634856 74275922
1 11 576594585 123387849
1 2 490166772 755625803
1 5 867010743 963520191
1 24 211507586 953914812
1 7 121248295 424068678
1 18 628654363 423077963
1 23 22426842 252600848
1 24 205174494 679995882
1 14 157394290 289072701
1 21 867103932 625724935
1 16 437622013 93671158
1 1 233271894 372503086
1 10 939636294 735815644
1 27 756684101 523382089
1 28 787773694 144098818
1 25 172748249 419634060
1 16 433434470 848291331
1 27 550775311 736165302
1 25 654087181 75341833
1 26 693871148 741304073
1 43 415854660 170818804
1 27 72010007 849070568
1 24 777940303 79130164
1 19 239430474 668385636
1 25 48759877 354406470
1 36 356995292 698234311
1 38 13898011 379208635
1 13 534157406 353463371
1 28 290933032 848706077
1 10 817800052 109302407
1 31 997836107 748842638
1 33 246696701 650624074
1 45 217491773 901618825
1 40 390821946 253852342
1 6 791728917 916619951
1 55 393964913 444423742
1 28 728366923 565265993
1 59 375980362 863057716
1 30 767107865 133642018
1 19 277562805 497530408
1 53 973693750 972160856
1 50 425251091 99760840
1 29 816524006 207874830
1 2 274912963 597519259
1 58 84300515 161057660
1 27 151805066 995912169
1 10 958815515 944676102
1 69 737333176 507898362
1 55 430394552 844167969
1 64 518786617 508006048
1 22 302466866 565410063
1 51 807081831 35659964
1 57 424232160 145843980
1 6 182049473 400524729
1 15 947468138 310525908
1 50 857459822 519639860
1 17 766264134 728112782
1 5 338475842 163286263
1 34 761220997 394903453
1 70 815082615 361871795
1 32 890278278 928477266
1 12 573854275 210059028
1 51 88447743 166427185
1 40 165392579 29466707
1 45 926683593 57452344
1 87 5629448 754716617
1 77 695407138 901354837
1 71 657510806 236117395
1 78 177379683 534240709
1 27 348660297 469944329
1 9 448034549 2647147
1 37 840451719 913607462
1 65 796412682 800579176
1 75 612157284 297948964
1 84 283515524 507223324
1 41 369927285 276267094
1 63 519508108 43513217
1 97 858579149 890615323
1 74 829317718 699495615
1 88 629224040 502634482
1 19 268368817 933295415
1 72 812860362 722981986
1 80 557245526 236453779
1 39 932672342 641685802
1 29 617485094 94837036
1 107 690726300 174567910
1 37 490145196 342789839
1 68 780136637 945798657
1 30 894920066 911836766
1 28 970737641 16719986
1 50 291287512 26126818
1 99 574676237 756987570
1 105 858246486 175123204
1 68 741135942 925161023
1 102 79127245 276941971
1 52 858161027 231988227
1 27 355941636 754048882
1 61 358433348 830440991
1 36 487733193 8574916
1 8 55748117 322233869
1 107 268257987 487552333
1 5 340506515 417160446
1 58 119162320 221832676
1 41 581691401 425463384
1 102 295763656 632262611
1 3 478162810 18315747
1 39 31859779 828290990
1 74 840457045 746856697
1 96 659418836 532939909
1 17 798923321 760095450
1 74 602943954 847511990
1 9 99572187 496808804
1 40 357022767 754404761
1 56 400929430 558535525
1 64 417423892 246399351
1 63 444785912 825812407
1 12 433817359 348258677
1 37 89574494 404819743
1 35 446467073 76740839
1 132 200006786 675252353
1 48 150496500 842713217
1 104 193991110 5146345
1 20 398951319 968715016
1 123 435037451 458240809
1 17 988261906 177888619
1 45 554646471 585050149
1 39 37158332 838319462
1 100 386442221 765359829
1 95 854596747 671665553
1 113 375368784 622086699
1 134 896961891 949678754
1 58 117943265 965917616
1 150 433859571 3175213
1 31 291427843 326568910
1 7 917833922 183795842
1 20 174885484 980387097
1 22 381299653 247055968
1 134 657827876 742044769
1 151 690499960 896703515
1 1 713118780 132386749
1 72 461413925 443887256
1 91 555630740 178326294
1 19 141566413 69199305
1 159 34211165 209984176
1 78 915924617 673995700
1 50 117435055 746882304
1 65 631537243 386777109
1 93 113786788 555810394
1 137 260372968 840501366
1 160 91119363 492247283
1 59 36840086 56778368
1 131 899423990 660036628
1 1 338598634 252920911
1 163 316919017 82639728
1 25 318425864 594964527
1 162 48262616 206571117
1 172 784133311 909478903
1 10 606583185 692998816
1 166 950806106 812051900
1 104 760504916 887383859
1 56 424613067 163771515
1 161 32605213 670336859
1 90 864277830 969509787
1 171 90588861 974446082
1 119 717752765 635905791
1 41 544369421 10327908
1 154 133977846 213563299
1 5 906103604 624331196
1 189 780371449 585985597
1 48 729879202 258385166
1 180 605143171 238865892
1 17 321536171 323883373
1 60 447002164 891787956
1 79 156599425 344562180
1 24 178724668 640771911
1 60 326961800 89466907
1 4 166791797 292931623
1 154 191731775 605491118
1 138 201231480 260081261
1 45 231557879 898827016
1 61 730237995 884771535
1 131 250102933 644424124
1 185 826676125 842102455
1 40 408930081 276555539
1 194 448627782 427612518
1 135 652110519 399908601
1 9 318062613 147234094
1 3 284240969 868329430
1 155 806296123 842068981
1 132 929813908 301284104
1 41 881272350 520159545
1 10 130082464 198700345
1 115 404511420 562498001
1 131 749953329 616726250
1 20 802296450 26593083
1 113 715684690 478982079
1 138 810916556 354619927
1 85 55660666 648635913
1 186 549478691 52369689
1 145 585687125 358617373
1 151 292972280 856878519
1 19 32185110 728030277
1 215 106107179 806645619
1 46 638629831 790326775
1 127 992280313 5679360
1 126 766157789 643279992
1 62 306576823 480768515
1 77 436827598 573639254
1 16 527508035 383759517
1 219 248862676 402772206
1 225 653033569 192748617
1 106 931815192 780437110
1 145 135749819 1858244
1 199 577205751 364927678
1 119 628559288 24945600
1 139 282852557 64248183
1 216 903738564 557447137
1 222 28313424 463947133
1 208 590071425 531764345
1 114 851007480 548134086
1 171 920030707 450037776
1 68 963686965 934174034
1 193 469717862 743727962
1 53 605628683 678064780
1 114 355371139 608087692
1 78 756500184 596779843
1 227 328120467 244581679
1 250 436485071 763049092
1 134 312676481 821145886
1 33 870030892 862887485
1 141 933999802 283837881
1 161 577559027 714012909
1 48 546329882 352502715
1 22 224488486 482865906
1 19 870439537 841781031
1 73 159154891 515173751
1 236 133712899 714582810
1 133 174006685 799401070
1 228 893266579 430216689
1 78 511511931 953111072
1 217 708557690 868065454
1 26 942799338 200265820
1 95 958031983 409324923
1 241 518767598 73284490
1 110 633490245 166107257
1 253 420366290 328903962
1 213 310349519 291580419
1 204 390566809 478226528
1 176 655509703 61520545
1 69 944371333 359613965
1 83 840314399 539272077
1 18 365431573 971117896
1 197 573065466 783903945
1 49 102751921 537729671
1 272 964662010 682233780
1 154 878030163 507410840
1 221 701484582 74152335
1 27 418522841 613069768
1 37 990251637 424845241
1 274 668661274 307174334
1 223 737980642 436124569
1 56 383736445 199419354
1 126 321771272 116690688
1 175 450849225 168495716
1 188 872306901 273951721
1 271 861873164 452494807
1 138 488776611 752039593
1 264 462520955 268823970
1 218 530515679 872227892
1 76 751119076 755716188
1 13 972633005 408456881
1 275 195449886 678390613
1 205 816537308 13767953
1 206 468494396 702741108
1 106 855548263 104493179
1 259 496583407 463106990
1 266 875125021 20361706
1 35 901140360 943421768
1 282 922771575 539080651
1 258 6421819 760670657
1 159 635720465 175960514
1 297 786583485 394257102
1 151 395466851 832476969
1 231 451629812 617447053
1 158 31551652 849110102
1 170 83902429 480610506
1 95 715961209 943344957
1 260 487709651 849253617
1 295 364112783 831535798
1 252 406603490 730425674
1 274 121352508 400889970
1 224 434753691 638032008
1 34 766087907 38597085
1 243 887200024 893126608
1 254 73333178 859130313
1 219 367637653 403972070
1 263 718291644 758530777
1 178 621321367 602627150
1 14 916234577 478314242
1 228 101204648 985846995
1 258 22657381 480107423
1 136 922065283 359002183
1 206 714663839 398296127
1 101 990841996 995704307
1 2 905361130 312713835
1 230 379848606 526088475
1 8 150383919 608233857
1 113 708620124 561522783
1 138 908294713 913945863
1 233 101906691 344875211
1 10 909052225 590913880
1 82 143732064 503614019
1 122 301176941 689225070
1 35 149483611 498252392
1 256 924694004 207261004
1 232 149850009 536148882
1 100 57473709 97583852
1 231 135730450 188234992
1 48 778074527 538147703
1 122 129175285 241152773
1 64 968607915 183362664
1 68 730719641 436660382
1 217 709864081 74006886
1 249 906976493 243605190
1 155 555164932 231030469
1 157 937403218 954638299
1 239 418058480 177977794
1 295 231267913 447393322
1 283 393715934 46032397
1 175 173563937 634966321
1 264 963610309 201340980
1 226 840793225 781856224
1 83 998783266 75907759
1 79 309887015 872611611
1 342 762378027 986211128
1 338 951138337 678078395
1 117 694161753 308009422
1 87 660476476 541963228
1 83 409735111 612589741
1 36 612929016 384691798
1 84 284907951 108988091
1 90 257703678 793389804
1 180 602048529 946651898
1 44 875499953 949755989
1 355 99559536 358376248
1 213 514248265 92498078
1 54 902578638 310538813
1 349 666113442 707334035
1 30 962021387 159242129
1 301 812226591 520856917
1 38 207181615 71360964
1 350 507493369 6827543
1 249 762350540 122219247
1 3 257957621 14559001
1 92 970816069 704211721
1 116 541125437 228698185
1 295 777193462 818476057
1 363 509818229 205023328
1 214 63323544 111849311
1 56 846757212 205371706
1 332 524334812 969983868
1 168 967284306 316200373
1 95 1030655 649884353
1 374 779113512 161295259
1 197 604297428 375262429
1 379 968426883 716363550
1 278 544679604 465280644
1 368 985031041 760152963
1 143 903926347 36415788
1 105 191825743 585489816
1 373 928227727 795086908
1 29 189065404 320567566
1 117 476856031 642459414
1 126 470758741 180326091
1 350 684373533 650953127
1 92 413827904 223595223
1 196 7052919 503707885
1 297 401215417 808211581
1 66 573166878 735198901
1 173 954869727 167703005
1 124 266639380 313038346
1 286 908961217 68063205
1 32 348592518 672728264
1 193 298177697 399809302
1 29 892256494 228290412
1 184 935480731 732474549
1 258 605501087 859782564
1 245 404204875 687866234
1 210 484144482 572236784
1 329 1494601 367017298
1 137 990751865 257109338
1 100 447110505 231171810
1 82 624885332 817294195
1 149 498583917 689213794
1 1 2178655 186923610
1 219 565012301 335397701
1 225 396075360 87894791
1 288 928379786 266109010
1 316 186560803 385452007
1 93 138813675 884902961
1 383 141130364 983742190
1 212 682520236 529553568
1 135 476181929 561350466
1 52 2453194 128234607
1 318 780730882 793053308
1 6 148996926 229297722
1 411 564558507 1834510
1 4 6426093 525964101
1 307 193829901 665901991
1 48 214878803 803204976
1 372 700594773 42985383
1 390 413182449 19537516
1 15 178646397 893948020
1 220 588298128 542322762
1 53 767646998 696882486
1 399 394581795 152819848
1 128 975424030 994287213
1 241 932011395 872376877
1 338 440249994 924114063
1 93 281693167 437713730
1 416 164937504 53876445
1 206 821466113 320596787
1 132 90601993 535957812
1 200 559582282 846319178
1 262 203793290 368107802
1 385 37991644 519062158
1 406 753062508 366902233
1 338 393676139 929788789
1 23 454971439 503994160
1 231 549413782 988654949
1 434 811203691 415992391
1 447 912727582 638439448
1 391 403730618 624826173
1 127 611675648 919341522
1 257 790959022 346728697
1 150 740243975 89743448
1 380 940667371 428731064
1 150 478674507 386234563
1 292 371726620 881191356
1 403 969376299 171718590
1 227 310326533 325912059
1 366 347141173 276107153
1 236 428516989 935662799
1 93 202032620 616697871
1 200 352418932 253571178
1 29 591189241 232706320
1 293 177600867 438961347
1 137 185030083 672228681
1 332 830545467 398378
1 324 346401306 459243251
1 228 324446664 706151391
1 181 468450393 862461251
1 234 506965137 988190087
1 150 14350509 116256006
1 423 457567168 675364203
1 278 215772866 809108764
1 249 831916699 920902201
1 76 533326074 373886189
1 398 8014187 938168468
1 431 439284914 286365573
1 419 599170792 746116689
1 122 12575360 879413262
1 174 600726912 175562243
1 31 795932788 973266454
1 215 488727041 258772583
1 469 316644685 963777
1 145 920092770 649824290
1 480 505157271 582282340
1 473 122939205 700087751
1 205 691373970 890823939
1 412 684978780 425672377
1 307 531913388 357328498
1 65 843201234 577306106
1 47 285094171 664506254
1 164 594010179 500066764
1 308 102769461 747131992
1 163 583229797 300604016
1 460 508733296 551821379
1 412 314364959 537125990
1 167 251990718 332490178
1 365 514232969 894423833
1 236 489853503 154450022
1 376 153981180 459775673
1 276 725079320 608543349
1 337 383262138 570527639
1 123 461137623 141258394
1 339 597978158 185654976
1 307 174864725 900429578
1 439 560385275 577018120
1 393 959851499 872681105
1 192 839934867 620824262
1 40 640416995 695087336
1 348 181687074 988417656
1 495 43904800 424203605
1 487 516047884 341818504
1 439 504053519 80969019
1 77 168937188 299837409
1 315 286714210 600395552
1 134 360259663 599939304
1 327 324899085 330406759
1 430 638175982 571066190
1 148 188799204 858002192
1 87 661255226 195619113
1 340 802719386 382202417
1 104 675805549 138309201
1 177 8975723 601576313
1 209 287455860 338695101
1 157 372059049 194594086
1 158 442585595 394884143
1 350 869098690 62041138
1 364 153951300 730899617
1 439 478645336 197435763
1 501 778230004 459366604
1 291 4908573 949973539
1 212 783641333 190355892
1 239 195504550 923764398
1 11 826931257 689368050
1 47 438793964 996212729
1 528 285143766 775791922
1 256 810894451 840843551
1 412 98282445 47571450
1 132 222746946 535265259
1 141 976657384 732167550
1 22 853302333 503255914
1 262 795797762 102585168
1 379 373390506 165250466
1 535 165259864 698536315
1 547 64176517 72670786
1 21 67790282 338304271
1 46 614143090 277801185
1 246 896257148 940973378
1 469 906008377 711698799
1 482 560947025 998965318
1 335 792612731 296877024
1 347 58608615 249563327
1 358 813917210 18512530
1 58 513664139 696363321
1 280 823813332 559150361
1 248 63069757 16888597
1 306 120604783 426011430
1 119 899580399 830175212
1 312 169322218 406405910
1 206 847294724 96779502
1 174 435060999 307540237
1 322 317095400 297800666
1 568 340754934 193627970
1 363 360855825 173082295
1 201 400030893 13112818
1 442 359862372 99538266
1 92 469595153 401369277
1 245 422128358 180863577
1 28 27969497 167770234
1 387 80128589 382210760
1 282 584016879 65914729
1 323 96838149 14365553
1 227 542699072 798894142
1 451 507174432 32212254
1 401 62006378 173801702
1 407 335588109 841564863
1 374 123807924 423369279
1 387 346866103 465680145
1 328 271187030 865105335
1 160 830518577 646935431
1 519 408973421 225037157
1 49 701135443 739513966
1 209 653629945 100169602
1 584 97620213 605740124
1 391 609411330 870049798
1 27 928144687 828093059
1 75 49241268 780319734
1 334 399909333 469887398
1 185 813754450 353664183
1 280 36174242 438397357
1 505 513175724 617673452
1 336 940134604 884051139
1 453 769883907 342946183
1 539 702912438 109684377
1 342 755986180 438497608
1 120 770609690 560161769
1 593 14383899 259604529
1 96 662277912 165824400
1 213 225171221 683408950
1 387 823068726 734138731
1 229 873705425 482588960
1 276 288582555 539847916
1 212 311424622 231907484
1 508 323824729 518432237
1 138 294401000 970994667
1 340 127493634 778945216
1 485 128977482 809901899
1 330 225981275 244180157
1 34 548657356 754147140
1 305 866467187 340182592
1 148 355831950 795936049
1 50 322423156 927834792
1 376 465776225 172793090
1 600 107523281 593634200
1 288 806003027 353597754
1 567 573028301 614450766
1 501 296726335 750875907
1 94 89812929 452766219
1 338 47577207 307374489
1 166 19200576 657630872
1 394 680326498 437880581
1 60 560528522 180811111
1 275 71755723 563568609
1 295 133451727 638784873
1 490 428947870 365278033
1 623 104400709 11527827
1 590 576603472 887131901
1 166 491847645 44099064
1 539 905753677 764330544
1 4 47954475 129785161
1 151 977808533 32996045
1 125 235042375 264075035
1 269 228477731 335513592
1 629 386461157 322032616
1 295 799192843 22032894
1 508 714222943 26930963
1 602 986791707 419422898
1 117 193457544 964168487
1 462 708026224 62486794
1 27 812596091 250720561
1 599 402490051 320453901
1 309 136947209 405210434
1 164 578619244 28232927
1 540 422592195 496965247
1 302 595208386 557521001
1 130 986790406 74768024
1 126 191055363 810218474
1 432 22873831 379019382
1 24 66443348 67639429
1 576 355292897 564767137
1 24 814603849 109844377
1 234 424901963 534805943
1 394 156905165 157374214
1 350 346646145 889894371
1 519 682167607 259824310
1 542 436174104 649416555
1 602 157042785 230797651
1 634 938356045 247322903
1 540 311692645 605018520
1 101 451529468 880008278
1 132 684524744 171529190
1 518 518411719 103992829
1 590 495184815 49431356
1 369 216789875 588943998
1 617 255997993 325484441
1 394 245521562 226448907
1 488 381278023 336642734
1 200 501669293 566167460
1 215 113056317 11249679
1 506 132597192 148653466
1 538 125546797 504721482
1 389 57595012 282549947
1 337 38371220 736947790
1 476 280411033 681963967
1 22 145354169 569485449
1 661 688507542 642073392
1 56 712448453 101431583
1 399 274061861 671893761
1 606 807806872 803117568
1 209 707786804 230072480
1 71 749390808 201026627
1 569 114974784 589466587
1 10 14587403 233174805
1 411 659369346 582134941
1 433 828163121 342337651
1 107 835845303 843262930
1 291 779794301 35331913
1 290 22243300 307317025
1 657 532823382 768986299
1 104 701336576 97782339
1 448 798640663 938117029
1 456 914971446 268309807
1 478 381709504 303769832
1 112 435463864 291274536
1 184 88211363 390856642
1 58 531081283 144078855
1 662 649029710 519326430
1 555 769190786 693004433
1 669 228852507 275695242
1 557 186063160 431390918
1 552 159117475 582649886
1 137 812350165 800142239
1 273 795495351 199439592
1 226 822825231 378447382
1 538 398137404 639749579
1 252 393161499 651538
1 165 312995150 565619221
1 487 960541093 383601646
1 361 920979475 517031242
1 409 541013183 36071337
1 665 812137886 751463673
1 592 89294855 147025176
1 67 493622949 144022594
1 638 133663760 438226489
1 169 153947079 954085278
1 401 159979366 455327120
1 312 928891594 120454869
1 422 697855137 213217163
1 135 949189478 665037266
1 687 534652792 933834198
1 290 790644513 884774726
1 192 493230099 77464052
1 140 530229324 720485153
1 509 723955641 976683262
1 147 52248168 463796348
1 191 256889030 933899738
1 616 919057571 594018347
1 467 578326304 690249606
1 444 320443717 3415915
1 121 851424221 368371329
1 586 426900576 655066540
1 54 824175823 686654450
1 705 233145140 237423469
1 504 418163478 775261210
1 99 652271444 796336600
1 44 355643567 189714866
1 499 844568432 405388996
1 457 835487511 383847102
1 79 40067032 218983535
1 398 175427381 704549265
1 691 8667357 792437447
1 663 671840157 663532740
1 101 181355695 705815919
1 616 652975775 450140384
1 694 816565196 70105410
1 546 400178853 358199518
1 565 323328325 443707123
1 690 835857909 685299409
1 190 462977452 525140205
1 629 569975383 6424837
1 459 316962189 982856141
1 462 646480849 718477658
1 496 655766226 490681393
1 494 927187709 665605332
1 571 656171520 571477633
1 14 15023420 636986022
1 510 368181337 350670163
1 422 81312552 829057838
1 467 813049849 94017005
1 225 251646274 598575615
1 554 536320155 137209752
1 313 264368309 293853961
1 468 868682170 808598837
1 30 648703591 699091310
1 437 21409450 219221134
1 148 539992278 152265021
1 486 900128429 78259466
1 684 793454525 769177506
1 368 990273768 732333608
1 169 465139493 600279828
1 605 827499942 562797795
1 326 264486435 162401141
1 645 417370905 139721591
1 82 311303053 1111335
1 65 690106922 10590801
1 716 283717798 758627744
1 135 583619285 979611002
1 182 173984314 460862096
1 556 740730100 994623011
1 364 294431520 930423774
1 658 267147816 696779662
1 54 641487077 119393133
1 140 919592311 111623478
1 764 799714978 631728308
1 549 924639669 73795896
1 11 865960462 738382003
1 144 393067409 168094150
1 699 341015776 215747578
1 388 244947790 117335661
1 602 58780076 644627095
1 394 829242302 136395608
1 211 83049600 771248590
1 724 872218537 252667835
1 51 233047324 164627793
1 443 243180232 923108905
1 145 415281482 678834875
1 380 5676234 497658260
1 757 235714422 243131976
1 102 778412530 892772987
1 137 477761931 97028557
1 582 398786119 572679087
1 784 23032643 645169804
1 19 756685613 626251098
1 154 320689175 615732425
1 232 884233276 439239581
1 428 566371578 124397518
1 139 336115497 880403970
1 687 204541329 94504855
1 304 936441256 530733155
1 521 844283130 235638016
1 746 924711890 387710774
1 55 428495635 980439910
1 28 945589208 909353839
1 201 36006954 943505894
1 366 225840539 6383996
1 349 566454153 75958276
1 501 457809110 951782106
1 703 717147451 839649219
1 253 267105763 831210529
1 795 34303779 366258624
1 821 788633932 472531409
1 155 403766806 951760798
1 587 2532915 801683704
1 89 747556067 429533165
1 433 477897348 867019858
1 733 411956324 593896767
1 247 724162713 990544131
1 822 157760541 580407661
1 323 916655889 147164109
1 337 540943076 496406107
1 725 509589930 742158827
1 495 860949094 639061793
1 27 49709583 896195416
1 315 237164226 456879765
1 663 761790729 363529436
1 447 862477536 380109037
1 327 816696187 821061076
1 124 209580625 726223112
1 185 948810539 668793730
1 299 956648629 245068663
1 529 16377831 668759389
1 645 779946770 531346741
1 428 568228780 375949714
1 197 704866641 113385968
1 336 371456706 781584548
1 295 910348649 581756270
1 508 789761865 595357100
1 702 699904881 456312728
1 524 783341924 869981988
1 112 32772893 65052849
1 488 144613216 767563504
1 763 289940917 122420933
1 517 729996818 445006069
1 152 512933646 74798266
1 358 986645039 883664369
1 307 333100602 730200951
1 469 494719862 416227925
1 806 396692015 725211139
1 688 220059582 887222271
1 701 868469748 750885085
1 220 217356087 641738975
1 393 163859022 910953561
1 830 477364851 689557708
1 149 459389250 597976793
1 318 679768357 42297887
1 754 156353644 354300245
1 844 128297226 360943756
1 381 566476072 202263759
1 185 901406405 473437227
1 540 618013199 594395746
1 45 21623871 346427015
1 34 273942460 312710120
1 580 406131044 388495499
1 822 580803163 933632920
1 840 121924330 468099525
1 353 277888467 971630214
1 217 258693799 338627547
1 477 953751377 139241386
1 564 574850739 774567349
1 835 611143072 456235962
1 452 854063478 814116025
1 155 403666368 184553220
1 556 340698288 389896371
1 604 160086525 552691392
1 416 439578038 638389634
1 816 795049056 701694086
1 703 942088993 101782539
1 197 282523614 646425232
1 618 147617926 681046716
1 149 983416314 181807501
1 326 114319713 549514743
1 653 234013104 117595712
1 194 753988384 510370726
1 479 405702946 715480330
1 80 778871745 122488867
1 111 245561932 286308890
1 224 108185800 94138668
1 54 282112790 719958875
1 886 698120574 709504887
1 4 873502950 264674887
1 120 855586327 437828042
1 160 576422140 710359744
1 525 702415207 36338556
1 327 976824201 151408922
1 631 614819244 922508723
1 569 883896817 440434966
1 480 840784365 156977294
1 866 27137248 258282382
1 583 257759133 578222718
1 570 172854533 459184378
1 634 365349198 866630997
1 658 674371607 100418043
1 427 944713018 29440649
1 380 570818755 994002548
1 723 613909025 782226632
1 338 485822009 454555401
1 437 257031773 720563308
1 472 996362303 852173634
1 357 758186455 893928596
1 642 458623059 135732979
1 912 915432571 575957828
1 126 357981012 395304548
1 889 767859487 346808577
1 421 987598414 571028473
1 697 324399833 451218967
1 579 103566087 711454950
1 166 565289993 598289410
1 727 456224208 445959201
1 426 873074044 454185212
1 572 812880064 8989690
1 850 392554879 844146694
1 840 823812197 549387360
1 405 330086676 170277662
1 804 784563538 193914989
1 532 894424690 54850860
1 73 900610807 212997302
1 48 427565875 258416058
1 296 856082169 871233686
1 685 58021686 676857246
1 217 806424326 135499067
1 531 741354159 757622812
1 258 733902338 433568924
1 216 653679904 244794826
1 233 955930482 707580756
1 24 428132886 123192003
1 275 643192943 354604152
1 235 653302957 856457504
1 512 717063744 231714884
1 563 883840744 599981847
1 127 559692276 640713577
1 175 523241127 590405341
1 484 982435565 311503950
1 382 878229495 604792255
1 439 325973711 948526578
1 275 752992105 819653957
1 777 920924540 196562951
1 298 945432788 585055597
1 769 224807642 609016450
1 1 40617305 916846975
1 39 490917568 941663511
1 573 271622365 472902507
1 249 248125837 371745406
1 740 995692418 842314392
1 401 49819121 46169221
1 31 333820091 690094122
1 341 947298683 373431674
1 241 501495987 753022715
1 888 404043883 410069589
1 343 242879207 254524028
1 168 826523364 664182494
1 40 900622706 146422326
1 855 261079430 945198821
1 480 277394749 460234418
1 212 223980051 142182149
1 458 877669707 150600703
1 127 843949487 279549953
1 155 249843472 307956501
1 520 722377911 195468801
1 563 533966619 613268903
1 382 481365396 400116646
1 876 646132352 267362245
1 57 983203375 815815053
1 201 880284254 256238566
1 6 249239108 287384255
1 796 89127157 415265365
1 196 809817706 464877105
1 895 408581721 350253588
1 654 551238833 695998434
1 946 942241288 476433278
1 174 885503385 9438458
1 991 772182291 681088367
1 451 213452961 941182358
1 748 215993628 531339676
1 261 472857834 186873333
1 837 823271525 340195438
1 534 743516452 622587480
1 359 105784725 846013646
1 646 106912455 322658357
1 938 922769159 228282927
1 541 255362967 699482391
1 317 444628048 255065506
1 369 441703099 185235925
1 170 947411951 862968218
1 166 438985170 878640019
1 268 243748932 323366527
1 471 888985268 672446751
1 424 866529382 220208664
1 435 491606822 814755137
1 16 508383288 430320243
1 769 762241270 214547449
1 3 212677767 549889365
1 68 825421702 730287111
1 179 587249555 311339578
1 742 119022249 822463874
1 148 100456371 519058210
1 217 967813945 157818312
1 827 811379539 66497370
1 277 507513742 722087280
1 652 29764256 572361366
1 320 934960358 574841079
1 798 152288505 790783730
1 161 400841362 410959430
1 39 269749937 450833589
1 75 440541811 718641618
1 464 469786094 390643636
1 330 267829500 996320087
1 358 165046729 782168232
1 651 943294216 220405594
1 981 387640994 791153811
1 834 802682590 873548467
1 644 713008618 353329657
1 544 796647220 860594893
1 62 394055085 689121421
1 327 425401953 462913167
1 30 741706617 36056365
1 417 546795557 938640579
1 813 938258222 625773263
1 671 706535022 747623430
1 649 165644278 506403855
1 872 506851341 124999725
1 342 242025474 944145665
1 794 381856971 381536729
1 438 548246471 831697804
1 797 715350275 690728309
1 324 202976453 692497599
1 224 91802854 164711239
1 485 944270719 957271270
1 49 846638456 484726138
1 811 971240300 247409207
1 74 989869128 937481633
1 468 676424936 818073223
1 658 774865112 828858897
1 69 551953745 670177238
1 48 338673681 133565848
1 543 795547548 409581666
1 803 791550506 628623401
1 586 412713515 485968992
1 876 617335795 358355650
1 626 212939282 640032425
1 478 890637001 777384131
1 223 354590492 332173218
1 859 768297021 484505529
1 917 438342503 82901676
1 812 734436785 8286089
1 159 214672842 125371001
1 770 533100593 657087367
1 810 523401760 442467677
1 260 385579577 700359612
1 906 904347623 318554815
1 87 829290432 297190142
1 938 609583732 90680258
1 138 814383953 213863568
1 843 886839055 668444696
1 893 963009856 749581286
1 680 974610939 776335047
1 704 757167895 663757940
1 567 600393682 480219818
1 428 584479780 158790719
1 565 136570702 522288693
1 836 338057562 994652490
1 456 78836493 435432047
1 320 806211317 23560934
1 686 1577223 713012738
1 743 703841546 954146758
1 111 927045406 250521395
1 428 761083680 917532047
1 565 189557925 84087483
1 830 124875078 52312938
1 45 938549606 816901929
1 993 678378412 862562387
1 833 958750805 7224321
1 608 258305920 733899172
1 647 697255021 703585887
1 89 883439997 725888005
1 687 228886724 864941437
1 495 414094005 29562033
1 883 809147978 122751269
1 43 166189365 936107222
1 735 840595406 256891565
1 761 239151898 121634427
1 51 803136704 354140737
1 586 699967974 88638713
1 347 427360648 532504118
1 876 786815132 399204338
1 425 872165634 575122893
1 142 150477314 25594235
1 553 56642689 575703533
1 107 202043298 616552225
1 739 338308283 565274366
1 744 652143999 457742875
1 1027 976418471 626929385
1 762 49203073 339527021
1 189 289134846 42464128
1 438 598215517 853864580
1 948 933645641 22204051
1 470 898310083 598176654
1 585 346297673 10426548
1 661 529201698 68496449
1 478 444392720 819299249
1 561 445820294 954136463
1 297 953055617 28585161
1 168 25942881 150360194
1 220 126121441 977424435
1 208 697110357 963168617
1 1093 527522866 234881204
1 368 600696810 792773011
1 579 685831103 869419712
1 1099 845965097 257445772
1 90 612723786 731961700
1 935 596792558 358794995
1 617 960670659 965243935
1 43 42933225 466413386
1 433 895964949 463247011
1 705 185905353 937598761
1 222 47511264 925853307
1 359 276501669 914084805
1 403 987326362 441639491
1 922 385754211 456199478
1 555 536988837 963381983
1 285 475573462 923449097
1 454 274432067 571013804
1 546 128597848 818589055
1 1094 834328364 139251092
1 995 569588319 669346671
1 734 257645397 402685163
1 603 621912025 96704698
1 1100 966995014 126864199
1 1028 283832483 153660028
1 952 532399722 284883291
1 774 635482516 849820585
1 521 60004918 524385901
1 199 885752862 18637504
1 14 744245648 976801317
1 271 1038769 891829518
1 340 179609928 290636497
1 263 562027169 796399099
1 301 303386377 542727571
1 333 402998722 572662436
1 728 405346974 348539690
1 941 494706202 174709307
1 451 671426722 238109142
1 1017 837197079 676030965
1 1146 271642467 726948390
1 234 610966999 886611577
1 267 440874256 249722539
1 1095 90691824 270200779
1 160 119785425 269085733
1 633 488978040 379394767
1 585 164300765 659248619
1 974 17042900 311943628
1 789 693194500 363809474
1 966 658219402 525151959
1 732 455348120 921264460
1 403 536599728 532515276
1 1027 376625923 776137068
1 401 626128472 668502538
1 430 60513705 185862680
1 957 79456815 96719280
1 1180 908967414 115648496
1 129 814475433 973275942
1 990 307470297 107315304
1 574 651287340 312826049
1 251 403142984 156034396
1 902 59874925 651684017
1 42 821407740 622905828
1 684 807205482 101979577
1 143 458519924 161117183
1 1151 209375544 527291353
1 70 754007233 876318322
1 322 57300470 292360838
1 471 820155576 203647680
1 410 842602113 798549121
1 33 864402817 557207180
1 1114 296514287 949204105
1 363 120752216 329314824
1 104 728022507 705954798
1 820 862012111 86884436
1 172 533066219 824515384
1 329 558497966 639401727
1 999 178070612 547018373
1 248 246092351 448397587
1 700 612978555 782814892
1 442 843488398 942275056
1 717 818590514 27717735
1 457 538802747 632301671
1 428 235756309 241127718
1 134 144627647 657477510
1 1027 540163999 361400963
1 222 916493625 731285916
1 277 225790581 19076306
1 24 995466150 419863850
1 108 997554304 144710051
1 769 459219283 692504814
1 333 663221090 964916716
1 1163 1209136 225513396
1 1011 766184918 64646146
1 432 964261252 736242353
1 331 394093201 956995507
1 197 874743731 979444532
1 111 688537083 697921476
1 205 902837045 895392267
1 424 422620081 614885627
1 286 713062491 391779886
1 585 835337768 987154607
1 259 48593370 484976867
1 623 790651250 309346867
1 169 884821321 485853859
1 275 965928164 122845892
1 795 597751543 734091313
1 936 409006732 411973243
1 98 933457264 124815402
1 72 385058565 786829428
1 25 986824583 810703418
1 1023 900103267 505847231
1 604 687093366 364926297
1 878 24617307 1166011
1 594 155768048 548256721
1 46 490227837 2033384
1 874 307448500 984201794
1 218 782159301 16748268
1 972 400289844 339130151
1 424 666144818 285420118
1 844 508602655 233408989
1 1249 462678263 398615248
1 27 216872056 272586256
1 486 410552264 89253861
1 34 738465723 144617156
1 343 328639963 828106831
1 824 938499175 842831665
1 1127 567411883 731808096
1 146 567383943 230665837
1 97 171558966 278289084
1 484 392945839 193048927
1 26 345760509 50351859
1 331 595868673 679795544
1 936 427303285 731097349
1 691 624985040 623600069
1 1054 816025138 859458428
1 563 577819680 266934121
1 405 147806357 544958449
1 80 813428103 483367839
1 1129 195386583 363415410
1 259 671429416 309998462
1 1046 923022485 580789093
1 47 620585410 262572647
1 316 383693755 821623152
1 340 793940108 806040829
1 508 790334440 970278311
1 225 898924415 968877543
1 315 999560647 805390302
1 886 347536250 473390334
1 978 250456453 357743597
1 1121 853108391 670677663
1 46 164776404 898064659
1 692 558789078 717196824
1 523 748864104 990743654
1 658 134526180 677976816
1 231 424404641 125827071
1 720 747292751 930116397
1 821 310262769 959310346
1 959 85372647 14162466
1 853 207330590 760691390
1 851 668942062 225569993
1 567 577734940 377777347
1 36 989285043 613284382
1 355 978969101 427488328
1 1021 146035418 263330892
1 318 674683430 412374616
1 407 93135166 725326136
1 1232 767501238 621473434
1 896 867238357 621859545
1 731 578142146 252624860
1 953 720630744 568270438
1 376 70088042 181901192
1 34 239810551 273862506
1 353 445938622 505863096
1 517 590219302 71264675
1 674 905562145 940229965
1 428 325853474 194103341
1 643 137888637 906801715
1 344 568110990 517051058
1 447 663397969 16943280
1 751 325530611 615790588
1 164 33879014 138237254
1 1042 495651262 253625035
1 419 908460097 592473079
1 207 927353860 701425863
1 708 292859034 467269775
1 310 485092502 484599393
1 780 704781827 402415406
1 509 339375982 363154044
1 87 517051225 441227055
1 384 935184587 534565237
1 775 710944635 15722738
1 139 904461857 77970113
1 678 468525660 485604973
1 1296 435766684 727739217
1 1163 917916715 464077587
1 221 801797278 960590391
1 560 46895990 134095668
1 205 211484182 962321566
1 749 512471173 70581956
1 875 475240118 849500923
1 833 294450371 744944268
1 1132 5569714 354229211
1 551 166718236 734095752
1 99 808184051 756575567
1 771 314635225 361578898
1 125 769059456 451735106
1 1242 348682376 186795501
1 365 850077714 208297019
1 29 906349677 122371164
1 671 131428125 816845801
1 1061 325676973 840351845
1 775 690940930 316734818
1 664 628833094 154191906
1 564 54194498 244244876
1 1025 81949793 231754313
1 603 115215172 70966675
1 754 946412166 15676852
1 636 163478464 898323864
1 1092 210629936 955262981
1 179 170613720 912798201
1 696 955047985 154648024
1 850 684635101 826324256
1 266 184244406 59363946
1 832 799920827 275113966
1 950 36654280 122290096
1 288 617740274 953654012
1 577 963428543 195857
1 1289 544399195 369218221
1 377 833923574 115692095
1 532 522898092 229737447
1 1171 435507197 399635410
1 523 423736899 765941434
1 1053 397464622 286193388
1 180 269861926 796997849
1 368 134974956 568990508
1 997 700781901 209004
1 487 812706226 333502269
1 662 944946152 452495390
1 826 797338357 927078506
1 868 890432838 206268328
1 119 704673424 982547990
1 1270 40531203 557451364
1 1207 649631579 441694124
1 369 276971340 375743220
1 522 882855065 727038406
1 752 756503152 396982931
1 218 697850253 358795126
1 13 215884676 483525784
1 892 153633075 986505717
1 595 897404816 515976161
1 1348 29955006 415853620
1 1065 76848288 30448601
1 1355 552927363 798007388
1 198 77977079 165456626
1 660 646891778 842084118
1 119 393578284 414679492
1 299 640425595 846820873
1 1024 588318670 869433599
1 525 23053062 943753884
1 614 961705560 559487022
1 531 52114208 127178101
1 1046 489282026 821886500
1 1140 741667769 812869245
1 721 456498388 962676060
1 353 490661407 693309477
1 899 919679011 81463636
1 573 347444656 933023479
1 207 125578035 37243318
1 786 564361661 529835066
1 415 193648241 989923391
1 1222 659555477 418532688
1 802 199032773 428522859
1 1241 689952917 968320145
1 623 204837518 512950792
1 209 621037403 589127793
1 150 833352236 598125999
1 1253 874711220 966005919
1 974 977026812 166299283
1 1049 154936702 389975071
1 1338 607968486 262706577
1 1384 642025068 452549901
1 1051 860301056 842330945
1 474 632918945 478592351
1 391 281629438 193905247
1 830 617392208 588506746
1 54 800100775 588209087
1 1156 46020 809998899
1 937 451191674 501820744
1 1145 934202601 652175502
1 1056 630969621 514215956
1 1357 186040700 605513270
1 919 739778874 721782277
1 357 158860763 713041350
1 1052 880614962 887956959
1 751 403445841 758441889
1 1279 737578115 601544925
1 481 524079140 436759686
1 17 856957640 410288744
1 1213 419760450 490951443
1 1378 302360166 363666697
1 46 840196061 984581227
1 1148 857159138 872109386
1 872 97338994 500199791
1 1209 954121120 409624194
1 333 604020639 642051828
1 1379 949298127 126587857
1 1390 705609528 326620452
1 1138 404471971 960266669
1 227 111815188 811015096
1 558 555170313 428215395
1 130 184389085 555833340
1 848 399628636 996207500
1 1030 490334759 626991326
1 104 39079786 890629365
1 969 201278960 41941371
1 1354 167102235 153385199
1 38 955762631 324465409
1 203 19637562 187034806
1 1054 570935118 784381142
1 309 996732387 724377552
1 1449 951675608 520842115
1 149 261446723 374870126
1 1158 81318471 360636863
1 896 314502189 27120327
1 691 164766603 632933133
1 418 69957071 827501576
1 371 885624169 899009120
1 33 344533563 334284015
1 1333 875806394 732150485
1 989 244059591 327358301
1 208 691955243 696325034
1 1043 371465803 355323151
1 227 411262485 954161267
1 117 100725326 443809974
1 1097 295705883 957854633
1 1050 825551812 800818728
1 76 459757344 295904406
1 1213 478272562 971334550
1 206 757727681 141073270
1 37 291285626 559363453
1 832 65524703 132569844
1 999 997935849 720613030
1 1109 216746478 269130555
1 342 863336596 13422109
1 442 850653837 528756528
1 791 694306403 905607816
1 72 372636360 467274266
1 1385 257184488 180966272
1 282 786980783 668189260
1 298 582626553 590456708
1 214 971476837 849002036
1 98 199853330 456200609
1 1173 575095030 699893646
1 63 775778328 64851045
1 1025 684519669 601511255
1 170 552556964 747089681
1 823 805199627 892867618
1 193 750192384 560497022
1 344 776403741 204195419
1 1029 478831993 192483483
1 737 428725371 322930812
1 614 958935006 958382371
1 1280 936726697 91111448
1 354 337645696 412044342
1 126 408077531 184441279
1 675 897539430 687168939
1 413 648915197 951227240
1 307 425363624 965627606
1 1067 997029919 814837854
1 1314 288968326 909986158
1 931 453560118 708243088
1 358 556099447 55232384
1 739 17652127 858024848
1 558 177664803 795317637
1 20 513940336 362454809
1 1432 819636172 802708426
1 1451 597838713 257609437
1 728 568462333 227746200
1 421 818606199 85426791
1 1343 745064405 903452861
1 847 212437909 928310039
1 276 445549527 770216775
1 936 711929024 713893344
1 1213 204728507 499434521
1 1292 708889219 955048475
1 525 75816688 56930686
1 1026 846220359 662470790
1 244 300213166 750137498
1 1427 941846716 709525143
1 1125 20353962 357305353
1 623 377836598 500373139
1 145 648366032 490792909
1 632 412378641 425028564
1 1204 468885061 361976419
1 424 385218035 398856244
1 645 102646375 651816152
1 1432 306607810 143477367
1 346 546537068 603888881
1 237 779467213 725633594
1 1344 912080115 97354103
1 842 921478441 974884512
1 1341 520777713 231882649
1 1273 774282981 306268526
1 1425 249910876 145482226
1 359 345770286 149557939
1 1064 102870060 714041755
1 1000 943272790 856832986
1 1060 926446783 988842897
1 770 504367089 454809530
1 418 860769326 816657053
1 530 67223150 478541276
1 498 934272201 238102750
1 653 662147667 439363443
1 880 764221254 745844251
1 322 170589905 952158366
1 1171 5608492 616022916
1 661 726211766 153462914
1 857 174939739 550951171
1 237 178487182 985842542
1 1194 104085015 786366937
1 655 959838559 650045120
1 1492 433002204 825932171
1 814 210765973 195400645
1 784 661421931 325654502
1 120 904314075 777320282
1 692 147082599 556240071
1 572 290494416 875990124
1 880 315327307 875600649
1 1183 482236884 686203944
1 1329 355355156 676266574
1 1053 357448770 980819135
1 387 193979167 961035962
1 603 957414410 110228498
1 1131 72725868 929491455
1 457 316532742 956045509
1 1192 323773838 420830197
1 1252 633460804 347534387
1 1158 308380140 51360897
1 119 846435932 761495112
1 458 55168814 181940180
1 1377 164141787 985358610
1 903 573980422 162973574
1 1 130815862 959228407
1 1311 515583852 156141782
1 855 732157718 474569153
1 1309 513424106 110216862
1 1551 515641324 674576526
1 1354 769707408 872975383
1 1164 121557574 74995088
1 580 644285748 489000227
1 1156 240050207 408243222
1 864 191731790 806056307
1 252 700422698 537751328
1 1141 505316322 655079169
1 1287 843586747 562679392
1 140 37846991 894737144
1 1386 606270038 613583207
1 199 2886914 484810624
1 1135 510515368 161195309
1 499 883572711 271425508
1 1231 100480745 507030268
1 1415 73080569 706115895
1 532 631084691 837399565
1 1559 858026323 262552687
1 1125 261054074 948813410
1 1299 305646169 706406025
1 1138 734157953 809258814
1 40 18336948 68442272
1 379 738127091 664343530
1 1271 664946632 412423500
1 279 521682948 875368497
1 940 379634817 253107694
1 747 656205252 213236089
1 506 736237700 693698489
1 1583 67685118 924513501
1 114 896607156 125029088
1 1571 415172659 140984127
1 1272 407853475 276407574
1 677 225880539 861510274
1 585 287418398 225947274
1 1418 975844236 315853417
1 979 63557236 127752144
1 270 400573295 768000799
1 67 396870646 997132993
1 1352 695908118 262518360
1 1078 579683580 834091633
1 329 801421729 64452093
1 111 97622576 949402724
1 620 753777888 510681722
1 901 936017945 317357544
1 1388 679091158 974608128
1 655 3325136 324257515
1 816 116344306 560149380
1 724 692065857 464679882
1 54 594870111 657027850
1 255 568080089 762684886
1 299 498300713 16128286
1 780 849652518 191539210
1 877 336417146 890164638
1 1334 273490863 42201597
1 707 592845580 970705545
1 595 649528576 861016796
1 926 932686055 675259242
1 207 595908012 86100468
1 117 353118672 474834197
1 481 428382116 808248432
1 668 458243007 282339843
1 414 294809220 229631715
1 1413 820775247 841956777
1 805 518099988 732007139
1 1314 664397186 367868168
1 875 20681839 394487588
1 246 858976393 439689823
1 919 682371322 596013286
1 224 999190281 604293959
1 939 498842647 152830948
1 1152 972685932 951879916
1 39 413532984 638209269
1 1278 625163995 564095986
1 770 428453890 505456458
1 1604 286511178 278671715
1 1547 763958105 66600806
1 791 84159928 75125814
1 870 298273826 429811369
1 743 242874548 368295377
1 1623 995339455 274016531
1 206 457687339 855414622
1 381 927742591 931541841
1 743 258753001 57212692
1 1170 489195665 105469619
1 144 734298344 726780746
1 134 449389263 770838029
1 722 322003442 704031205
1 1399 744224166 245071247
1 1372 520178040 432848862
1 1616 800937779 784204943
1 316 947749595 292286104
1 615 387793149 920584027
1 1174 216904578 184785924
1 340 33061736 487800320
1 364 188300154 176792421
1 1102 206082118 306119334
1 509 79298142 791042559
1 1348 390889064 818232661
1 504 306976668 87433484
1 1162 910535521 271264644
1 1072 408470065 129663927
1 1311 358167736 78599489
1 673 614527670 433686822
1 190 637926236 414333137
1 152 249697762 176643507
1 1232 463279034 861050998
1 1049 878283237 307001179
1 984 846605656 792229643
1 477 542788604 41176750
1 39 838348007 456457218
1 494 857735233 742802195
1 1423 759880682 945650454
1 1585 136322614 833379360
1 682 585605726 906891505
1 1646 739881655 501237529
1 805 438271726 874617272
1 972 95039354 708826577
1 1571 999265378 974483116
1 815 874222817 760732547
1 1557 773567624 453467542
1 1527 466159230 658104246
1 1387 816615577 919344708
1 1312 604604479 976595939
1 1394 678157707 91082331
1 810 193050404 440806550
1 1512 550479917 260983139
1 1079 206676655 290642259
1 1020 731622123 61522883
1 537 106273764 86393132
1 965 676153903 549493997
1 327 840199886 744374783
1 732 520705168 149598913
1 1298 133248807 635447345
1 169 366149953 557931923
1 631 464038442 744363729
1 1081 256365747 695322119
1 1687 272995485 345336901
1 644 821498059 883434161
1 1188 588902844 745646886
1 1333 768950855 948699658
1 1438 453446792 109223555
1 156 911562824 373622629
1 719 32223246 62281676
1 341 506292533 751389288
1 948 143056350 725915050
1 1552 144968934 770940281
1 28 468140086 466419719
1 1076 454267515 799737385
1 996 471812319 540193081
1 1221 935650567 143308904
1 587 726420306 574925048
1 1150 278119199 206335745
1 935 761323865 33294445
1 1156 565275353 656434544
1 1316 308573360 485848630
1 1148 19329508 184770433
1 1687 297183406 251973600
1 668 217820051 495828368
1 1200 235942270 647562280
1 948 293417760 555766844
1 1467 683288649 50777590
1 594 210622760 173806531
1 1255 13514969 899030042
1 1120 635982536 695324086
1 1677 302862017 397922406
1 1307 947199239 891373535
1 1732 77102348 543537244
1 282 401826844 955353772
1 1480 351608309 303975118
1 678 437895635 320348475
1 615 276114731 888489919
1 221 776496363 982005838
1 1249 99180513 268286975
1 272 965661419 960770078
1 128 22848111 597503123
1 883 561003317 101374030
1 1637 327674667 170664859
1 609 103424322 479814789
1 1665 208606398 683329583
1 1718 1959179 114918079
1 1150 897396472 547962462
1 1436 10071534 770975242
1 1013 851245278 58195037
1 1643 725077404 147750166
1 371 461438703 738013688
1 826 755670482 682329192
1 1500 987102004 514988219
1 900 458359830 712759834
1 1760 766685842 77836210
1 572 708627844 773769102
1 183 117225996 622398429
1 1100 140583089 30974831
1 743 135370176 606746432
1 307 353621297 496598450
1 104 605127852 786607443
1 528 317166801 856686005
1 637 617817811 199845796
1 1448 415187635 841989040
1 734 590561422 220837674
1 1248 844050792 586357349
1 740 159371054 628836761
1 231 837421791 86153827
1 1184 667279573 444044642
1 1670 402980119 852507991
1 1549 5600448 524861555
1 1598 741705544 950757281
1 855 172497218 493903876
1 1502 565170400 150629099
1 1512 722013518 359423231
1 709 531447720 257589056
1 1766 728922969 586155398
1 1638 792779934 590453319
1 1747 611031596 262693566
1 93 475057403 88717160
1 1685 655417550 335555407
1 1463 33394303 365379708
1 1007 619179490 855304114
1 1226 680415789 976369129
1 825 166578885 953196111
1 1790 882048144 487776007
1 942 128507622 571331492
1 113 808921656 944103524
1 142 91736541 61344372
1 723 847382916 650434821
1 1330 772577437 978706516
1 1605 902941287 986158803
1 1496 351205814 449627519
1 1234 707365635 250477958
1 1640 414842611 719223964
1 1402 351227832 296127276
1 463 162927408 842171191
1 693 653249204 958496386
1 431 699673805 731207472
1 550 931785500 371490963
1 926 4857987 202997546
1 444 739664373 889736429
1 849 929671849 24685227
1 510 170251461 148120451
1 599 889899625 92326918
1 578 119521217 893228232
1 781 33805865 846819782
1 194 948621929 164012987
1 86 598303318 239237874
1 703 150183818 735094169
1 1764 697723618 522601195
1 160 585807808 193619496
1 251 60144296 888195225
1 904 541295263 492730302
1 101 131997994 736554962
1 1439 350218965 547433655
1 31 309770452 357428487
1 195 36984455 43239377
1 631 957619572 549877201
1 1588 362725320 351363392
1 1173 229474019 347356412
1 828 215817629 435689818
1 1309 694836973 965865177
1 799 167086123 105605170
1 778 879533554 712915537
1 999 206448961 780329303
1 1099 484944585 891719476
1 906 947580494 364430883
1 1747 478155479 478437629
1 928 317951122 638288573
1 491 631251410 535082984
1 104 451381247 489046864
1 999 878508543 964217281
1 169 598820015 360342504
1 1463 577737680 73863076
1 1438 590835862 903095746
1 153 670474518 156816751
1 515 759814671 454539679
1 1276 750028155 979145091
1 1245 739560831 214022298
1 1101 283395326 294920164
1 194 599744988 490937801
1 1303 166206472 542917285
1 1470 115100833 122446445
1 19 68332065 175898087
1 945 961688307 453287715
1 1566 529374507 971826542
1 243 836126548 46274553
1 505 743109194 452724733
1 567 759222022 794981152
1 728 679664480 940715930
1 1072 897138856 241708613
1 674 874438238 738215107
1 79 155327130 136303171
1 1311 218414902 151643982
1 1108 142039942 993840
1 815 47632869 286737158
1 104 948209846 439466322
1 431 458867403 365961936
1 82 919601675 291770875
1 492 964986831 237300523
1 1227 544069482 712816770
1 518 245543127 532225440
1 1738 227628343 705232446
1 1157 14605587 668306782
1 759 554207706 573914115
1 1786 742889577 691035439
1 1757 926401505 358639165
1 4 132524628 589703725
1 1005 995273245 793676283
1 992 137599809 965098241
1 549 93335256 726533936
1 1232 214469621 749177960
1 1409 436726510 182027573
1 324 979943600 391844843
1 589 895262094 597364467
1 241 588233460 372573943
1 1542 229228769 676764485
1 275 777953808 556424161
1 291 472787456 57189824
1 1703 475823270 189366400
1 989 427490554 277407316
1 678 749940489 451491450
1 646 917680098 59579683
1 1760 593932624 54591220
1 964 390081476 978110213
1 1398 687111665 278233194
1 1620 18278153 466207374
1 445 429128468 784569133
1 591 587235144 763440916
1 226 452078835 158238111
1 374 533478530 701500858
1 844 887007474 221447962
1 646 210840860 611302965
1 1736 7630018 847249193
1 1830 634595338 359856778
1 1218 443123924 109088816
1 472 821694489 143817459
1 1032 278904947 842624460
1 1893 513976369 455773899
1 275 970178490 816994653
1 1398 995746515 484411689
1 1009 668015156 129562542
1 1064 32528520 318870377
1 1032 161658190 688411703
1 416 305872951 820067266
1 1327 640646950 465739375
1 427 76497147 784640834
1 1588 604588439 463841718
1 1531 48117883 389508101
1 755 823590789 307233104
1 669 432771808 350757449
1 1100 374990063 225000621
1 427 845570656 34963037
1 294 746754166 433396176
1 1258 805459877 977543731
1 519 220826110 181816444
1 1493 314835232 361161419
1 761 192601666 511721413
1 1376 665313910 760905595
1 1148 218334505 168012165
1 670 708502864 381963679
1 260 500170925 16514721
1 1172 917508296 658314836
1 788 824459710 232392234
1 1358 770683050 639411861
1 235 766151767 724214644
1 1227 628857032 591333106
1 136 697914381 57592434
1 604 126856226 482086360
1 316 651642434 159044954
1 1434 30157653 592967154
1 1452 623787967 759251657
1 1087 284194306 367611513
1 384 105502820 191914181
1 441 320156512 813445188
1 487 123153152 765615594
1 1169 156325720 574071940
1 1158 909489225 386454719
1 274 636954602 779631107
1 156 219170919 856137406
1 1655 381357120 894969658
1 1021 389032349 556664536
1 1141 640691057 808193597
1 189 766665339 828090413
1 1430 179662940 125171261
1 763 366128559 529332511
1 703 180298810 337172294
1 982 8600122 729813170
1 580 155840974 414246990
1 1831 630833817 762672261
1 992 968589210 678344807
1 1827 940603431 586898115
1 1369 46972579 305201264
1 1862 378435522 757278136
1 1176 884216791 818630528
1 1909 569550008 681891986
1 1760 302867638 989615047
1 1642 558125305 206909700
1 161 568793980 892115292
1 692 163412183 438682597
1 1453 220477586 427650741
1 1904 945349637 700590022
1 1839 902439801 853982650
1 1808 574993047 551360564
1 1025 246316661 607688683
1 1577 276143040 212203449
1 326 20667870 18204573
1 136 581905116 971383648
1 1472 939558403 819379613
1 479 240365403 754712612
1 1902 989987336 454639457
1 551 252506150 977872755
1 1397 182397290 319144490
1 774 273367932 128496683
1 307 761837233 770651756
1 428 127632143 735842910
1 1235 746598990 954087362
1 629 732355637 523156936
1 640 298927377 365923497
1 330 659396980 318060137
1 1967 765295230 348910596
1 125 308687342 152852764
1 426 738219712 371696774
1 762 147788920 562087806
1 114 572249164 914711334
1 905 940974504 280872310
1 233 432387158 955291482
1 1912 254858445 686799956
1 266 722886099 616270935
1 1112 946097220 135473371
1 101 233811964 822476940
1 700 895758538 59490325
1 1890 288150596 931845052
1 1302 906917243 976798703
1 1756 664316910 722637173
1 314 831699790 944509931
1 1592 567041319 257890471
1 771 579555615 66325944
1 78 36985432 661813323
1 320 373895286 326462735
1 1860 58416212 361780930
1 3 420564218 808717352
1 1242 32061637 499913705
1 1985 679453465 701742120
1 586 351752371 838241661
1 463 397610598 684734900
1 1961 324062741 717897545
1 1183 354829810 84256618
1 226 775358830 938649427
1 1998 615038017 401691502
1 563 481674399 239354244
1 1804 459890697 339653335
1 1720 705014228 119142034
1 153 6955830 622043311
1 66 888881593 655721153
1 1878 908904607 629115916
1 2026 472361311 636000432
1 316 815380593 286041899
1 1221 725451934 368374600
1 1949 367059080 611137798
1 328 845477895 115850680
1 513 740883539 689928889
1 107 366562321 712353181
1 729 975820285 715363996
1 700 481240020 80466626
1 1032 870220381 200603870
1 744 530909700 714178208
1 1283 217542171 876746680
1 1268 573512588 630482461
1 1317 424086153 833883599
1 1879 524436261 362201124
1 1498 253289823 891865681
1 1886 54705675 476211000
1 39 785198709 250290896
1 1486 649934128 747337895
1 795 521087050 858963121
1 1412 86919254 396393037
1 525 288362908 265898844
1 1341 506141339 550438488
1 615 807611129 802261189
1 358 16313300 401384597
1 1780 399163537 766623174
1 1962 860873208 350881910
1 1718 575079373 640703518
1 1021 377405430 827568139
1 818 543365025 208937528
1 1286 992420707 869708559
1 254 219012630 322100527
1 1714 752668408 44815133
1 268 866650392 642020299
1 398 676394444 334594114
1 1992 647751169 83110528
1 801 127261285 641243892
1 640 606382817 701850409
1 1545 957542098 460869965
1 1653 696297221 30609053
1 444 811571507 229431466
1 957 333347481 455839129
1 219 699517972 572135784
1 226 262039072 835544849
1 1889 483182512 534177173
1 1712 771154674 921347446
1 1265 908151299 52262717
1 952 219481808 182346260
1 943 891165988 257286365
1 1230 520524865 70512384
1 727 671345599 383536031
1 920 939492881 717317068
1 944 381241197 426892238
1 1451 407438313 184437997
1 59 309984550 702990894
1 408 596856939 776149185
1 162 112621730 312334847
1 1513 472725628 894884853
1 1662 442212210 873933739
1 1467 812740475 814134335
1 856 618119162 203147960
1 312 547063745 50297715
1 32 501343436 785328243
1 2046 615141548 755699917
1 206 546771511 587934474
1 475 116220457 831840982
1 298 228454085 150334637
1 841 434956906 808164959
1 647 846878917 198617112
1 1578 326251030 489587706
1 906 617140310 538598863
1 1913 536648397 212668970
1 896 870783472 668401334
1 850 347083448 326853176
1 958 430248538 331366765
1 439 467244128 693298622
1 644 272793436 709167780
1 1678 154488242 154068515
1 2054 407823380 20092966
1 1549 347326550 131662649
1 137 564839462 690221430
1 604 463682335 475821854
1 161 172770336 619416033
1 754 609374744 481788829
1 1313 428222464 47008035
1 1208 457469153 740953248
1 349 686167300 740611814
1 1645 686267970 730979532
1 238 789613199 204420582
1 2029 625965464 614701071
1 866 803973242 550684977
1 502 448785571 560576491
1 956 256805596 127742347
1 1618 92678118 438389996
1 1543 365787423 424915879
1 1467 748598110 83390839
1 496 193546628 682148505
1 1513 274034646 462934712
1 851 536935367 493268069
1 517 48775916 567983270
1 39 738857168 663232516
1 376 96034337 371989567
1 1715 768736791 309484859
1 408 381080358 770854948
1 2123 614871482 578967092
1 201 942211996 570765339
1 277 827125957 196760524
1 148 396395202 183937151
1 1204 213521325 504355701
1 24 240909836 990148523
1 974 327795823 606316240
1 1927 769692446 807842595
1 1890 998368717 736038282
1 1708 957338417 764690628
1 1153 704281168 505180615
1 1192 868667096 879909305
1 28 490706783 417554672
1 770 812713862 188327331
1 1963 32120058 634558564
1 1820 487474386 441499707
1 1240 318035753 327151899
1 52 727914152 957712245
1 1526 900632714 397375256
1 812 345494137 742432375
1 1847 513968693 866250513
1 1143 692056982 997398206
1 508 501468813 443961168
1 1549 994727957 434708460
1 2069 436836742 364151304
1 1601 16168696 804273349
1 435 33567480 646503547
1 791 792632454 610127395
1 432 878265737 193808094
1 1278 624690176 451947028
1 1443 739085836 331163486
1 1465 308261379 478423991
1 305 121101395 150108560
1 1300 125774922 63572545
1 371 481201439 370044624
1 1475 343466289 415839857
1 511 264895808 328391952
1 805 324396715 868331449
1 1869 883339762 171377140
1 1481 232222633 631801191
1 602 921973252 307152153
1 1098 871732957 889966740
1 1846 347988718 419693942
1 1506 15566303 760316017
1 1396 478381555 12208237
1 1894 200056331 420816683
1 118 251705966 460382869
1 745 883424577 8438430
1 1653 863660405 148583493
1 1595 18411453 914323135
1 1457 521304893 646324432
1 2048 263937046 154947099
1 1276 414594550 34048417
1 2042 398413477 585839786
1 43 34965056 963299334
1 1904 373195023 128609650
1 2154 250258656 742542625
1 137 45751817 460484823
1 1253 215962451 673707455
1 113 983441742 377099859
1 556 948728490 115676075
1 1574 25224214 819156995
1 1680 59912479 568090145
1 1992 883275287 942115845
1 1936 801140474 847612084
1 1753 798682686 737689968
1 1118 378736570 166120311
1 2194 782763427 277013930
1 1147 629917037 920852562
1 2045 501873534 972901303
1 1277 611134300 634098005
1 375 641551876 230978340
1 631 417576485 428671801
1 548 427968594 344509704
1 614 936164211 438194474
1 976 213931882 365218513
1 1071 73398395 499493895
1 1950 93725866 543705152
1 1949 774790443 999111607
1 1928 419931001 646358990
1 56 725697066 914391970
1 2100 669529354 215379904
1 172 757289618 267599567
1 2209 231517005 743303591
1 600 875772350 280755060
1 159 479219460 804224608
1 1376 796244071 38565345
1 1972 830682508 621986506
1 1407 783972652 2634833
1 117 635253990 536197418
1 1724 651249225 662269074
1 2097 243475951 215715879
1 1780 644523801 905794381
1 1604 15074482 350863119
1 157 721503127 143100061
1 607 66877231 682328482
1 1004 401979659 872071244
1 371 628138515 884885032
1 1816 101752603 729851200
1 809 763342105 717452790
1 2159 347823736 815474737
1 1519 393697399 597710657
1 1027 726345148 658317808
1 855 684720649 24826489
1 1748 869820733 634267934
1 260 884272740 648606989
1 1168 442926026 724711061
1 123 934776261 133629504
1 811 684771085 793932973
1 576 15822667 669136382
1 1454 686959849 96456720
1 1426 64891786 276963064
1 2210 507270798 553450641
1 330 411118769 224492712
1 2005 937422766 819141366
1 336 152932455 637010815
1 1604 136737793 434813882
1 546 438751011 279318198
1 1853 938342824 164675918
1 1843 959879800 31023351
1 538 165115283 231556704
1 162 719727990 769405591
1 458 293038219 57381059
1 365 642283771 135439901
1 299 376551628 448148222
1 2164 970405216 316259012
1 2166 777934594 167745951
1 1767 297618083 446306909
1 830 729529395 292500768
1 832 662395989 569978369
1 785 617287659 593923783
1 1746 429124667 912017628
1 1559 870019667 278764598
1 259 444164176 468160318
1 343 470296579 703207266
1 2067 369653803 699564229
1 1979 823251624 874653194
1 2155 179996771 123204628
1 1646 343209354 718828836
1 783 278205863 119128720
1 2001 124025274 801468128
1 1463 604170357 939479226
1 2148 350678131 101433302
1 1011 647055629 505837539
1 878 578044343 245718800
1 1239 955541545 228294435
1 2190 277245782 318026357
1 2068 60626651 341775776
1 690 125213052 876720928
1 2191 745311659 573464720
1 875 359952949 477105615
1 1679 360565333 126699691
1 2005 188540196 238701170
1 692 736035005 878770555
1 1728 102636489 364901882
1 173 21040405 700966999
1 1541 919388989 590742180
1 381 299539896 104191228
1 1008 134610317 119692671
1 1370 74935153 299584036
1 2142 266637827 797534935
1 43 866678238 334323332
1 1281 37961933 795528114
1 460 468546694 509438850
1 2236 576501181 795012741
1 1718 132205370 42923714
1 827 93136952 934673616
1 2278 456939810 748833074
1 783 147457233 318969189
1 1254 918216584 620081772
1 1880 533264272 531706024
1 1535 506748673 491358846
1 223 692411812 140269711
1 888 918973206 488867735
1 606 640565628 890321338
1 1841 860021249 363090280
1 887 776068254 369828350
1 1345 771675255 330332438
1 1987 903352119 360557460
1 136 536934992 710686729
1 65 243588802 635849954
1 1882 965060823 991131611
1 1987 720667683 88520129
1 918 1059336 905105431
1 1664 833035193 804844551
1 1334 357450318 381602693
1 48 812435960 31837558
1 719 374398728 623297769
1 740 385923493 887576882
1 838 539121702 14293958
1 1205 775142350 58939459
1 1964 781446097 491395736
1 532 865276273 478312908
1 704 145656886 839438971
1 70 902281077 549403628
1 698 951967769 516038203
1 90 366948181 905062589
1 1658 8970023 145066994
1 251 220202920 990972117
1 432 743615915 15699671
1 893 414132780 882155350
1 203 819034669 26969580
1 2196 900095014 569678027
1 243 342485212 690002862
1 1005 322390047 752409326
1 1818 943980752 84455246
1 2099 47842781 589535636
1 65 483769452 836426651
1 373 254470893 976867602
1 1886 606602135 129463559
1 2104 498320515 788148962
1 1904 249325310 368402871
1 1433 67796845 501298121
1 1919 220170341 895561952
1 794 108634811 407350102
1 1416 264535989 176903355
1 745 594108391 249068031
1 1695 475432611 796830689
1 1042 399428888 260482464
1 1962 558401135 224170650
1 1367 563283582 536169976
1 544 779329560 609427546
1 201 80637384 249300836
1 264 655653446 607833281
1 2235 233183402 666213573
1 1578 806657098 760523884
1 16 635694945 131269345
1 1498 417471142 96289140
1 1120 982006924 177812843
1 1899 928750374 430171809
1 1508 32972264 660697182
1 218 947116105 468140284
1 1327 691698322 199630230
1 2037 794311804 88473060
1 1123 325717994 906375592
1 845 36117230 467764564
1 1603 492138556 846170838
1 333 254403526 434679021
1 431 93596737 363268771
1 87 444295494 382237003
1 1279 681945648 159970030
1 2330 423828851 555449699
1 373 552050158 93880850
1 800 152711298 650630411
1 2307 475690652 370385741
1 378 447194811 162764551
1 994 693424859 789348134
1 435 267906038 641196591
1 1765 811768055 998620106
1 853 316305057 354105025
1 42 557830406 505012461
1 1383 547204448 605249408
1 521 205224384 685247018
1 568 119277109 116765010
1 132 449460083 939466484
1 2148 893267010 486173067
1 1443 527723250 405916127
1 1739 939334682 971869248
1 1407 216487043 902624651
1 21 578462336 541396067
1 838 201657187 724412453
1 1099 967276685 370598106
1 1643 478470872 465096344
1 1591 269885339 43987454
1 666 167462848 864917214
1 706 328336621 807693541
1 2053 337347250 55443988
1 1967 500872861 553270042
1 673 422605532 982037986
1 2333 118225541 53217449
1 1643 170509165 825854451
1 2033 155523652 97704041
1 2316 640649978 674082239
1 2086 617028467 936264295
1 1255 814218076 257270814
1 775 860117631 33870555
1 1250 219378292 335780782
1 567 728353993 568480198
1 2160 901665103 184433025
1 198 413259627 942040247
1 800 138772210 520910097
1 57 500439610 525001532
1 1737 301566617 400756962
1 1749 446648269 696232901
1 949 579375903 431467120
1 1900 666048516 200987635
1 1183 849468420 133489681
1 2066 525850268 854977250
1 516 277027206 793763894
1 40 408144963 260988341
1 2046 924082812 503695649
1 465 671623098 536020779
1 259 241932873 784642195
1 1170 813375167 912784276
1 626 255935666 439343848
1 1991 640142692 348497777
1 1024 753185053 602574007
1 2334 286485894 697729997
1 853 537619279 567436051
1 945 271215031 592341921
1 1827 750735139 453621837
1 2136 507273284 998305230
1 2060 476491176 40802195
1 1864 770149251 176239513
1 719 537646002 505758058
1 845 58930512 401621323
1 1471 979220233 231397336
1 1718 135899803 370705804
1 73 701680247 486769054
1 913 816074604 810996143
1 901 796348074 939219865
1 1022 297982885 299046781
1 1663 100384953 938482525
1 1929 731210014 205431106
1 2120 637218958 333529928
1 66 945200530 166535354
1 904 803724871 512209299
1 1471 768525803 441584730
1 1494 111056541 195531987
1 877 908986626 358478669
1 733 125456991 355313588
1 1405 266966903 440103355
1 343 77317639 423259936
1 1517 874836639 965156651
1 2279 975526326 834322679
1 1744 781291320 631253852
1 477 24028082 534878441
1 618 721149115 967078053
1 969 739014483 60154122
1 1405 504953533 523205941
1 1552 123461304 763786142
1 1734 339903128 4056836
1 605 486605134 15993723
1 1252 149486731 198510652
1 984 366068441 239475603
1 61 166002359 296245179
1 2325 316220754 157549103
1 1967 313385604 613064128
1 1447 544728021 5683001
1 778 970719728 302076052
1 240 488028822 64075235
1 1301 454753630 986835203
1 2291 273505969 388806832
1 2341 877621565 903786579
1 488 350295873 906232510
1 219 692777671 782513957
1 963 239997598 82617996
1 1000 758592788 867803905
1 1806 775526950 226666820
1 1590 104445622 811141962
1 722 600001028 917291148
1 1222 62170400 830531953
1 165 504556055 34224112
1 528 485629948 608442472
1 598 904162880 718791804
1 2022 357428028 370820191
1 421 80999988 207615487
1 2298 100262852 307317183
1 467 599112624 38632366
1 2133 592328728 995552861
1 1813 115015608 410178099
1 2015 581207824 971703368
1 1524 346601926 260181071
1 1689 591068698 597764181
1 1028 862829348 599998174
1 1386 294788710 925403527
1 129 266747917 264189004
1 1024 898608207 225719241
1 1918 179630063 159815534
1 349 995390492 480965741
1 1674 356416010 692137461
1 429 356806228 277380922
1 1121 990451646 983374205
1 2299 628538905 187613854
1 1370 913361140 98994944
1 2477 886809578 959886014
1 2090 979789574 257634196
1 2281 120908914 705106780
1 282 787768534 658111105
1 1580 402413464 816531475
1 2380 45572856 230604002
1 2297 956612237 295393722
1 108 250173890 344757810
1 1641 515938227 189122366
1 2273 480258503 641997806
1 1548 407389058 364164545
1 365 661918338 80944581
1 492 793386174 346488612
1 414 136314539 787372170
1 468 602840654 567466797
1 1042 102758406 409602283
1 1760 843635240 587939490
1 914 308122905 272055411
1 1481 954562793 213431845
1 1437 813510429 647565944
1 617 147724494 745816307
1 1501 864279900 105411774
1 451 863769487 813316221
1 2414 480584193 340519777
1 1320 410472637 11742557
1 228 52105589 46301609
1 98 30894138 279166676
1 1631 746394310 624964913
1 2344 342173340 426057502
1 1349 831485593 863175327
1 1778 496351704 678078391
1 820 923442166 245608433
1 781 969201060 773235058
1 812 192355436 480117375
1 1882 388725692 394125581
1 343 659736493 239870052
1 602 287239834 756623284
1 809 621145592 62606482
1 1203 913387676 125785022
1 958 36909865 659171426
1 1585 336417765 313632916
1 403 191956789 348981635
1 1213 139249045 693237611
1 25 288868681 604067537
1 494 52148746 55424762
1 1339 82516758 201251939
1 461 767109285 876670816
1 2528 966670731 974520353
1 2209 487376922 193528408
1 2080 530926669 377157002
1 1576 541955026 480776221
1 2056 494127668 929950477
1 2254 723832106 850198384
1 2051 215413772 302870453
1 666 666470245 331016179
1 2288 840215997 814008178
1 2534 679843339 113644251
1 996 182713988 539891544
1 795 528417458 336648808
1 908 371331418 426776810
1 2538 971857245 146880633
1 430 61294656 158186021
1 966 352856054 894154545
1 2004 277494166 357770104
1 1739 508361526 270247588
1 47 613833265 693642854
1 1917 833561568 899618742
1 1053 602728656 334796563
1 2215 299757440 338986826
1 1691 523983005 336627051
1 675 664227795 109236619
1 2001 867151887 25751134
1 1598 635674705 408536002
1 51 999770178 702954481
1 1023 787960222 304580470
1 424 79522125 54742294
1 2035 486154382 764172589
1 2497 856529636 769753270
1 1607 335725513 444077944
1 127 215631415 178406454
1 1129 470761331 714105581
1 1725 475976053 928928694
1 810 66523559 25992147
1 2474 326540354 144204659
1 592 509795490 375286741
1 225 459010223 508943921
1 2110 429811886 149611817
1 318 340804410 445468676
1 2362 815019539 584696871
1 205 874652546 858642640
1 2084 86764391 797455418
1 915 423574250 240045348
1 1891 556623902 914022183
1 2532 556704494 320339231
1 1583 980206889 370545452
1 2474 219371843 517372177
1 2334 591426953 291178038
1 2053 565165545 367123164
1 959 440279115 542381141
1 132 791650874 550155323
1 581 538956014 76721994
1 2267 764390837 432688634
1 1822 511537372 138382702
1 1412 916465918 601011728
1 1039 69682062 642440075
1 1717 645476958 220917190
1 440 311216239 584469366
1 190 694608277 278417988
1 96 134204102 327437237
1 463 685032524 317809597
1 1482 642327702 765108976
1 230 213502690 757631987
1 70 124589705 108817828
1 1870 529016351 130837909
1 664 548221578 875665231
1 999 223447990 61840656
1 2422 225232456 80750197
1 1844 235014260 858682415
1 415 334543053 568101746
1 693 628986932 909866378
1 1082 385115698 432916992
1 1155 377822517 737975323
1 1247 247149239 345388116
1 1382 38837839 880371574
1 717 603769721 838780572
1 1954 307820343 250141841
1 1616 30790959 664481105
1 965 225302460 100220512
1 1984 673454968 753334128
1 960 181803537 107620314
1 2089 123893956 527420938
1 544 346720861 334191158
1 1439 479066584 481137976
1 1258 512348147 530285171
1 1198 277364412 962892932
1 463 993506567 544695233
1 247 93073709 505642394
1 355 310692064 790822203
1 2262 756169708 323083778
1 2035 933009428 937169331
1 543 988540686 545263889
1 2572 306495268 948767866
1 1816 270025633 182974337
1 2235 38577995 394071963
1 794 949731565 695065001
1 809 448353918 971136865
1 200 274067500 460163662
1 1603 966783269 461850977
1 515 772747288 451679775
1 1647 322275115 486620355
1 1116 873071710 543584714
1 2098 522943673 653586222
1 1555 561903299 241385537
1 1097 683167821 549169782
1 1444 650985313 1407925
1 2505 850457743 818785666
1 1969 386280239 277873250
1 1987 54797274 113455010
1 2487 41457511 488933106
1 2068 456226774 484507897
1 1245 27709834 353581151
1 311 330692289 212654337
1 1809 28396277 460261582
1 2566 336024412 706211576
1 1080 120285465 353001812
1 1377 926021944 333633707
1 1860 355576051 921863068
1 623 511868022 745650884
1 1481 567353077 528543424
1 1734 217066569 397301584
1 1027 625363716 728863583
1 867 869124231 174036016
1 1537 386855515 993911496
1 2438 766966667 626624629
1 1651 321636746 794469055
1 517 341865488 692987879
1 2261 314934509 565206318
1 1737 303520787 527586227
1 2645 551424064 871893746
1 716 433145232 854415961
1 2594 505167377 287791062
1 1816 767000415 560141778
1 621 384928239 51753829
1 1309 251737783 698214943
1 1195 146916269 183586030
1 2156 978213344 852191576
1 1540 276804295 899182803
1 1131 116778421 878422227
1 2456 648479074 41403903
1 1324 918123819 481433994
1 1470 795181430 83870324
1 1617 858603933 801712297
1 422 220923788 174275744
1 1843 619031542 172465455
1 17 153031090 133328527
1 2375 154026314 170385120
1 1356 414798999 107376836
1 2498 599162807 316107228
1 2243 424630659 613701579
1 855 795748496 303806900
1 1736 929461407 909928042
1 1042 310112092 695719445
1 864 99709142 882434059
1 2071 961043323 35828050
1 1886 448193995 275339330
1 490 809806452 595562417
1 1456 28211893 774457057
1 627 572447073 4273463
1 1142 379665717 41658643
1 1612 852491871 884467473
1 860 33166527 684341121
1 555 747883945 86255945
1 619 187941904 696333536
1 1304 638789380 848452544
1 498 885348063 827702048
1 1188 341536868 680607972
1 2332 539056741 580779107
1 2213 910371609 663909185
1 1179 302699877 286577542
1 932 453811625 793441431
1 2614 468004473 924580684
1 19 743862571 807667925
1 656 829261480 11160909
1 1504 500865744 454340054
1 1882 631342303 451123063
1 1128 248840756 450111264
1 1173 791874633 330539095
1 1543 767048773 971454957
1 122 893292743 969341029
1 746 786971829 356540904
1 955 114294419 566760620
1 1392 139125419 70703539
1 1777 23470374 250476271
1 916 611549813 13442719
1 1827 701739696 325923542
1 2676 747848191 2969948
1 176 502036029 831512366
1 2067 793098959 620499192
1 2170 871732250 426198171
1 1580 653834907 819762468
1 837 88091854 605305519
1 669 681880883 696532746
1 2235 355412209 789083025
1 791 828073258 371692612
1 2213 591498400 805904447
1 1726 915886705 338102365
1 1349 206116726 302816695
1 2267 656187150 501304154
1 126 499181683 831105370
1 1508 43890823 675545082
1 1413 432511353 707248518
1 432 867721379 849169627
1 2020 723139016 631683777
1 1462 423716220 223390990
1 2220 893164471 109037678
1 908 213056125 601168701
1 1788 289381317 614283510
1 160 471032308 565937403
1 1517 45981132 611659621
1 1751 477985944 329202317
1 1010 731222206 985268733
1 298 921116354 930411056
1 1321 625114822 991214189
1 1357 461848632 297553858
1 518 642749784 569536969
1 1128 240505726 339698273
1 1515 645094803 903230360
1 2134 687329288 660418151
1 1104 330450047 322138775
1 1907 307065641 692882305
1 170 409593274 611994166
1 1216 880742003 959027755
1 232 482594941 983258709
1 1649 786682574 609518333
1 2408 324640442 221162631
1 1702 536416495 131915883
1 1118 740414807 686831846
1 1652 749750697 621219733
1 438 921835919 154558812
1 1218 459206889 313533149
1 516 177931460 736840631
1 2104 915145509 899667462
1 2406 600202618 399470264
1 835 251752676 181075441
1 1476 944616794 704704080
1 1006 186163902 818042326
1 2241 396694143 936651505
1 157 984248866 854038318
1 380 682580112 417746767
1 2606 460001761 236263594
1 1504 259304288 720262480
1 1532 196474177 119302287
1 2777 451569371 802750853
1 1815 418840230 893174718
1 2435 600625106 988160720
1 2686 588417020 152690741
1 1984 376454975 692924314
1 208 16499283 299158040
1 1652 902383867 249544790
1 437 565273518 188738577
1 1526 515416258 139842956
1 1629 168232273 580295160
1 1901 823510413 157980390
1 696 72913469 372921960
1 770 834923862 29171137
1 915 750398432 965821583
1 192 419765916 604550807
1 225 951957465 476696687
1 1176 897562952 708130775
1 1291 511827934 893052986
1 2481 353911594 70740392
1 1862 535908839 321345357
1 2041 534162675 651859619
1 128 863541157 751900966
1 2556 734631467 474224716
1 1789 859248185 652401473
1 936 875384840 177791001
1 2717 765263002 839423731
1 1613 586597380 508764602
1 795 898362003 799677504
1 837 451727949 770039622
1 1930 859295123 17901613
1 744 647079967 884373890
1 2805 138461016 554346962
1 2119 269851403 323980155
1 2677 172636451 683054068
1 1874 550537450 526570025
1 2725 419529225 164874436
1 928 595658031 620387613
1 823 908148430 646345733
1 866 269635341 609163903
1 397 55590812 293553436
1 1821 99775291 671275538
1 462 92929589 806786887
1 2167 333695209 463550915
1 1545 376727306 60634515
1 532 375321147 927754850
1 647 845197359 704231092
1 2783 684406591 842536769
1 2746 522290775 67406668
1 2110 648795068 229537211
1 2679 94675361 932875293
1 105 808919366 432186414
1 2417 515128334 329298130
1 816 697908931 357296049
1 2388 374502290 862898789
1 935 35177513 347152844
1 356 25995579 983601929
1 1261 522274334 62313236
1 1826 551950605 664229262
1 1066 877793887 725484392
1 97 183000795 600933583
1 1127 172311789 212979284
1 936 492078022 381271341
1 336 281169576 98460361
1 1428 367819890 414040680
1 2424 293183924 656613792
1 2210 885318562 43229093
1 1205 162218772 422782079
1 2705 997880278 810921416
1 275 637061228 706816365
1 2744 485544413 435618528
1 1587 809340226 515308889
1 1186 198953891 512984841
1 1570 575009061 227378843
1 2558 510892083 16063814
1 1188 320461795 483220724
1 2044 434987280 675672165
1 246 955224051 274504995
1 610 893626316 705756098
1 1320 770744384 933540784
1 1278 286855748 345341666
1 2547 488244404 372198968
1 2808 283062217 575569948
1 101 769194418 409588837
1 353 12838545 897122875
1 1806 859242011 817162650
1 562 424379809 153639848
1 2275 846551456 233008405
1 1732 391709467 418015440
1 1496 877962590 287285543
1 1441 321717637 739526192
1 2045 231250246 243346325
1 2346 856832151 877929081
1 1201 327385971 846477978
1 1851 832673495 276189518
1 2703 699142524 981303644
1 1944 375243502 961275472
1 2160 167182935 950666899
1 1274 842701379 871374023
1 1954 728471774 986217553
1 1308 553641285 643364306
1 1768 736621659 430584676
1 1343 988108678 579525830
1 1958 469588486 315983433
1 1297 33979462 629286018
1 1022 348759026 734424816
1 1366 652857007 570346880
1 882 248043209 933161558
1 426 869467910 171832811
1 1076 378449055 964828702
1 1830 297621182 761928513
1 840 767743733 449478356
1 1338 175208037 987068833
1 2552 12892265 802391864
1 313 407544797 465400050
1 2670 573928525 393024563
1 383 680993104 199032783
1 1678 144425727 906647027
1 2092 115258111 308423608
1 855 637727517 133827686
1 2080 173529925 716632187
1 1289 334150897 489454973
1 440 529684428 832002614
1 2088 22557261 882700843
1 1748 316451539 707591128
1 627 940922404 700445707
1 1672 871195806 225370858
1 1198 719780572 691053684
1 195 485723876 484308464
1 2379 211497261 122899702
1 2665 101752770 172098640
1 764 725261317 571707577
1 2454 387923186 4886140
1 1582 174344435 645519787
1 1570 387679621 554495747
1 1072 728534626 666067182
1 995 108220773 875909518
1 629 413522719 831514477
1 2026 2166174 974187781
1 700 108915780 144188892
1 1910 263170730 237158939
1 2377 45950198 438764790
1 2184 897096452 999740785
1 1154 41836069 829922315
1 194 460044977 884129535
1 464 342803587 337746776
1 2849 211181908 675074854
1 1807 147436157 751617871
1 751 216903255 240438325
1 1568 69568342 588735562
1 646 55412998 565186335
1 419 724573454 90851394
1 1496 433340201 205002063
1 1533 414350892 345326916
1 830 55109751 713489880
1 2611 862694030 141750012
1 2465 669943352 669152372
1 1539 535615549 288637696
1 2839 346391364 470094406
1 1485 176167000 449739258
1 1235 853783700 97990830
1 642 41929859 909841246
1 2580 752791462 370080305
1 540 50024990 664776572
1 502 605737618 718605727
1 658 733111424 94181505
1 95 177393587 786640921
1 1198 789173885 598890160
1 76 270748315 131607128
1 2921 385413629 152787302
1 1281 227984977 778901138
1 2705 748450699 863835524
1 1105 364843610 387280277
1 1744 957573350 662388036
1 1260 754569711 245490951
1 1463 133423145 253088632
1 94 448809001 901129685
1 489 138137222 764222774
1 1757 413862698 446946988
1 2525 414159631 70677938
1 1744 956902336 820153232
1 182 425761015 86813427
1 1822 758144474 686163952
1 665 359707010 396025654
1 2556 834208277 3910359
1 1267 84077201 962788937
1 1986 377690904 652877040
1 565 734066191 273225474
1 375 533700498 700157026
1 484 95071420 773814715
1 2104 234144859 509730929
1 1374 25430363 847479426
1 1108 185812006 546281439
1 1841 995512010 663654957
1 2985 176641727 766894611
1 2782 925493795 470673850
1 2291 341165344 941787768
1 124 860504776 803380718
1 2664 327675317 468547708
1 599 305608071 67305789
1 2259 267239000 857323429
1 312 427632867 972044112
1 672 204633304 48329996
1 2236 36728172 91378261
1 692 111200509 212580890
1 1293 25683307 181155149
1 94 810960027 792246279
1 2896 461610341 69331660
1 2562 610157109 980927153
1 202 282868719 695335411
1 1364 843986762 413627336
1 803 138288759 277372370
1 518 575363957 968004778
1 2098 729921856 230789714
1 2714 276069614 512960944
1 1375 517217401 282220694
1 1835 326315057 12719416
1 1941 670622976 754566160
1 1312 555566878 779970140
1 497 842446330 224830062
1 994 258817999 855311146
1 1761 736965656 864792438
1 994 447998826 47622065
1 1411 944161596 836315644
1 2548 174790710 644644421
1 1956 676628535 931366537
1 2507 705339010 388147214
1 2596 751395410 150946809
1 1005 320229677 898374349
1 2454 833701763 408035167
1 2029 569802252 755608055
1 624 579645780 947562891
1 922 801596751 412934960
1 512 274902027 754896567
1 1251 649824433 531751065
1 832 70397523 996481073
1 429 322153742 449048891
1 1759 1754913 343661110
1 1493 522375569 155525198
1 1113 733214998 187494665
1 1942 537815600 915217113
1 2059 717568141 728844041
1 582 100507729 328818315
1 1577 397342251 539938193
1 1960 379307476 205551239
1 1666 579554861 115088611
1 1667 978582374 170074373
1 1855 153341879 90997111
1 2045 29875382 459253316
1 2171 643568961 6930320
1 1077 631574605 507349273
1 2004 616841920 902947805
1 1609 585399191 519300244
1 915 958651437 845922994
1 2386 223779981 88632150
1 2728 276668186 259503410
1 176 315579287 87442348
1 1767 204066793 307196296
1 3049 888286895 275226967
1 2480 781331349 241760368
1 322 297920929 47729330
1 1969 218299550 383997390
1 554 590832890 712758073
1 2433 577870617 642285276
1 2879 616144914 173765945
1 1288 836345728 686710959
1 2973 26301377 885020780
1 1778 536049183 750339866
1 2492 669689855 189265205
1 870 475443339 702926154
1 2429 371477862 553982707
1 117 125994322 175834241
1 1729 970343060 880868516
1 2811 990110527 253930362
1 1496 468506221 429596365
1 2271 212222864 45379522
1 1512 92856099 606230544
1 1461 52357551 106105164
1 1095 900635541 971048518
1 2095 330358356 117605324
1 2883 492863345 578538773
1 2421 771673067 225791497
1 3023 325816371 152845897
1 1672 445159689 641800581
1 1046 894018920 868727689
1 89 925868285 827898330
1 1868 301516711 92815685
1 1553 852841006 938281345
1 548 406667960 343354991
1 99 846102663 473111735
1 2335 804686917 464328300
1 2194 970312539 565392217
1 2351 941874606 734309935
1 1945 749542947 669032168
1 158 403167277 352924505
1 1388 374979623 14331012
1 2353 580662060 773257900
1 462 479809166 343394192
1 1863 877142703 980336806
1 1585 338831543 37827505
1 302 362450333 431064838
1 812 516817212 405525087
1 1064 554741338 761579554
1 2171 556170922 510108969
1 2194 432375032 252010606
1 1852 596574262 483798574
1 116 209861710 360763037
1 633 339137260 587021939
1 376 281795792 952102503
1 655 743624911 150633522
1 2308 793705494 290799490
1 111 531236618 234137092
1 587 207654107 656304838
1 1166 307881138 480343984
1 2373 700753161 384118143
1 1201 321929528 291474541
1 365 651363022 998542351
1 2984 851753684 420237211
1 2107 496343221 57887540
1 1114 659326837 43947803
1 367 397450280 242138803
1 1996 565382764 193168414
1 2086 419607265 298987430
1 621 353757983 958453362
1 2181 267362368 815072957
1 1002 72905816 709346326
1 2575 936231745 92839275
1 1392 65270605 531887253
1 2429 165211931 393441505
1 2759 345995665 472305587
1 1682 583726503 992338782
1 1146 337126409 965656799
1 1521 963581299 370051502
1 1271 347963910 435806487
1 1649 428095188 79119391
1 3005 521704669 977821535
1 1012 799663954 984945824
1 1372 944775515 457921113
1 1574 220039691 333952317
1 1970 542820617 395984360
1 1101 526456981 721381546
1 2328 488591671 362080368
1 678 387253129 308977075
1 2960 734642353 260554594
1 885 463564882 281391392
1 1386 240379185 857521636
1 249 330577480 419183684
1 765 118067378 112899003
1 910 630148017 698409928
1 2843 921113289 513403955
1 547 432665626 262266062
1 329 74130827 451420678
1 1960 506380109 167559433
1 2839 357070433 631271443
1 2565 118833355 101089777
1 651 107796140 121649692
1 3147 148768375 978106866
1 1129 837764687 273733377
1 1274 625932727 745900476
1 213 315157934 101113013
1 485 931155140 481950871
1 1960 78712356 731234611
1 999 732564115 538782401
1 465 598010413 729037343
1 1482 273877461 819772994
1 227 254485004 98451431
1 229 570175872 384808946
1 396 316610390 44016190
1 2045 315767821 11016543
1 107 68680442 997653749
1 633 717979355 520907603
1 753 929078592 705016840
1 499 596738754 331418825
1 17 348104182 335451618
1 1344 326899749 163160056
1 1204 155206434 831374227
1 1507 255226064 626149548
1 2566 339823229 221903199
1 2487 754198586 287016106
1 1847 869508549 877538378
1 1778 562870241 740041553
1 1658 651258101 980024227
1 1055 698243612 511269919
1 1528 840495832 271731944
1 2312 184282731 946406203
1 1932 547538384 42792129
1 438 787675101 911283726
1 1938 552941512 666693444
1 2167 124944025 341167273
1 241 94374611 109147117
1 2834 855452071 127473236
1 1970 296918606 297513303
1 919 629337538 534208057
1 1241 625829606 492183636
1 1087 240543290 813567843
1 97 203172598 241388146
1 2971 302670533 385403856
1 975 481925148 701978992
1 2215 655838455 312400925
1 3035 482034561 123551374
1 1926 461647175 521143587
1 939 935280883 352760257
1 2287 219623351 112521189
1 1427 532610053 741188202
1 338 543830801 993100390
1 1934 646783394 207046664
1 1771 812020240 574551311
1 919 219713716 401081803
1 45 356096873 589795268
1 1786 640616549 658461191
1 1426 758075862 874855552
1 588 681043072 753366419
1 569 398502666 826229985
1 310 584106806 254774334
1 3042 355046500 347073608
1 2999 733156134 939415964
1 634 377866588 640870592
1 200 645598610 663251400
1 177 234674067 844526098
1 2941 25417275 249929762
1 1127 405254617 996311037
1 1096 30795071 655418993
1 1091 419403116 439872967
1 1008 313591861 603259313
1 1553 146881415 559648729
1 3138 81333794 672801581
1 1546 863204133 849730174
1 892 308656032 557784503
1 2368 679729604 468317396
1 530 157564359 244142534
1 255 200138980 894527255
1 2274 89399968 341142677
1 237 340940174 10719017
1 2213 890397699 258174461
1 3124 730504198 142538644
1 207 22494300 688378236
1 46 376462610 248276246
1 320 49833120 605493963
1 1933 250171005 513265272
1 591 808665064 51003842
1 1230 301251468 676899248
1 1585 492254815 192752674
1 696 854191646 911874117
1 40 272224103 551429345
1 943 868787522 227289194
1 3224 706923047 151321484
1 1067 854010054 208933774
1 958 283309177 1114544
1 159 726478239 451388714
1 2077 701519015 614433537
1 2739 868574509 480663106
1 3125 867185588 710104865
1 843 866855693 520903896
1 1348 174136698 142838339
1 3158 540598822 668402908
1 2827 44874426 309052345
1 2076 366008573 979520473
1 583 455134589 564577264
1 870 117300581 341149811
1 971 560564873 862124552
1 1981 408088550 496741941
1 202 388187606 38238045
1 273 964282442 428021834
1 2778 135610911 759437266
1 2909 803464959 380151603
1 2575 708557037 574770598
1 1975 509714742 858261178
1 60 63701383 734261236
1 2858 841781599 876752981
1 588 810991232 140523189
1 2330 987919317 12167678
1 1886 181460772 484243166
1 2959 72567657 837658422
1 1871 160204589 936974545
1 1178 874273155 342831498
1 968 636467223 131722792
1 548 747479885 991763400
1 1401 211368635 867803838
1 419 854616058 859757223
1 2596 798521289 685351821
1 917 703790621 843676968
1 2979 44691837 366726777
1 1827 403973646 17991868
1 48 790991464 202310833
1 2240 482114181 54779074
1 817 262750857 143013368
1 179 794157623 474388048
1 563 845371255 991406371
1 844 559885773 456872770
1 1871 491814967 98060790
1 1353 792957444 626226835
1 467 116686030 986309490
1 3199 760754883 758483632
1 2520 965691759 178121786
1 1533 935895366 268966194
1 2799 730761474 780908642
1 618 980420300 282097481
1 1136 634486086 271720216
1 1682 705933666 95414147
1 80 633679904 82497864
1 1883 129100677 10305485
1 1110 85025865 190612381
1 3082 199561147 698292518
1 569 134925760 484419145
1 1992 564421703 91553491
1 2812 800875079 594881963
1 182 878140185 155211763
1 2943 656013371 565155499
1 1163 871288211 364498835
1 2394 831323379 81944580
1 640 517669622 111639512
1 96 297885645 848652431
1 2023 7808450 101873529
1 2161 691498328 429653843
1 380 261487795 856018537
1 2651 807674202 322915563
1 1116 405770027 24733335
1 35 106185487 97150349
1 1746 525637875 895839837
1 2960 301048930 159342523
1 554 194990070 899175215
1 196 864968759 386566567
1 1011 192493098 254753394
1 2116 611072911 668370292
1 2276 827195227 257870646
1 1895 893438523 883868230
1 464 112171596 508870719
1 2361 583805806 627311726
1 934 319307631 749766896
1 246 209854403 465862534
1 2444 788860516 155053842
1 372 215942039 599440
1 2621 808160971 350621152
1 2593 102286449 465820594
1 2450 619879072 31245024
1 2270 91079330 892956788
1 2927 9639801 937075919
1 1511 751757967 47764683
1 655 546859715 350314686
1 2890 474576872 407134228
1 837 683530319 883935847
1 318 864674189 181966636
1 1002 811609830 870480040
1 2064 274874742 707371052
1 1600 702344589 797320848
1 2074 153241550 967063844
1 1239 953557205 960294962
1 2079 95422556 508646753
1 2902 238495980 891826369
1 1065 752470604 365969617
1 1381 908749787 613375199
1 1191 752668410 803095785
1 3124 505111708 479214062
1 324 689095816 662936908
1 649 529916496 343367997
1 1184 124189664 415031927
1 1704 512653044 70835246
1 602 149099297 691550547
1 1949 764904944 545234736
1 2143 663155938 273869586
1 344 112049605 203322838
1 1239 582853953 930509220
1 649 81495266 174031523
1 1789 587403216 580095614
1 228 916735330 705960491
1 3192 201995245 741877840
1 1436 509626529 437786960
1 2015 596238697 12776079
1 443 242124931 271404816
1 2129 463124989 7181497
1 3150 14254013 479431027
1 1925 211365186 575090612
1 1058 297521120 480096812
1 2125 473162040 505513275
1 2881 788249240 367773550
1 68 347692178 826132077
1 1232 996241876 596632897
1 954 136916779 360502581
1 1157 890918641 785629973
1 412 566796032 388120900
1 1507 764928953 482934312
1 532 561232570 590916187
1 3020 259752871 903954434
1 1476 78558774 487645870
1 382 631825487 720108617
1 2217 295506866 209485554
1 726 736094483 89649822
1 709 902687283 32212350
1 2094 773021561 750980682
1 1903 683203395 460776523
1 136 244868603 973211811
1 1660 82017184 724019744
1 1242 163279103 683969184
1 45 664771367 218313449
1 1420 654343628 634097578
1 2588 307122290 791734191
1 1637 528860842 447748353
1 1627 48434611 580673575
1 1713 563527162 979110593
1 1450 248671565 311131927
1 356 370833457 560922272
1 967 992617479 111874143
1 1761 988205152 567261499
1 1596 96704669 686544416
1 2590 403748966 227163222
1 349 312697333 116695289
1 995 27252808 196056612
1 2514 421368273 136697025
1 2550 246086200 382307222
1 554 441695119 769175091
1 1858 18177368 917188019
1 683 923032296 981512890
1 2578 179290074 363535342
1 3390 294647275 31948363
1 3053 483451493 277463102
1 2036 745240312 853037032
1 1162 251557498 607735992
1 2194 338767570 39101538
1 1374 263778682 693546542
1 64 547439003 687150567
1 1085 78222430 839607376
1 3412 780250014 273993926
1 2474 337005946 783459013
1 2821 17168416 506861456
1 2342 770236911 357610230
1 3312 434100545 49477495
1 787 474658100 123889373
1 891 885630803 102924755
1 1769 512899257 472262987
1 1686 694855978 397644904
1 421 697022282 740421417
1 325 675083660 465078750
1 1323 82376701 943492827
1 228 889328412 12288416
1 712 468982110 855277736
1 2176 728012608 362154677
1 2829 969939832 922792272
1 2142 95501652 128225036
1 2487 401186184 60404046
1 307 115621328 48561048
1 1352 10795524 331435283
1 1789 510973139 821910884
1 2430 90469432 931704688
1 1797 837254567 509394998
1 2254 13151824 928708264
1 628 631980029 914366080
1 2570 385100147 140702427
1 2680 393072561 752883349
1 1583 861988795 609486398
1 1287 661262875 614394468
1 3225 497305698 705308658
1 498 466885842 707872782
1 3095 551363239 490839887
1 1780 515354448 93710855
1 684 697714337 682902125
1 287 759896310 700761546
1 3222 432989028 352306854
1 1313 179042941 164932005
1 3130 177740741 146648568
1 1670 85685310 189738119
1 3233 684104893 295063614
1 1440 551837016 980056313
1 3202 217143119 831028637
1 2321 921689183 530705699
1 39 540486598 476266690
1 2344 619834875 550333886
1 1489 207655772 406262658
1 3248 249497949 766175928
1 1855 181073500 577497854
1 2022 240142921 17183718
1 408 598354304 46807049
1 2861 791659047 119734019
1 3358 863363627 784702939
1 1050 533126977 508098635
1 2158 830796876 496637205
1 166 454990482 1858978
1 2755 95944651 917169292
1 528 290954852 305130674
1 2669 683140801 975563304
1 3439 907043255 633555413
1 329 179165687 512452406
1 925 381054781 619446096
1 1726 610713370 69131691
1 861 759500950 857939151
1 2495 456088475 607020910
1 2221 882717590 666743837
1 2161 626143114 520165903
1 735 479946910 288448329
1 105 579188253 535498586
1 2764 226548305 309135462
1 1222 806806665 666440798
1 1788 826345512 295234693
1 1637 748814079 935323253
1 110 220093205 205793673
1 2742 248508991 428679952
1 1857 469484627 361169150
1 1508 318277107 52708048
1 1951 177255360 10439659
1 210 425667594 209217158
1 2240 119856141 447514582
1 1288 412565910 477013643
1 2517 213296006 543229556
1 3055 569559908 511540452
1 1833 687053931 491346389
1 2859 739478039 413945459
1 1386 429335989 261230920
1 1018 717971831 412993668
1 615 957614193 403971535
1 3421 743174272 198483541
1 3490 469407117 383583015
1 1603 862645346 588241037
1 1420 65702946 899748129
1 2539 518888703 452168823
1 1705 15857896 152944631
1 2104 628196652 223243307
1 1291 757265232 385733896
1 3079 820996882 857496466
1 381 142003182 920256303
1 378 556962372 820255189
1 127 336625876 391165151
1 3097 930820227 296022823
1 456 262585255 438649650
1 2892 636709476 422271559
1 71 59751201 501193243
1 3085 415627022 254935255
1 2126 493958641 764106192
1 2989 453532129 434728148
1 2833 842280914 932482189
1 2259 723549299 78900444
1 2658 75773692 644836807
1 979 142503220 863305725
1 3488 1128656 854956520
1 395 666442184 456510446
1 596 227163192 358871073
1 1224 902159424 575335577
1 895 48262204 271550918
1 755 71050370 702708034
1 386 962495429 249125252
1 2316 901379167 664702696
1 1927 736952202 214673568
1 1822 883591854 534878914
1 1606 673029421 541878438
1 1072 410314625 694511244
1 1210 480516668 972021435
1 1671 104856572 257847528
1 2129 311110910 495911631
1 2804 771276549 677621251
1 1332 864184744 130177959
1 1377 397751162 474230964
1 2385 300621544 858225282
1 3509 135449319 808890023
1 2244 660743057 515047377
1 2737 317709432 790289004
1 904 501694349 883367957
1 3544 909458016 663938392
1 2457 230378668 832127744
1 1711 452311915 50119540
1 3290 88302344 936909007
1 1315 529808983 729381565
1 2467 884376171 484420999
1 1826 276623873 460111491
1 219 977685959 590296327
1 881 637115963 129887937
1 3391 296829763 360249126
1 731 246860363 7837895
1 1230 970728454 150829524
1 2438 951011921 140206324
1 1507 899610918 74672394
1 3223 62084165 64081317
1 2871 407283657 385739299
1 1275 42100300 935204454
1 3279 608651723 949340983
1 3560 5373502 183997843
1 1918 539950871 114802391
1 1609 519578932 594168474
1 2120 531134381 290715350
1 761 763638057 452056714
1 1991 644132586 664800562
1 3049 874838424 989023676
1 1931 762846400 892027012
1 3572 371469173 321548949
1 3006 662635356 348669257
1 29 789469706 117726272
1 30 594678560 426546086
1 76 514585170 349081199
1 1039 383564788 129068435
1 2283 452413465 808099445
1 1285 251803054 222133957
1 3416 789794995 379449321
1 526 253644523 766557960
1 1815 536542091 431438739
1 3026 439693899 158571300
1 1773 472630864 631989972
1 1753 911447163 738958845
1 2268 241203259 434597560
1 1534 306240849 748426964
1 3456 307877475 18373303
1 3215 359279718 680984641
1 346 295849979 277635673
1 2676 238110801 201934568
1 3434 163023645 819912836
1 1275 220278355 187826161
1 850 975173876 990548455
1 303 757796819 509964879
1 261 235192656 214221815
1 1493 995560999 829890329
1 3470 838515570 326563646
1 2061 475825281 283255984
1 2561 554525613 851859445
1 2335 501320930 126923142
1 3027 259856953 373027581
1 1290 78919381 911842289
1 1189 392443902 18498399
1 2524 740177995 942416515
1 562 241352714 309472882
1 2163 327620225 596043366
1 3213 857465948 833810022
1 980 152900818 427806803
1 1874 550266972 15669813
1 2591 208202856 648737817
1 3208 321996983 505354822
1 2907 701716119 441180798
1 1829 752215666 681667196
1 2469 942232505 575544071
1 887 52081615 337064495
1 1290 157975903 199797245
1 1132 213814128 692489924
1 3415 566634205 673691030
1 73 62979885 786778891
1 2559 417069934 881571613
1 925 180383215 994685603
1 165 226665874 534196759
1 2297 165143871 39157476
1 2299 812342811 783742492
1 2646 762541944 247596919
1 646 313633963 321554485
1 1170 398925966 80743802
1 939 461092860 383221733
1 1895 322153754 341175368
1 1799 750515871 346961780
1 3440 753681560 777710040
1 1329 574109440 807259548
1 1356 398860757 155435810
1 3022 504715265 875442521
1 1112 117369273 109035438
1 2827 109626692 38186706
1 1220 177526961 691608078
1 1527 722848351 224215535
1 905 691165732 944822704
1 2023 713515452 332007494
1 2060 971676846 158066015
1 1198 304625186 912569721
1 3506 656750109 566894916
1 2174 482316511 887163262
1 2326 731264344 813524542
1 2984 396061902 472214185
1 477 978002363 835927196
1 2073 997380149 719937299
1 3089 90585384 222430742
1 1332 264415735 133964141
1 3572 194791409 640596189
1 2520 491586577 289335442
1 2697 245953094 304991871
1 3388 41221216 939598225
1 223 167891213 417091832
1 1111 913993064 192208549
1 2842 386421560 862746686
1 3142 507489449 3266209
1 427 578678018 613580797
1 1118 312127564 493916998
1 3651 394738246 400360552
1 2657 498275297 795029738
1 1151 717975391 664296619
1 1353 820863654 886940091
1 673 512097803 167224184
1 1345 148058354 145436281
1 2689 888656716 628281627
1 1293 862509402 268234993
1 1669 74741736 343703867
1 819 323238077 824798049
1 1169 152563845 235061314
1 1803 513609007 221249198
1 3562 198053966 697841497
1 2893 929773988 57424201
1 3419 961787242 309704308
1 2507 242100911 254658147
1 3338 217864336 547012119
1 2897 241262671 120193870
1 2411 99843517 915819654
1 76 332527410 582833696
1 710 148284147 864966252
1 347 80198614 343168979
1 3652 339579831 582474328
1 2419 514465917 852717069
1 729 678584362 918244545
1 3318 254052918 556312285
1 1730 648179432 460981033
1 77 867580031 853014338
1 3116 518848191 482393576
1 3438 693297474 15294252
1 2321 270163520 49120469
1 502 330566235 500267639
1 2182 324816330 162738567
1 2362 268091775 507901259
1 2633 192140695 985923004
1 2543 119581990 657093937
1 2800 986037343 991129149
1 2004 550969471 2902447
1 1119 972256952 993395065
1 3002 833197693 644730267
1 3367 401198981 330744432
1 1935 744736452 953275840
1 3639 987720067 975046672
1 9 76661148 711618034
1 2648 305555233 452714171
1 2470 6153250 877428121
1 1597 460654625 5880855
1 2111 205855403 40609435
1 20 806592118 687319490
1 2683 2446353 88606237
1 378 818861058 230947019
1 1883 43129476 305692906
1 3025 285695350 428382735
1 3118 307927192 164868384
1 1309 932677417 541620463
1 334 17416920 339274956
1 3695 433887533 249480682
1 3232 935993467 681746738
1 2782 675142519 354162749
1 938 850222058 944989263
1 3475 341685384 511344353
1 401 93859653 656079101
1 3459 995035135 219441841
1 463 839064232 7032284
1 1605 342322179 812720357
1 2899 609181631 940580881
1 2042 222468237 391458898
1 17 792502949 11164393
1 1931 716630390 316551530
1 339 116849886 916851974
1 1997 80311574 160314684
1 2617 494814549 825004078
1 1313 678347690 67740263
1 484 763195753 816569219
1 1656 995459185 253383586
1 1085 150482575 868137057
1 1508 913748982 941015898
1 240 831085338 595272568
1 3418 662769571 747316808
1 2743 660760350 932992705
1 963 476205508 341761181
1 3002 943060381 226247297
1 761 881994439 986270004
1 3039 124163848 463032210
1 2110 267114425 718426914
1 1206 336921303 769518912
1 1619 510902605 799501800
1 3066 396780040 860620671
1 3193 170490937 327268857
1 1322 349208756 243256666
1 1147 481321565 759530792
1 2688 175084603 552664677
1 3094 962563195 572263432
1 2723 944882961 755279782
1 2882 561879527 106253386
1 2261 996430493 705929132
1 281 43119206 871652090
1 2928 625405494 396734198
1 859 843483179 349673705
1 1365 587435179 637064043
1 1755 590585278 939856305
1 2395 741751454 941952334
1 450 957010466 683408826
1 3680 789292521 103714579
1 1876 513489944 740165362
1 2739 796579784 941969108
1 2795 944859074 357093226
1 1454 640400211 793959843
1 677 543715563 655245895
1 3674 503836573 973688529
1 2951 322389166 236005975
1 305 756067779 8525361
1 939 877636540 583483362
1 2243 214840470 499876542
1 1204 359081926 928278337
1 1885 455547072 80284572
1 3590 153383761 237014128
1 756 746922416 493974850
1 3436 20718823 632048953
1 2367 478939979 451087174
1 2529 403407003 234766410
1 1860 730173373 287123715
1 1358 651870435 431990497
1 3047 530941239 200474050
1 1226 915260475 911383845
1 3193 552794648 397373491
1 3016 707283680 420060775
1 3642 974296013 271256319
1 100 808217107 410042758
1 616 875867917 38584073
1 2150 112991877 315473925
1 3125 828317185 194613146
1 2984 369813325 929791262
1 2248 594646640 489625218
1 3438 303563755 709886875
1 1971 60003476 616114624
1 1476 783412659 190783922
1 3290 673135951 62678485
1 1827 102655348 41917644
1 3291 230339204 101011742
1 2556 42994132 903816500
1 2725 851746866 309278412
1 1630 35679266 777859958
1 3088 547892306 563921944
1 2214 274328674 379318811
1 3524 109378458 503395805
1 1171 316213784 513601422
1 2712 701483951 700050884
1 3463 384783730 382897757
1 3753 273695808 824755862
1 1204 659044330 411069383
1 1897 202027505 914356257
1 1984 307471035 113906259
1 2919 678266215 556300450
1 1884 291561725 398685013
1 883 203283158 208700975
1 3079 266025421 71532288
1 252 513578493 4505455
1 2071 35138427 194813252
1 1565 681217566 738646610
1 451 939062743 84687405
1 513 303899441 576332835
1 621 274229620 159706624
1 2897 751447539 475005478
1 2478 992067843 489132112
1 937 778954981 439250740
1 1249 19785959 703651247
1 3508 174802801 984596636
1 2500 473052253 595937252
1 1603 222196165 257999835
1 980 513627069 130678841
1 3578 950403383 928128549
1 992 396285081 327795066
1 715 111613542 433486640
1 2371 347221207 469698804
1 667 557630141 131608279
1 84 568432348 870572457
1 1211 395546364 124328100
1 3397 669393129 194845939
1 1243 413368334 511811376
1 3029 280648137 728972036
1 1924 333917454 33180542
1 1657 609741161 774535930
1 2065 546534080 433492095
1 1353 347565518 15931211
1 66 350587647 521521636
1 2661 797318413 199893973
1 2924 594047431 173086273
1 1593 169000590 284343248
1 415 217766268 263631899
1 1256 478280348 742650180
1 2409 797139124 466905581
1 443 425463132 438533207
1 1508 314185376 767797994
1 877 195991839 313716036
1 3084 818647957 661251455
1 2481 280979228 260823006
1 3409 368096640 548448344
1 2806 966637198 863912397
1 2043 474971319 715618417
1 729 17010843 966574372
1 330 63884009 703691110
1 2266 276799956 839375832
1 152 352182617 428085470
1 811 734712202 294451537
1 39 589681321 820283767
1 85 450119390 929229622
1 2885 442296830 615790628
1 389 913266690 995733602
1 1620 605247624 633966641
1 3261 262441024 247405530
1 725 711082467 281681707
1 2321 580347997 736655038
1 2740 988146439 494700876
1 2042 417427434 36182649
1 3287 106639432 807002228
1 2447 696171516 471344803
1 2497 248229981 484691765
1 2606 552318568 53690269
1 1884 343216723 636981967
1 2134 814715243 751956833
1 268 273421164 515439096
1 2214 324366574 175513782
1 178 781965093 271934092
1 1481 384246500 589870637
1 1422 815278644 247535263
1 1894 71213912 32161884
1 3683 829949183 69427619
1 2054 782314119 347292214
1 2847 26262565 857873742
1 3296 373485465 226586748
1 2956 988928206 239423945
1 2064 23773152 865458570
1 1954 223986358 247383958
1 3730 980646422 747756807
1 2654 695533529 42326637
1 1345 831186953 140099934
1 2725 703948792 38837268
1 3555 473430642 582756477
1 708 868210705 914903394
1 1412 28549674 217189232
1 1715 776763332 978006535
1 1227 301934990 792036958
1 1999 339447079 354286609
1 3336 522306198 279657723
1 3647 625901430 644386168
1 1466 329799822 315452060
1 1230 828624179 185242247
1 2211 746354383 814885938
1 2345 277800801 289365018
1 3658 898413820 93424275
1 1131 225713237 322833110
1 3208 770788424 430032964
1 3849 280440966 856769844
1 1789 800695261 702791943
1 328 144137699 214716253
1 731 997143607 421873194
1 3228 206612111 89281095
1 460 163037636 491511245
1 92 887197874 417315881
1 3743 145775671 48654357
1 426 110400278 477824007
1 3406 296275105 946002899
1 2143 892483491 942317
1 745 28309477 303293163
1 235 230240370 150506328
1 507 732052601 388500822
1 3070 305264389 653784313
1 2911 653781365 598240272
1 178 495500186 989892274
1 2987 398068458 856237236
1 2040 895920617 111288638
1 3054 639037591 418817745
1 2314 503792411 622346828
1 1882 763440542 634848210
1 1868 576328666 135789766
1 2959 777097880 933898647
1 3297 892078192 308208845
1 465 310036367 958467822
1 86 111987448 970290442
1 1746 440940139 730879377
1 1620 89143420 296466926
1 499 44840038 269841883
1 43 394912789 208104695
1 2358 792112826 110680598
1 989 763170205 443402799
1 1256 606527990 787698487
1 2337 184307329 352833283
1 3667 743898332 450097053
1 3322 330559348 122580587
1 1900 365910930 966184181
1 2413 449859548 287475111
1 510 140158544 117521124
1 2839 5261154 836204066
1 2376 368374917 667737771
1 2403 986797749 982727549
1 1447 882610760 536634741
1 331 132339786 464049528
1 2756 489829426 659347184
1 1906 992961607 494044358
1 3160 367728899 565604470
1 2799 692589854 571473903
1 2173 817992842 347647638
1 143 485528255 64618377
1 2944 165144130 498528430
1 3020 36471769 607832983
1 2074 722046853 358425677
1 1906 336748638 208493716
1 588 796019313 950845315
1 338 176975409 662879593
1 1982 642210798 283319393
1 1858 769076255 549759112
1 2323 251474874 143507001
1 841 117794813 340163353
1 2730 302289546 2369944
1 3701 502439407 975591324
1 857 951617816 425260753
1 1027 907984509 261207074
1 2373 703832702 162539925
1 3843 104581934 669424794
1 3025 578464331 934328138
1 3942 417512763 872143574
1 2319 788665883 953941031
1 1123 956481999 406403197
1 2575 142876118 390434341
1 3958 410777686 158385471
1 2668 153660550 339017959
1 1284 995163657 902909323
1 2360 970118055 521174719
1 3818 718576749 680333345
1 1840 87683514 617031413
1 1334 33841310 477590132
1 1235 600401381 792682679
1 3789 784336008 432089101
1 1637 141740996 572103910
1 998 177378064 296777008
1 987 880626146 323197407
1 3307 205307205 523788320
1 2319 439521653 610658621
1 3205 897245659 819869970
1 2936 177299744 337072693
1 2874 571305356 759152071
1 1706 662070942 70988980
1 1892 986723109 906869676
1 2719 500663385 637338774
1 283 174777496 433125002
1 1750 608009163 714778460
1 88 282898207 271145170
1 1305 155421900 652703593
1 2974 506040200 397286529
1 1788 191128834 187580595
1 1862 458671242 293331118
1 3840 984772720 859092720
1 2180 776230876 510045577
1 3841 374204832 367649171
1 480 855854975 529885502
1 152 940296547 37186725
1 1896 826887733 886963079
1 610 223326812 544810530
1 1819 475042141 459261172
1 141 717769333 873861637
1 2357 29068232 860628305
1 703 985985977 952269094
1 1980 688701121 940932950
1 1432 130350539 858227968
1 366 532181035 646567155
1 340 360002167 639812827
1 2429 879283123 259089505
1 2873 561762335 75718448
1 1852 406735806 20778322
1 1863 540225981 188652702
1 3537 395781246 919891525
1 3105 552141342 598395554
1 3142 13577141 709940738
1 1614 145486066 949201514
1 1326 223155642 898395327
1 1391 892145603 232653174
1 3589 541525072 385875522
1 943 555000280 938977537
1 365 750657595 990024575
1 3407 652641873 621337038
1 1984 390565581 915176342
1 2486 564074589 172519914
1 1197 389562403 730215509
1 455 202383716 25865837
1 823 349630282 21704448
1 3718 428516587 257990051
1 501 897408515 981478980
1 1346 899489656 665398738
1 340 763840040 155106800
1 2270 451131167 410314910
1 2380 283577170 59496990
1 3564 347727354 132590660
1 2283 288985080 906529272
1 1902 226176753 169984138
1 1482 750664003 831304838
1 2694 231160734 812107474
1 1906 745322913 498673082
1 466 601356516 783119033
1 349 96716103 172386076
1 523 554409891 127608702
1 3383 855200127 110747042
1 93 215051040 789089634
1 3960 620592406 412270194
1 484 986697885 860121565
1 3011 618183192 6471687
1 714 984669109 171134863
1 3854 821548755 252007037
1 2310 590705524 252276646
1 3841 940810954 52169043
1 115 567010720 655462876
1 2132 818774818 20183664
1 787 278190156 897453313
1 281 913782894 496210089
1 3162 965262368 942314107
1 3562 314050921 266801160
1 284 74988741 453699259
1 2750 233661671 95007341
1 340 945418848 118715631
1 619 839616686 102638059
1 2817 679106013 445724291
1 3910 558098286 382166809
1 1336 759633633 238898891
1 1044 992813134 838213699
1 1983 831051022 848897909
1 1079 743289766 648346645
1 175 699129768 13840466
1 2241 424637754 858645459
1 979 188801757 593955013
1 1102 155658345 653306
1 3153 589560848 373036735
1 1331 738418615 145794736
1 3585 720048016 259562681
1 1584 332314119 239713363
1 2034 239586603 112410800
1 2585 266170801 899103957
1 1641 681155408 865308369
1 3714 393659955 160089225
1 652 795308413 526899441
1 3275 592402582 360147398
1 2460 61331191 68737347
1 1952 797610016 40911395
1 3195 850231581 313241345
1 476 100986914 707398096
1 891 948285236 898260274
1 3677 163483527 618461861
1 216 558756643 461183331
1 4075 544937423 544214823
1 3464 830383851 588352774
1 2160 307497896 422650758
1 2082 657146912 769123530
1 753 163315817 545225908
1 2420 626734267 362618649
1 2230 94915457 716529208
1 4082 455528363 274913725
1 4034 327325166 758088862
1 555 949502736 828007546
1 1286 361829962 148075867
1 992 515256540 332037338
1 1998 140721374 59892742
1 4012 865145807 453118285
1 2340 602148439 974834705
1 624 534550479 237229518
1 2388 453092295 335198316
1 15 846894932 675815327
1 1640 890797160 262359319
1 2494 756324891 161832377
1 499 893635491 863588052
1 365 381611795 326531370
1 2893 274273579 581845105
1 3969 596406516 403588713
1 3803 763152043 633964597
1 1778 363228472 864278215
1 3535 546891478 887301350
1 2362 686268310 433073407
1 3757 888313226 904568079
1 705 909330224 708030161
1 3844 84249560 645243231
1 3374 105653255 245850796
1 1841 464525507 334917210
1 2723 490164804 581494468
1 481 566195145 147844590
1 1017 979409508 313205194
1 2913 966226867 370588514
1 780 691772460 900506715
1 1715 325259858 375643121
1 2927 687833878 332351511
1 2546 920415900 972696854
1 240 661597159 381689280
1 1449 218306561 369385069
1 2893 557991094 701805391
1 89 759505807 397596001
1 2837 564241003 719639996
1 643 259052773 757396198
1 867 894114293 31002194
1 1914 618667311 30429201
1 234 539189186 741975065
1 1853 625042540 151160037
1 2063 324214665 724264777
1 4124 394780492 746175538
1 494 405098636 716031363
1 2767 471178941 826364222
1 2618 124755030 413613434
1 58 450356263 960772707
1 79 701452588 514140482
1 19 322211014 378196689
1 856 835214138 836593421
1 3251 307841756 84143363
1 520 119627812 492974986
1 3869 338440442 929000296
1 899 403496601 903661849
1 3945 84235698 551221569
1 4162 581282146 916187000
1 1292 673329861 30777926
1 1362 638104686 931983424
1 3473 513240024 260101582
1 3391 297908852 42539002
1 309 611467647 873567273
1 2730 987561338 458726969
1 3384 280139036 426207477
1 1025 836873203 987653764
1 3065 987444683 818273207
1 1529 598906864 28274248
1 2210 431186686 620600050
1 3491 472157351 94254284
1 3187 58123067 420853226
1 2146 546379068 597231287
1 4073 889669417 376333895
1 3904 897369743 943224606
1 2897 864477578 21381607
1 491 535189552 954408509
1 3834 780753604 227392272
1 2038 796396043 168210294
1 2747 187833062 581781762
1 398 515192474 274915219
1 2735 467337929 904106504
1 1344 742535963 726586080
1 3951 15434751 862437486
1 3294 591766780 250852391
1 2694 924567778 582539358
1 1969 199152173 168296937
1 3409 650427233 64718326
1 4006 436708191 524750215
1 2368 440802077 896111442
1 1055 938076898 505499773
1 2026 231302854 42436113
1 264 359816320 469327679
1 3848 892423212 879080391
1 792 605260483 326495087
1 2274 155066169 105310461
1 360 52991686 859522243
1 2592 29840875 129021273
1 2576 237125359 54592101
1 2748 313176607 169003605
1 2129 259200438 255994518
1 1016 279282564 72344882
1 465 763103313 938572257
1 3460 950648971 296951748
1 2202 205061560 95382015
1 1803 282966910 612895053
1 3877 708444271 332670043
1 3597 810041327 140266718
1 316 989228054 789918058
1 1978 79189824 820715563
1 3505 193441564 415642987
1 663 570972400 42450245
1 2405 221153122 285342433
1 1275 481476156 470648354
1 1248 997680037 115610995
1 1044 202427221 39903785
1 2797 777655082 400084001
1 2062 792901907 380475149
1 1653 938671557 709976647
1 995 689580422 540637659
1 3826 882502880 32223860
1 484 283731066 89910941
1 1654 942534548 517480414
1 2444 704949660 846710028
1 1296 640827207 470760994
1 3918 784124676 272357672
1 2521 598557959 935947159
1 449 29162455 427023375
1 270 225509761 993282112
1 3977 997070217 421446047
1 2895 951162074 93558797
1 2562 548537585 512207795
1 789 785328382 960582107
1 596 43540378 688532507
1 1298 820233584 384371220
1 2351 263606473 176314338
1 1415 603032776 379769179
1 2932 941894265 48558193
1 3385 696034416 408841405
1 4168 360125548 800223250
1 2397 86225313 588370920
1 3060 603495057 505865510
1 2359 903886649 315428214
1 3595 964300541 569864754
1 3970 880103238 625667602
1 3341 337299374 22488133
1 1511 222835884 3306983
1 483 362193974 662433123
1 3138 615559642 447341252
1 2684 597964185 498427891
1 2555 812571121 955224180
1 2169 718336009 474014288
1 185 623644945 296285660
1 2386 348415013 204496893
1 1724 245483046 491052459
1 2109 750799922 990349385
1 2024 800691273 273257054
1 1370 952114918 828263508
1 3863 668914607 135349763
1 2554 257039951 762840777
1 2184 29569119 869285140
1 872 748848781 743440718
1 3296 74125620 278356118
1 1962 671428799 261439551
1 2392 996797082 892664268
1 2196 196822593 526186833
1 3070 629581462 782702689
1 1595 49809523 935314734
1 511 480508424 419318359
1 2977 160782752 114865576
1 1776 997232654 369842670
1 2381 827671639 31625938
1 2459 372932439 625160471
1 329 983067081 671641759
1 454 822990611 407903082
1 2521 35994180 320034001
1 2962 912855972 649594321
1 3237 245582689 548708278
1 2213 996948014 523934557
1 2571 840355933 46781564
1 1086 309458737 846359174
1 1031 696767045 317981155
1 1591 207026370 453667127
1 143 425668312 582632468
1 1310 186030587 935079234
1 3766 574562223 86920859
1 410 502289847 797847107
1 3449 140525667 591762020
1 3548 779232515 233069422
1 1850 841327277 340576142
1 1990 193646694 986836329
1 3527 302668065 388004442
1 660 723022834 719915952
1 1470 208187280 547041756
1 158 665145181 611866508
1 917 200364936 695114309
1 848 428774877 917372203
1 3656 148031260 193354018
1 14 329380184 340408853
1 1147 848144230 166225407
1 1225 121514678 25557744
1 4075 19527356 278192303
1 1569 291714159 14489628
1 2689 116779811 3330673
1 2896 453474058 133074304
1 1349 627004585 927076462
1 3276 257487650 36571681
1 2204 605986047 704913697
1 2160 453005488 242678008
1 960 6266468 750915632
1 2409 529501411 113069351
1 1457 492920735 213955993
1 1245 118737709 566316783
1 986 540102992 118790471
1 3845 94253379 560581820
1 3135 841595259 36770843
1 807 933909547 807611293
1 4212 492504192 895276380
1 1369 372662319 422330648
1 2873 829343124 454884882
1 1125 506647663 913701329
1 1892 980836261 198570798
1 1450 999606360 363811714
1 2943 842879931 3145457
1 819 426426575 373065425
1 2137 991595732 577400094
1 2352 416398680 375637766
1 4080 343974150 639174440
1 1984 548739190 450672421
1 4017 885302467 542179976
1 1817 498367954 41371275
1 2294 18308679 556821567
1 801 438503463 688044893
1 216 792946743 225580806
1 2307 269202779 745974358
1 827 804115394 809127241
1 1666 32991726 800453049
1 557 78562535 809721510
1 2080 525262095 628721981
1 2542 59748775 984213734
1 1649 310682681 814294675
1 567 759234928 829993631
1 2201 142417044 676941113
1 2848 936334552 150330301
1 3245 882104560 316493775
1 297 732437611 619900735
1 325 869167494 258933877
1 261 481469681 298359239
1 3380 234198817 464186538
1 2346 7164371 85035436
1 1992 220827391 208210024
1 1507 172894105 664833623
1 4371 704206298 781997653
1 1735 893119505 95820884
1 2105 248866892 153945259
1 2938 531915301 91392919
1 3982 447910341 148343799
1 3795 571920783 328012889
1 144 855463334 467070733
1 2098 275583003 513287279
1 3772 851181748 177422063
1 4365 410035237 641734271
1 3129 735644240 470321911
1 1658 471523593 271378178
1 106 903588478 249956515
1 3015 151886688 291940783
1 3030 46079911 628901160
1 155 656978206 939724820
1 2377 799744782 159453334
1 2655 97155527 90430537
1 2233 867256485 180237484
1 853 471986595 245898074
1 4230 628471999 394585303
1 4081 207525688 869575125
1 4161 468522309 134766253
1 2803 383447230 835277151
1 566 638019731 767967253
1 45 287943617 90307447
1 3542 281380434 290470091
1 2884 163419463 626576623
1 2163 537200982 663665558
1 2183 233417598 142627540
1 4308 414397618 135914163
1 540 272982186 509312309
1 365 140778533 640585043
1 2578 849264272 579950785
1 500 26911342 938878247
1 1626 88377318 774894670
1 15 645132298 812236750
1 3645 69820697 807613350
1 1010 521352327 723529635
1 2596 249075333 123341936
1 286 768832623 25493459
1 1323 33669735 9189187
1 888 801674568 660457434
1 2444 792997882 614604425
1 3494 56158740 40968252
1 2013 60751902 809405274
1 3522 147970482 6956221
1 1502 277999364 106001002
1 3319 848545091 247820094
1 1306 652852046 135919750
1 560 944798669 259386769
1 1552 336955803 640369902
1 3431 537455128 538160406
1 235 278647025 840583629
1 2896 774393806 877624854
1 2521 624728397 677025981
1 528 70813530 175359934
1 3216 494213589 155858057
1 1708 6877321 723633445
1 2648 202943140 422775288
1 3457 196390003 203197677
1 2627 537410491 354372732
1 3108 768318696 725518584
1 4062 819889747 697265603
1 1771 989153228 286569115
1 2791 554364431 413633677
1 3412 623887264 504846619
1 3578 759636370 694803665
1 1011 149390561 295327564
1 3741 158537732 566942469
1 2241 881675732 397712629
1 633 583476860 313526967
1 635 98729258 591144418
1 1734 422516956 998850780
1 294 584894821 741812257
1 2696 656598919 911741639
1 1005 385946191 562200377
1 454 298583639 674567481
1 3878 635732617 2320229
1 1120 795124652 422836650
1 1402 172368147 739925032
1 2006 523378093 689737539
1 2479 523208777 721948984
1 1614 209496338 745664395
1 683 795649072 824220545
1 4058 949407505 63703979
1 1495 721058216 259115091
1 1352 88472768 909821894
1 3317 754081078 520727872
1 2222 262913762 951476636
1 725 343746691 451665184
1 26 839684438 512203019
1 1495 150300557 879309668
1 1769 696993303 113215590
1 3214 503508448 743743235
1 1236 382087401 213476348
1 4347 870785163 528824496
1 2615 552062745 650627808
1 2585 135144012 941430194
1 2371 454557134 193075218
1 2644 36747816 379685968
1 3121 578446028 519829143
1 1781 933706390 490621278
1 2548 272462864 289768806
1 474 826567947 552521440
1 596 522903415 786971893
1 4441 310421608 937332324
1 3518 343012508 113889937
1 4459 221897649 256203377
1 3713 697822997 140492791
1 1381 631918834 779282733
1 2267 971569810 639518041
1 2954 165453947 943796366
1 2669 452268534 939245892
1 450 120764957 654230572
1 1499 145286082 735984462
1 3122 917222335 721844335
1 2965 63184218 37901859
1 4302 297198501 691329660
1 2322 872249334 762506865
1 3397 274413654 878810461
1 2432 593228545 899529667
1 3640 81817279 57159323
1 3562 422778586 83255459
1 2578 649770399 80987027
1 3615 750690070 385158438
1 1056 430749787 441481645
1 2477 667547828 951762248
1 4220 474849459 617023602
1 656 827520639 942899916
1 3411 201731992 658387739
1 298 528196384 654900144
1 1596 885223222 520943389
1 2836 897502770 39315291
1 300 170560919 431975373
1 4413 141206027 939959872
1 3147 99525047 684684479
1 1704 759322635 419120609
1 4249 993648036 279439843
1 438 995608328 851293188
1 437 917882155 461003981
1 808 125016415 395118939
1 394 167217647 824008746
1 288 464966848 71267142
1 1082 893057168 814204965
1 677 545302896 107162511
1 2818 856417275 272288562
1 1879 913235600 591436642
1 114 691879563 742416700
1 972 284283798 768039579
1 1079 201134495 868237040
1 1104 546052776 529668977
1 4398 855709274 825316845
1 2411 766372079 134573861
1 662 806806915 959950514
1 2875 39414598 800283517
1 3361 616602522 66761016
1 2478 718022226 855872606
1 3761 216635842 944868602
1 3534 221241483 628524986
1 1263 767226725 538859495
1 3065 301353798 115263077
1 4341 789278785 987563418
1 4039 892779938 113529702
1 1305 401010278 229128369
1 3457 611503702 235721440
1 302 560680887 859006676
1 1189 769944078 75610546
1 2578 644758548 186350244
1 4433 558027057 395963512
1 4231 629869185 552392866
1 2932 591178375 499989482
1 2129 103353778 973472811
1 2745 547766939 578390011
1 3177 728348307 856614179
1 2777 685859986 426910871
1 4330 176909923 601277550
1 4068 175405961 846007087
1 1541 37737368 48389638
1 4475 163797054 412870072
1 784 934944827 757901219
1 472 350936953 382703242
1 456 559651381 415454966
1 1584 327308567 935998927
1 3245 536608007 638007395
1 1582 675644987 870116164
1 890 684953368 109125420
1 4018 978792743 213395355
1 913 943625144 285251586
1 4375 416138822 281586372
1 4335 746723527 443241823
1 2606 803579514 63928696
1 4492 236874993 14774522
1 2538 280986953 353474939
1 2962 633093319 291707087
1 1133 150551992 535062528
1 1290 45131332 15870950
1 4471 898927999 517082384
1 2220 385858240 574031989
1 1407 81699831 327723465
1 3937 825215476 181404361
1 2207 759927334 40053880
1 3468 47296306 67315625
1 1921 916884860 382077408
1 552 271958563 441657616
1 1691 410837651 580289686
1 196 787989636 320110897
1 4248 877220457 896291755
1 1513 556236031 635748397
1 2807 227964392 269130233
1 1421 47647274 707743284
1 3400 802450071 483450881
1 1731 92812470 228325090
1 2810 431846750 727887479
1 373 929285774 561304222
1 4063 956250387 687300334
1 1805 28704730 169732606
1 3830 331820171 386880184
1 2120 59604789 741904823
1 2456 719857637 517910198
1 2709 678011554 539543778
1 2363 541708087 619738851
1 157 676743205 940566385
1 3341 521240940 673815055
1 2445 846052364 12368244
1 324 271540617 245445048
1 3831 328762752 802954728
1 1922 366866106 801539735
1 514 438555312 557777774
1 2622 636866131 124850532
1 2556 947275605 112113078
1 3021 601672609 748088842
1 2953 86513298 897761986
1 1869 296063636 392829834
1 897 265367165 671641904
1 1567 827021003 593251533
1 372 793516534 572520825
1 493 618101711 311136802
1 4026 636504233 274139111
1 2788 26264368 495353975
1 1690 609668506 597089171
1 2896 886970059 695081219
1 3687 388965127 868692429
1 4578 33468645 809073746
1 619 617430586 83256679
1 3852 827895164 774030632
1 1494 454301960 755368942
1 991 531575852 728120268
1 4459 747375719 642366118
1 704 277073256 594571140
1 781 376884071 150008721
1 1741 573265271 432150230
1 2029 127644222 514696001
1 1134 66680112 120499595
1 3256 735457775 991741706
1 4264 983665759 938318529
1 314 885043791 967331010
1 4351 6136643 781070327
1 1079 276956921 541729774
1 3238 600230054 993739561
1 2688 159673877 519182875
1 164 159498446 493043397
1 2272 475967340 140330192
1 4562 360231744 103138104
1 3953 341968980 562910218
1 188 140466999 129475113
1 2589 849481951 944318841
1 734 684508717 694704560
1 1955 848226757 927341745
1 2097 336703045 578055976
1 1466 334167215 879668350
1 2195 284534916 168227393
1 3980 580893192 780849760
1 659 498375824 111855605
1 436 136099804 744906738
1 120 644982141 961148937
1 3672 47752632 313959830
1 2846 615027093 429474401
1 1772 944173268 542855003
1 3378 715649946 443332273
1 1726 400822576 889384937
1 2391 352384430 295183865
1 939 659411121 590393247
1 163 51258742 633765935
1 1873 595816459 526071347
1 2603 660296171 37851878
1 15 48202178 520876943
1 683 462111500 525625469
1 4033 44262614 707409023
1 961 151470329 811025019
1 4224 976694864 133075449
1 867 890103606 461776736
1 902 42179539 5463295
1 3491 361355551 794822004
1 1245 943723919 8405978
1 4103 389495616 405023830
1 204 857146454 379927511
1 1878 447264212 96853726
1 4177 822026510 493346631
1 872 334665423 604500276
1 1666 610516154 19822727
1 678 310422561 304893709
1 1751 103427961 641525837
1 3850 321993120 434063826
1 521 36444741 468323634
1 780 4245568 759098542
1 2636 941926723 691734367
1 2653 951346215 817280191
1 1862 249231712 734183538
1 4124 625747524 715524667
1 3758 497980395 874535053
1 2581 993400554 561518797
1 239 316062031 74243071
1 4619 749712036 904124905
1 1585 835855150 72265793
1 3574 675049998 219876868
1 3914 843986280 746927318
1 2838 426856547 279300593
1 352 466118376 822769285
1 3020 38027147 796151071
1 2667 328769664 559752947
1 2590 541435987 513683723
1 2570 816139388 425733128
1 957 595385273 47809037
1 358 665314187 30424096
1 4094 911871190 288734936
1 555 531897345 148868051
1 299 211040137 644127274
1 314 975346862 356189627
1 3808 880898253 865259219
1 2378 551032107 912292592
1 1349 463671837 780318645
1 3942 577185506 490239460
1 2929 283230432 712463238
1 2821 759793833 546204374
1 3582 145943763 110674033
1 4411 476129121 661696797
1 2149 10342068 100709172
1 1474 351489792 171293111
1 91 704596280 8817396
1 2273 593624943 472645650
1 2497 25860938 291273004
1 2580 405286026 423654875
1 3284 545976783 422600985
1 774 237503080 634834524
1 1527 589224491 105109233
1 3122 664049642 881676715
1 4260 956038400 495689153
1 948 860488991 633207340
1 3239 438943047 883543844
1 3562 212438316 426884125
1 2893 243101270 743634136
1 3638 506061550 576160894
1 1787 93557263 192416977
1 4142 101383347 263307462
1 2687 30025547 506417506
1 3194 605751147 665387583
1 3121 482850032 331803266
1 2359 185903227 742753860
1 2759 756562446 44921706
1 3726 881487847 460305492
1 1048 966618298 689135977
1 3440 521593219 393218286
1 2985 863064420 908087397
1 1901 207196778 122191875
1 1315 889592317 575477126
1 4610 866549868 912095341
1 2696 871024022 927069349
1 526 534844326 346187692
1 3157 149761342 842380491
1 3371 588571738 693317374
1 1893 55770851 953649543
1 1016 465132932 559574038
1 92 442753110 729307510
1 1766 310439702 289292903
1 133 444119743 862020872
1 2249 974093735 899287886
1 3271 21178845 423174692
1 1125 182828013 266204070
1 1186 345034293 473611845
1 2867 879327349 692820199
1 2588 587873409 373565137
1 3109 435994088 934489478
1 882 728200386 585651162
1 4740 661072674 704308351
1 1011 366548217 599459905
1 1798 932941194 499047129
1 2644 288285999 26186837
1 4028 181577799 96486863
1 3918 883274163 775248893
1 653 373098857 621587373
1 542 190619197 162628579
1 831 431976764 514082844
1 147 584280872 897918606
1 4519 483307349 640821266
1 3637 658872684 867056091
1 884 924060099 188122576
1 3710 304128067 246138275
1 2378 268091996 486413040
1 1613 382505948 657612163
1 1513 184411215 261891927
1 4444 819044465 483196475
1 3774 248581797 645895977
1 3494 372626986 471603782
1 1843 145027744 683392505
1 4179 602711700 383206256
1 4739 872281719 194336909
1 1425 393482093 755472479
1 2885 919030512 840778195
1 4446 117789241 8380888
1 1552 483451259 516634551
1 3181 52295378 519218498
1 4506 665902821 739456572
1 1098 491110050 123406631
1 1583 882190485 495438914
1 578 503344472 359363904
1 1152 419801365 26538799
1 1982 280332847 608039209
1 3019 925144767 455104000
1 1941 917186928 739531499
1 3855 313456923 964254094
1 255 262052745 709243703
1 2046 585575645 898733447
1 3978 545313562 570052210
1 1444 601816211 461254516
1 948 884140626 590866243
1 176 888491366 428189523
1 1468 345845028 330158116
1 3236 333804988 952324314
1 453 925133114 815613227
1 3256 598527078 176638251
1 4448 835116136 2906459
1 4449 127363060 940716179
1 2460 234822034 497545618
1 905 134895743 951138271
1 278 154381157 477812518
1 2373 878063487 570198226
1 269 649809389 789103078
1 719 571100048 73671197
1 2868 708886720 217660804
1 1668 606427771 591875727
1 4294 526952583 607788658
1 3908 751438917 701588746
1 564 465438282 671890348
1 3726 317218060 138860813
1 4077 375500261 745230247
1 3371 28506539 784442420
1 503 586895664 427503129
1 991 334760090 530534154
1 2685 305686361 415941470
1 4356 508122967 123472005
1 3510 971810437 102650184
1 4337 833986892 732079586
1 1257 107387752 652206269
1 493 760779463 160043065
1 576 78894931 180642644
1 1490 88923922 366074666
1 4664 899978404 635579953
1 1474 998193926 398118109
1 955 427290893 722676978
1 4244 43300449 405018914
1 4809 285281729 625135375
1 4689 133458455 80180264
1 3750 23379293 300841952
1 2830 130569109 224712349
1 2320 764375686 846576037
1 261 688905393 621658972
1 4364 870286888 956488509
1 3405 873884101 722859978
1 3656 763768680 619727131
1 3354 858738570 204331553
1 394 249163210 273186495
1 1106 7144337 485996036
1 4446 703300259 457666455
1 3010 738944981 31941711
1 3298 107651734 560635865
1 668 370619509 309043693
1 1838 874618433 170621044
1 1160 595996169 578873443
1 972 90001158 583343974
1 2904 675824598 785020884
1 516 150681819 627514385
1 4016 625772399 437591406
1 3616 428584490 796039389
1 4552 282959642 378238665
1 2136 942854396 170458810
1 3413 691906599 168236922
1 2097 508801093 667303922
1 3999 784641366 618696352
1 2147 187164284 642955212
1 2893 287899794 385728615
1 1689 26868509 992544210
1 4257 731452687 111393759
1 3609 405114066 581466479
1 3364 923720569 305417469
1 2889 825126903 969512089
1 2807 237093657 872693200
1 1421 908146491 93660024
1 1416 804458564 274227819
1 3484 434395266 262356255
1 2113 126235517 314608336
1 2826 614792215 159051854
1 1363 413504232 70375232
1 689 80088452 685427371
1 4502 38394222 125396470
1 4230 500892310 447437411
1 2731 396491284 500143077
1 537 363146778 123340895
1 2445 276349552 569577008
1 3955 570067760 47725494
1 2729 630847342 173385618
1 4727 363848309 735540114
1 2687 733957724 602242262
1 2677 700091287 329881150
1 582 810777024 526757323
1 4041 142015482 974553558
1 1584 414265448 783900166
1 8 102099341 12118401
1 3321 142975314 720057573
1 3112 617845248 835207388
1 2457 739772762 216219373
1 2299 694802843 49604632
1 3404 982255564 479820656
1 1935 495537631 557061366
1 1684 672831737 530633557
1 988 35109148 137300090
1 2290 734313500 118279505
1 4186 514335966 275419107
1 3709 902676582 173443710
1 4200 29774033 35927231
1 2824 575862285 834079098
1 3956 131650990 770809392
1 2865 694292247 688619024
1 2224 260333425 304730599
1 3103 474208007 652706878
1 2438 762430386 320679258
1 3323 731317961 79226375
1 4457 632653282 628585046
1 4819 896885311 671456461
1 164 519863210 960824750
1 4722 628911336 298612128
1 1507 497717916 963192501
1 639 841375969 676762157
1 1360 780043800 959099776
1 1934 659697247 392251237
1 654 911072093 327505705
1 3893 502552854 619250898
1 706 214258130 180544477
1 1532 557028149 303445420
1 4285 31844961 694626702
1 3790 176006230 477147453
1 3738 403818341 673662896
1 320 621665335 637099517
1 1570 888673307 506404980
1 2106 861495996 731062992
1 1249 569310481 435256583
1 4209 831458402 559844071
1 3800 700170203 300451674
1 2601 143686220 323041468
1 335 639060425 808494766
1 1644 703189715 500676739
1 388 736661751 297677487
1 4709 696289852 654388623
1 1883 255667576 436939508
1 2020 624482886 500525076
1 4692 803712594 98234477
1 843 337423566 655559732
1 2708 548341201 347408932
1 4605 161183327 801906237
1 3401 452414732 911093244
1 1019 574696862 636354058
1 345 894941478 709480261
1 464 100726667 129439389
1 4212 498054503 996791585
1 3029 620848735 288143079
1 2760 292456996 910649398
1 4549 460378289 707804008
1 1799 935579168 872750145
1 2770 331144436 572325178
1 682 157988397 105167772
1 1616 758401841 843707865
1 921 449714366 949741495
1 4256 879300012 947304232
1 2939 272478818 336669990
1 759 121270105 848141172
1 388 884453487 630041064
1 1543 682125893 178375641
1 4938 382394446 891727235
1 1098 52376775 851840377
1 4035 983499353 925309144
1 711 333603245 846838087
1 4601 528537556 478405549
1 4754 849156850 499753031
1 1560 499617877 161545873
1 4511 726691819 868021438
1 1461 996234179 585681227
1 3712 862343284 955496195
1 296 308201917 950405160
1 398 440660578 615389161
1 680 882735687 609477173
1 3353 836531232 296074959
1 42 19237060 354856382
1 4735 439894575 169494496
1 4162 679499835 8148115
1 26 374971246 151803215
1 1720 115132576 18302035
1 1743 105622324 785452745
1 267 200177221 414869027
1 4900 789948660 131126049
1 1720 890005208 373828085
1 4004 852119095 236965100
1 4588 435360514 7463037
1 1509 672974159 408548807
1 4580 946815880 697874989
1 1093 536067752 62909971
1 1986 305117953 179523296
1 2527 580127882 522785648
1 3608 936367111 586105336
1 1135 138303684 184822214
1 350 857516047 872243928
1 4128 902738853 152332874
1 1306 40772147 625861718
1 4049 409359344 279993507
1 4078 781734298 80485811
1 2977 939745098 132659130
1 4634 126293531 539163015
1 1803 619015 298927640
1 4997 608280790 739580891
1 4134 183659688 72000563
1 2893 484434802 990450914
1 3539 630145330 856759706
1 3640 782423985 459382182
1 4489 26750609 177200171
1 222 189703987 895251341
1 153 223128758 352154533
1 1609 555281776 446940553
1 2677 341651001 35350398
1 2675 231545107 342019205
1 852 234577771 526154483
1 639 743624085 93606827
1 4298 689170099 775676293
1 1920 322264599 877358883
1 1967 596912635 137238168
1 869 252737400 330251089
1 1809 844103126 428547976
1 3887 454892677 287481858
1 3184 312535093 717356245
1 690 832577905 755735451
1 3660 301053688 511364172
1 2682 677557516 173231539
1 4191 993898998 606093220
1 4259 66308932 604543580
1 2702 813779736 630584458
1 1576 736692806 742117948
1 2691 256443787 601951836
1 1457 78706400 127406240
1 4000 420855754 899066222
1 814 783974788 663178190
1 3281 961942213 799138492
1 604 335185674 487742007
1 2059 960048672 666705973
1 4671 289374172 381413469
1 3103 361053969 960038261
1 1197 484450086 840593
1 2302 603372418 97250748
1 4516 853247813 652417245
1 3791 386728801 775153517
1 2036 372558926 104270367
1 3141 461393034 516084958
1 1837 493412910 536418251
1 6 931729879 76246424
1 852 364952046 384942698
1 2181 153971573 24750978
1 2376 149491522 800684290
1 2993 26055919 419154730
1 2824 109759972 678210974
1 2965 893793559 516486973
1 3091 942009302 265071892
1 5 800091216 155503076
1 146 165818125 140379735
1 4490 308459642 827608852
1 2083 813140013 695014903
1 2468 618939784 414928545
1 883 37791634 420411347
1 2767 115546316 507453929
1 2478 313128320 581231847
1 3428 989357675 121018618
1 1107 921784888 403989726
1 2626 505155827 225870494
1 1779 378903636 980167679
1 1405 408971786 71186875
1 3697 505973350 436841159
1 3037 603803700 509712714
1 3937 828473127 793729401
1 4645 388560283 457431926
1 375 429915089 892548228
1 751 914175180 67612141
1 3769 971103625 449804393
1 2105 744400840 76565431
1 2700 934427934 852887182
1 227 465330219 531844181
1 1462 352718915 525991079
1 4755 353040484 485544320
1 4221 753759938 733715308
1 1641 652853351 765416935
1 2900 24316472 437004861
1 1208 337818017 643120311
1 791 725530538 417122867
1 2226 677903544 396546843
1 2893 619234852 2685242
1 3397 514421922 38988332
1 3780 550666553 913421456
1 2165 46190192 929884874
1 2181 105897187 692840316
1 2032 307441274 394633301
1 156 317464889 338135826
1 999 521742070 128386218
1 2825 405842583 740357759
1 1499 605396222 338746063
1 874 425246812 71722955
1 1432 415917631 334662723
1 1351 883202374 16196818
1 3159 403751360 43664552
1 39 673517921 901498761
1 1225 599902080 737373281
1 155 762453005 913502704
1 4034 143540962 911510944
1 4019 320873575 991495836
1 4078 952145699 604214594
1 3124 827071033 644910897
1 601 798211217 873978507
1 3048 857594923 620665032
1 1816 582760085 501162142
1 1216 468833575 177545778
1 291 449838739 985449382
1 3473 171754807 772683941
1 1278 428889853 26068402
1 3029 946770237 584856247
1 2236 160520229 477741773
1 3931 754473169 675989066
1 3680 921377457 356068863
1 3919 966909753 918620416
1 543 690903911 437969548
1 1618 499413414 39669801
1 176 621555775 810579257
1 1229 386051835 84282706
1 3424 775718181 122291452
1 21 629318558 862377434
1 938 100245793 521116925
1 2559 246382673 799617693
1 451 122272830 105657925
1 3975 572862627 78268863
1 1640 872231433 558535884
1 2735 288889173 970977865
1 1269 830725439 757524781
1 2173 491956959 527159962
1 2189 910241144 724321310
1 3930 622141829 787012246
1 2657 828049150 194519283
1 1836 971581932 769379546
1 1321 177533579 69905777
1 1388 705688620 460003353
1 5111 124173017 51566813
1 4971 10060385 818648784
1 4206 325695359 792235186
1 912 350192517 592985466
1 500 194967495 870085173
1 4273 107833492 232203523
1 4969 540908457 900263152
1 2159 804275563 737035986
1 1560 861647804 125794080
1 945 304555362 632514589
1 4100 984462831 976252124
1 4706 799493573 301657307
1 4322 198910581 250645504
1 2372 542845245 926996527
1 2048 820043804 853840921
1 2610 216572956 71293603
1 3988 775002593 92467641
1 2499 597504960 119901546
1 1842 75540785 937283028
1 3925 576436440 639217084
1 3898 445852951 744264193
1 1493 932595510 222194523
1 2967 32607241 282311574
1 3872 243612835 728072863
1 319 811114406 225199472
1 2354 924952243 548034500
1 2496 640599250 252774540
1 1025 36453526 110194809
1 3433 150186498 771826493
1 2249 178198968 811931690
1 2937 496147698 978038983
1 2442 367904549 958440799
1 3458 322088092 159879593
1 4710 330476554 282181488
1 3665 472014195 69175603
1 1769 953351377 450392503
1 4067 593577619 250559550
1 3212 524721471 5230494
1 3793 653925603 868321273
1 1775 262581428 211735227
1 3016 98699809 792121693
1 3930 624497498 900629735
1 2886 983064446 487839536
1 2052 881264681 204756890
1 2643 822786687 784881658
1 2205 864763228 229834810
1 2827 287592987 566499417
1 2830 483728280 881422284
1 1922 208572781 956122587
1 1525 370017477 555657243
1 277 93244932 305048467
1 3747 614893304 521371573
1 623 113648234 340009941
1 1352 822624973 139363760
1 3153 563172210 178348724
1 750 9060998 628437210
1 3444 313699972 436397124
1 3022 165870963 694758963
1 5052 700757580 848835259
1 899 565598481 178227899
1 4435 971935158 291533533
1 4781 106197066 231460551
1 3699 416679399 662723820
1 4507 92850295 389719309
1 5059 933516216 25805776
1 3829 851519768 8405896
1 4504 323873350 191760883
1 1041 25754038 319139736
1 4589 694541304 986011445
1 5167 182903111 723115822
1 1262 304854457 706143584
1 3351 577313900 360082515
1 1737 635826003 568662781
1 4063 757925065 26246532
1 1921 387286790 224626369
1 1553 172098953 300878152
1 3440 786315294 416734237
1 4524 510238161 778252761
1 1524 684270718 445378705
1 3373 794206441 122904787
1 5128 622575893 126891662
1 3054 438871050 196678083
1 3864 809321348 233912595
1 1119 672152 606212351
1 339 995569786 34600780
1 795 98198565 894896901
1 2558 349866549 534710678
1 4962 361176410 132882524
1 4758 665668425 47322488
1 4549 983069802 108071258
1 1395 19653569 590351172
1 2274 130823341 312202529
1 2047 166342769 870107848
1 3657 956400332 40873977
1 4296 412698595 940147585
1 2598 706667597 883567871
1 61 654422490 290866840
1 1448 864971084 686284079
1 256 88720238 375018250
1 3696 269074566 206911166
1 2902 130182678 951644271
1 1551 462067248 596840224
1 2508 956976290 632190117
1 2099 885555253 711011864
1 1305 797376546 898792440
1 1764 802207619 379763492
1 4022 287610254 207600945
1 3495 788950824 348795405
1 1952 280169409 805949568
1 2416 957519743 707649298
1 2341 828231570 292575342
1 2961 205218793 904153318
1 631 929539632 256239675
1 1458 142742315 575767026
1 470 14460007 233297748
1 4583 69301469 927796044
1 63 949082211 196213431
1 2634 580428252 804594495
1 3023 90061860 68606563
1 235 856983039 153795612
1 3044 101202990 462939384
1 4165 936071360 687664460
1 3086 413369585 41357937
1 3209 8687939 628567315
1 1912 987468861 457043387
1 2891 385948393 217361894
1 1455 535114175 472990189
1 1511 798690668 577790725
1 3886 715659922 366948035
1 2592 865745134 875457711
1 2237 555291378 61179088
1 235 606686711 40065445
1 4896 930602657 844311714
1 3253 757435076 518644929
1 165 167231338 517400892
1 3137 121040253 21421700
1 1890 235155101 176489841
1 3209 346044950 216840181
1 1485 464449428 136721343
1 4849 494240166 38658592
1 4870 975923673 345486055
1 40 488058495 649124127
1 3058 72137171 708422921
1 175 284665210 706728315
1 658 198749681 20158410
1 2581 900648965 388925315
1 5195 827557062 618743254
1 2264 711568726 641185240
1 2578 955834053 435990944
1 3655 197349011 224138309
1 1842 714244011 347194040
1 3767 479432091 685265532
1 3719 161606469 694126474
1 119 583528962 665214720
1 2303 918965308 884558635
1 3931 648982416 201972342
1 2576 956557372 296061793
1 2293 325850555 890685573
1 2855 918942840 566232752
1 2173 502144981 47169418
1 704 509794437 398874427
1 3338 19446236 822436707
1 3866 319666224 354803197
1 819 762750696 99480505
1 2907 865714378 728640721
1 4331 785514918 109486353
1 2869 149820576 864014862
1 2539 616216873 343717235
1 1647 115037925 855258774
1 1878 729258871 588351819
1 1462 573214179 298625433
1 2851 138987262 353175750
1 1465 364720523 548161901
1 4077 453723996 717939231
1 1267 145219601 647660971
1 1349 58512240 365527250
1 1373 631058419 83392941
1 4840 679315068 729617775
1 4859 694311570 160525344
1 4124 758860796 505402810
1 4035 967409422 834141609
1 3461 450706630 119527144
1 1226 897150946 939963898
1 1062 739319059 122335631
1 2516 133280951 131307730
1 216 716795068 190818487
1 4953 912783417 259755269
1 2392 437312528 264674474
1 1680 545413791 752734684
1 1193 550550847 202996978
1 126 132038404 620168871
1 1371 707657326 748093987
1 3441 291920003 443617593
1 3563 448514961 498171793
1 356 118991936 811720023
1 3345 425253112 285315833
1 766 287921319 875728425
1 4694 335405511 874094751
1 213 991644430 288504560
1 3394 266420918 28731411
1 5048 836694695 753798326
1 805 262337078 692708443
1 1435 296064755 897490019
1 943 994149305 311287155
1 468 82416468 525353068
1 2276 242751847 435382579
1 3755 879944845 331522344
1 556 473767849 147619870
1 2434 808177491 844186369
1 3699 188084641 996412485
1 309 234329064 475972189
1 599 645634055 742442582
1 3572 602284070 917137169
1 274 908884911 729740565
1 1493 781920505 602880229
1 1978 247142323 843099337
1 2408 439479176 338342163
1 3033 163636383 730033463
1 2692 73575309 949560733
1 999 457946461 493424307
1 5217 408977022 801695128
1 653 97604362 562669883
1 4705 825858682 44396300
1 2827 666357493 469912827
1 3878 344266114 235736826
1 1762 971972579 373361990
1 368 917967408 483114212
1 4795 689724468 874586285
1 4711 427407692 836713742
1 2106 347284792 954373878
1 1709 755572397 133414183
1 1235 914242059 374986874
1 1841 17072269 315064937
1 5123 347866321 873970609
1 3091 884909251 982666927
1 2845 883449006 679570663
1 112 41834663 199085210
1 1386 959570665 692995905
1 2797 486295180 958763588
1 3479 533341181 280507150
1 1443 131412209 26208192
1 304 310406600 640605728
1 5038 520019455 505691121
1 2239 253921828 488019701
1 638 447502523 924274993
1 2389 251649163 364851398
1 1799 295948180 203138086
1 3436 301393980 253417729
1 3050 41394344 731142231
1 2151 998783961 906152133
1 568 554266973 67245539
1 4086 185713160 572665147
1 1759 539076398 380986909
1 1571 354709589 384162298
1 2175 15620355 825955052
1 4160 700595018 284266720
1 780 596791722 170644902
1 271 761149358 101598276
1 501 469983917 306260374
1 1342 807542909 270143255
1 5066 608510606 191459179
1 1299 701455481 508141744
1 4188 916247113 54318068
1 3237 430684952 739664745
1 3959 359865826 821459843
1 3071 131795202 250928804
1 826 806959205 999239520
1 1014 700847024 219999833
1 4066 600968805 335268900
1 4857 623246337 428717580
1 3966 773018301 48774656
1 304 918393670 843727562
1 2143 733546401 468220241
1 1876 504783931 805821621
1 402 99428603 311480392
1 189 926569977 794406368
1 225 957962695 885722416
1 670 303159992 342018165
1 1800 9279836 206854633
1 3429 89785829 820008023
1 4642 545120649 369962926
1 2830 109323529 759036978
1 757 509288358 642857959
1 3011 141796541 572385206
1 696 920765496 155306543
1 192 234498541 648247414
1 2222 719775099 251402990
1 3070 817672054 612598588
1 3708 354632226 364402178
1 3933 47345220 306212328
1 4754 415138821 580955937
1 1375 462140046 902024623
1 2695 122839912 292933276
1 4446 996010284 489100465
1 1878 103720787 986325770
1 2983 268546265 798671373
1 2600 448219160 3708530
1 1902 221687605 254902217
1 3804 122543510 399275132
1 5280 513549566 14400209
1 1520 650208484 600121779
1 1900 803649008 584349595
1 2693 288282863 663572458
1 1142 703381063 613069572
1 3012 611311882 683903711
1 994 321336039 616198116
1 905 304373966 819466245
1 5278 858365202 855513893
1 751 855305957 614122423
1 3340 892131533 351349433
1 4410 891798445 157497046
1 1674 437720672 539470970
1 3827 772869371 950549497
1 4890 712474288 269769898
1 1494 243110168 804678826
1 4501 471482234 321736675
1 4728 968030731 342680865
1 3097 803312574 792331047
1 2110 928836674 431470072
1 5109 377218931 468659258
1 3709 259536859 314306582
1 4772 990012865 811516958
1 4019 276599297 952800293
1 471 870051358 824911726
1 4724 263138740 891894039
1 3853 739125224 471672388
1 1082 473079949 471386351
1 1160 205211783 178351524
1 4650 603648350 128830322
1 4855 528118356 394133077
1 1779 566408462 17893165
1 3441 510411975 635794390
1 3472 195773275 856535830
1 2846 729654290 674753885
1 1544 38250561 465937673
1 3897 466892128 715128326
1 2048 703012851 416431006
1 1561 741682188 529717925
1 2117 77396695 852889567
1 1861 881398235 267367758
1 2104 309600664 869004539
1 4530 391077717 408426087
1 4285 532956257 39479643
1 4977 178639728 558503245
1 5123 388133286 366698170
1 787 22688119 163736742
1 1771 863809169 5491919
1 2743 221705075 275761334
1 1340 704284676 81473957
1 713 676938307 23312281
1 3087 232849688 31054964
1 5218 273822157 100258210
1 1254 141241458 8167284
1 3387 148048501 622743059
1 2967 937475863 530469417
1 1916 28989169 239853832
1 1050 801484500 411469447
1 2985 870623660 427079191
1 2470 800519907 98024751
1 4035 58858903 435520583
1 3112 105167284 60417111
1 3745 193053948 200374066
1 428 318622920 337043570
1 4051 851669105 333989837
1 3431 781655588 577015118
1 3939 337883358 950608782
1 1031 398452156 791859710
1 4085 236796584 10056682
1 1842 241789076 856014714
1 1770 670504812 733648405
1 1656 67876963 954271585
1 4470 859632008 709455142
1 4480 460604161 280273140
1 2240 498179770 80812404
1 4924 127917644 317746854
1 1663 658807117 36579138
1 1514 404332637 229411790
1 4281 312964287 429764547
1 3916 195863324 490861849
1 4339 919358268 361485295
1 3905 254758208 269767263
1 5125 630671110 218250813
1 2138 643531187 452584178
1 4548 851067125 105773625
1 1315 47406290 183926487
1 5290 101075154 855125223
1 5073 272736504 148500940
1 891 91646557 833386881
1 101 562314517 956136550
1 4467 906662739 622951210
1 2015 964911522 91559939
1 703 879108403 246461508
1 2600 774795108 567651159
1 4071 451234043 961591017
1 3198 816306923 901158591
1 2942 888022063 236205848
1 1026 936794220 352265312
1 221 404603298 520586105
1 3007 420164721 515642999
1 2711 974483855 939225734
1 4305 986230570 148025995
1 1767 927656198 869104144
1 4289 432223176 478841171
1 3374 148684276 87730798
1 689 613043866 250770453
1 5538 690029831 679277006
1 2789 86191676 266785930
1 575 781236287 284069953
1 2455 313197610 822771097
1 3039 953124141 588966239
1 1643 683420358 499790243
1 3580 43783990 88500202
1 2572 93924115 264922085
1 4586 477921924 1187609
1 5210 986059493 914956990
1 4379 887346107 442226451
1 2032 634510173 440798391
1 2376 437050560 117545097
1 5119 994818059 947939559
1 2055 854011557 340334129
1 452 690763443 536749644
1 2651 374023812 799744212
1 729 738711101 661206286
1 1418 737668450 387714330
1 1832 436062545 473345726
1 26 63268197 398362796
1 4650 870749525 926200805
1 4736 421802588 706710890
1 936 617891288 54387602
1 2432 122317996 789620391
1 4195 280895661 792882064
1 4785 481777759 334388542
1 2142 718559012 456508655
1 5158 190218033 396301692
1 1616 630470549 682028359
1 4597 658966885 91809369
1 225 520021193 537009607
1 2045 362973737 130718007
1 1159 732048136 813427523
1 3906 498037912 76539192
1 673 734415314 168628531
1 2232 65308785 862672717
1 2737 791068655 847390459
1 2462 369654730 579491326
1 3270 930200165 976005418
1 4992 820466865 726890358
1 2263 71946356 216319725
1 2304 788634320 510587985
1 2206 738786355 385111064
1 3018 965922968 608480958
1 381 677707455 179903501
1 1448 662852334 328903091
1 1967 290872276 333789188
1 3930 636317508 863941012
1 4672 803265209 877230316
1 1415 467107377 505879874
1 2734 416602078 954962564
1 937 361225222 490217732
1 3072 438619165 206449454
1 3432 2307400 102370888
1 1330 123680109 179530390
1 3869 657568608 505118807
1 826 428237069 115053879
1 3632 829399105 706701328
1 4681 243795923 797361244
1 408 645765883 213895558
1 5069 710042259 113342522
1 1766 917612577 658635391
1 133 740032548 711115011
1 936 526087115 545575598
1 3848 816815458 18615011
1 3006 141965316 906996487
1 3185 640651993 941339197
1 4033 676040540 117243156
1 3163 805509305 823034649
1 1659 462242982 858322537
1 3131 536680955 473699705
1 1588 575941776 750238318
1 928 531089441 458290259
1 2156 964111837 18725076
1 4607 969465165 258190104
1 1653 903184737 961842178
1 2949 592177727 79338614
1 3369 760078770 410576756
1 3339 767087606 707603829
1 5367 152405524 711012443
1 5446 59824247 695727689
1 5097 195185080 866308964
1 3771 437264760 924562310
1 3518 40801008 141515515
1 3001 516449005 36345119
1 3374 263296361 656544003
1 4056 491226076 499295683
1 860 379987971 803747312
1 708 935756454 150529703
1 2184 204679400 879076796
1 3305 603741841 671359884
1 272 108417525 861573369
1 1847 353978730 383912352
1 464 315942810 74259685
1 218 582867622 732405062
1 3966 373983690 141525304
1 2967 548365380 588709482
1 4204 200251378 29428495
1 2798 673429431 959683717
1 4133 876050594 779355788
1 4996 27428702 673786121
1 3720 32029519 249777496
1 3712 54581070 870520585
1 5605 740898657 760633504
1 956 774340008 718850710
1 3595 995185646 838668631
1 2492 776403741 990279114
1 2651 758225794 273476059
1 3592 683442116 664573310
1 406 408652103 404910836
1 3286 402529846 897939612
1 830 466471241 182436680
1 867 373363086 680549100
1 1498 684014445 221815207
1 573 112673565 351136545
1 1604 262475957 936340996
1 4202 554147343 316634937
1 2148 67345050 876584822
1 1435 726614041 624678386
1 1660 18701285 258074583
1 1031 422757239 564007587
1 1906 632647163 901667934
1 586 483314210 641413286
1 3786 978486492 550111198
1 857 236211753 520515
1 2017 729539019 187525947
1 3551 626910467 555839335
1 3891 644232395 249786459
1 2948 195336865 541127046
1 3012 91776418 572712447
1 1180 833582954 937132159
1 627 316257923 247331488
1 5552 121908068 764807514
1 1217 949053089 397845750
1 5629 677098608 510164943
1 4522 843674126 41722281
1 3488 323552859 54855345
1 2270 728714412 871572295
1 3023 558478223 140152597
1 5061 167177136 775725015
1 655 931838585 363752910
1 3748 487028370 292843287
1 2167 726269151 550088201
1 1946 889059015 501560329
1 1613 670033090 319224019
1 633 738012454 217929351
1 441 533596331 556890994
1 3484 838854887 977949044
1 85 965695219 828268680
1 2282 274181534 212086878
1 2871 44047610 582325530
1 3220 648359475 626086709
1 57 475510986 11212749
1 2256 29647606 155081859
1 1099 475690374 393867254
1 3521 922951820 215834915
1 1153 663272771 219384938
1 1229 834340445 943740094
1 4447 906732455 231714669
1 4908 178529145 956437858
1 875 383961146 571077986
1 3076 994346826 657586222
1 2049 38819346 667458491
1 1950 475014417 386354977
1 4362 14494375 181217705
1 3041 324733412 445060684
1 467 313242021 466109921
1 3916 183837026 60189276
1 2838 473978177 685447031
1 2580 545642853 477576271
1 1002 63290092 527131319
1 2628 812263773 950789393
1 4559 723703060 591948903
1 4703 82421208 217027999
1 2657 105928642 584952977
1 1044 771284529 254400514
1 1142 878376406 283917507
1 1696 852315902 785104825
1 5477 138270137 350400916
1 603 267398878 941645184
1 481 439079887 426362235
1 733 859579443 116987371
1 2222 757617227 149552042
1 3382 816644358 895822388
1 966 922754659 913130333
1 4974 781983910 837660720
1 4213 708004641 176421388
1 3834 262287319 44209461
1 981 15858558 585005642
1 793 475479984 625777424
1 1581 441043585 112219053
1 4999 312611953 762868474
1 2626 885983723 326131225
1 1928 369979411 791958955
1 4870 597774697 942750745
1 3535 721289181 971588061
1 1236 484726411 255121404
1 5077 277678756 43175506
1 3929 169900254 29389728
1 2196 921712490 674822834
1 2782 84264274 528350426
1 5028 540353767 543597786
1 3890 956467119 657251363
1 3594 715603833 848892681
1 3063 529795282 878386942
1 5387 510306266 658050431
1 566 594149793 645361661
1 4643 849555244 646177873
1 2362 889002754 91686687
1 1926 435386919 241300998
1 3740 365301315 567875747
1 212 35416692 801101254
1 4992 671493778 531224638
1 4402 1153241 358810839
1 4055 579680285 887146524
1 1774 862960990 28513161
1 2718 750090876 43982101
1 5435 510070599 36529543
1 4931 586672705 984172586
1 4696 765192571 80298139
1 1089 944559417 284681651
1 2580 5407010 739500458
1 833 306866395 514139573
1 764 724211612 259111917
1 2327 393505304 763199821
1 2072 636935186 694294401
1 5444 520088001 942287462
1 4093 217957368 804756691
1 4630 910547058 318016452
1 342 87707578 767996376
1 2747 605545197 203952630
1 518 773839767 833118126
1 2910 706098103 365525782
1 1758 74197617 103895720
1 1068 861818104 645785454
1 5269 242642411 311158303
1 3908 277538938 521547832
1 5011 367786359 711813764
1 4293 820801272 904254161
1 1539 351902345 309644009
1 671 958867975 802789857
1 3214 586143617 603156205
1 494 790373763 884058713
1 1982 529581209 833579136
1 4119 192416607 580204453
1 2010 227794921 169208133
1 2221 826805097 483322582
1 2130 140239449 220675955
1 1609 465537149 17551826
1 1909 285411049 487929460
1 3463 574337045 326153374
1 4689 8484153 240512479
1 4406 810273045 379138618
1 2064 428603493 329275555
1 3397 881144902 143007463
1 2673 24554522 760997223
1 1842 305190127 207241560
1 4367 314869985 85865787
1 3796 680310284 348616182
1 4983 116876686 935777590
1 2236 919829339 496225857
1 4648 821616319 907088655
1 3744 247240993 763256882
1 1596 251943916 293553630
1 3339 141616244 876387731
1 1168 842932669 110809949
1 1478 544765351 994494811
1 4935 272839447 111445962
1 4921 250926899 233507407
1 3917 833426813 296663031
1 2474 594270220 822195495
1 4956 423421413 567261866
1 276 721391897 821994023
1 756 840664258 534424292
1 2065 132124776 434991728
1 529 893663145 934282405
1 972 213026458 999551929
1 2238 889007321 430630619
1 93 210362632 648444669
1 5600 760830054 329505878
1 5087 500789797 513495942
1 1235 688378846 702362104
1 1324 630000683 331929036
1 2038 855716814 453058481
1 3495 770369726 566630156
1 3658 288884749 863766397
1 3301 706686937 18766884
1 479 651586861 269833883
1 1888 793904646 303667720
1 360 77893167 537899779
1 2600 333112493 438564454
1 449 376247579 872057599
1 241 497894901 401657519
1 318 745781664 886800409
1 2421 199182679 194148735
1 2459 725850692 787842338
1 3232 567576306 906039339
1 1679 292682211 222056573
1 3579 527903961 916898447
1 1412 766342363 584699425
1 1929 140250853 399674625
1 1301 832285100 818123910
1 2332 994751814 424283344
1 4757 290213124 858389880
1 493 770761175 810113973
1 2207 335501267 836206139
1 1775 828717596 432906467
1 3549 137275478 682873446
1 4293 223767749 24476553
1 3730 846163494 711925515
1 5010 449069294 250983202
1 5325 272500912 753515074
1 518 372248160 671584672
1 164 351151106 379819894
1 3716 166225700 60887013
1 1447 775062797 190206801
1 828 763490089 886330621
1 2463 615149640 293234700
1 559 835715778 695460539
1 4440 916950182 140800905
1 4876 431144073 709318352
1 73 973545992 387183193
1 2601 868100147 184159311
1 730 405871180 909233704
1 1464 791407539 190899421
1 5682 555021353 627798379
1 4848 473556032 956652677
1 3498 778966415 177989120
1 3994 506382449 469963905
1 1606 683835179 708817144
1 2398 311553224 949515641
1 1105 545570092 317591024
1 1688 629761453 44869307
1 3662 831173522 85022272
1 3231 317560759 909124627
1 3901 181448500 673391650
1 2071 475687471 508759863
1 1803 158808403 630324938
1 627 991664948 613271771
1 4650 155647322 255788360
1 2690 845619530 155674574
1 5501 380131055 613363735
1 1895 366950505 711409038
1 652 992407079 774796001
1 2185 715578585 176174816
1 1049 864963949 12942717
1 3721 124191202 97236289
1 5609 125306263 470957364
1 287 489611773 948936907
1 5492 746628334 943667425
1 3486 562912164 726221273
1 4245 373477680 598817087
1 5863 968891247 780483946
1 1472 755413660 808897035
1 1225 116505692 717150814
1 5177 743914336 164289368
1 1454 568954200 29908484
1 804 44679535 136501751
1 2069 722416641 819902295
1 948 674552281 540163397
1 1632 488514712 647760248
1 4831 309325487 131012421
1 5094 159443426 120660961
1 1759 780103903 3566365
1 1847 961365060 436566975
1 4791 572556298 531086433
1 3398 35270241 446391507
1 1596 118739170 556439858
1 177 491527661 7461305
1 4549 878401930 45898497
1 5318 702409551 109776900
1 3531 906033143 407217137
1 2292 534052128 506653043
1 1699 221650783 919012935
1 5461 515008743 213186912
1 1083 748514151 635008155
1 2739 878288194 212291696
1 586 625897471 945347432
1 5902 909338511 796535449
1 3236 820796085 824124036
1 1283 512668496 191071276
1 5743 59935198 447968869
1 2924 442649719 528920737
1 3065 381238025 459942373
1 3068 586018818 763079438
1 301 400149092 511852499
1 3546 467973524 762086099
1 5183 6186507 280727896
1 2475 229960142 980525771
1 3212 178025508 960750837
1 4875 825451875 978139043
1 3632 112409172 539414886
1 4194 325792002 145751230
1 3253 306577649 804562650
1 4817 884879584 924441973
1 1068 622262701 765048530
1 3009 889232748 481683570
1 4145 504891197 123421230
1 474 435760057 708304827
1 4227 143633907 557553144
1 4760 292821819 528681370
1 2952 540708409 256072109
1 4183 834859325 729555683
1 1532 147894309 807446605
1 3992 695975638 602569702
1 4490 566659701 709258923
1 2630 107626756 262925630
1 4069 945084131 999998653
1 1352 78357284 210682691
1 4750 613551991 578793129
1 3941 40234822 155480237
1 4480 631412126 12634460
1 3920 509864853 653413536
1 4807 785916876 674326493
1 2923 658911220 683478995
1 4286 276694397 95779846
1 2087 670962516 853753989
1 1574 537991831 736676391
1 2667 272586135 960073728
1 3897 277925439 746763124
1 629 799911386 874274548
1 4383 233876484 910402898
1 4799 524649419 206720632
1 2732 209134087 769697109
1 2308 380100399 4968499
1 3395 640517710 480506594
1 2755 377716986 402286629
1 643 377777276 761099381
1 790 555053792 780663008
1 1104 845985059 175857384
1 1461 557004878 499645088
1 3800 315256046 769757739
1 5143 696509728 745767883
1 5164 337429858 752245512
1 256 945713593 825411296
1 5710 788775086 658936666
1 5966 70753236 469541371
1 5362 24950045 606878333
1 4153 561516598 730936171
1 4744 496685647 411784804
1 5865 625031457 813483393
1 3517 275815988 861225982
1 4277 922932976 948141213
1 5789 369238736 287730852
1 3710 101312044 454335149
1 5060 22240812 463136442
1 324 775306633 760026115
1 614 868625427 628593350
1 3478 148203363 629209078
1 5033 939717899 960877273
1 2544 867421906 100382257
1 1051 755182137 996266875
1 5772 330762467 775247250
1 3157 308128806 174186654
1 752 432225452 792985792
1 4951 173600326 889041467
1 3657 826841733 46114255
1 3598 803444873 774118116
1 102 425866052 271428993
1 5812 87439592 728401817
1 1512 139125729 91453123
1 5624 275276002 649862725
1 2016 237166047 397881810
1 1402 870194990 816845535
1 5709 696965271 756941483
1 964 860247299 738600186
1 1653 538758664 216516286
1 3183 901754545 41921211
1 3850 538798090 448670881
1 3437 703120925 273961812
1 3135 877157484 624482075
1 5647 311176016 4586697
1 5590 292423352 267799273
1 2729 463400976 661559494
1 4903 731595777 744534349
1 5961 979025964 626988793
1 2597 520270090 934660502
1 5786 717297039 225181237
1 5159 615102737 429644817
1 103 666135857 773071609
1 5248 505600784 826631944
1 4189 116421078 418494794
1 389 1884962 874800759
1 2506 453544097 483741134
1 5196 154181276 784221127
1 2008 685522594 797953584
1 5052 515330682 703957208
1 4021 32499090 4477663
1 3877 42284049 260137033
1 3123 68119972 649801725
1 5478 715529401 52951128
1 3992 129850730 967793748
1 3186 321071189 861124824
1 3033 688219783 737224576
1 4319 740318265 580172904
1 1649 931643258 698482453
1 3694 647406752 182741339
1 1511 753995143 24458495
1 2802 580745109 180527087
1 1914 685356060 614014412
1 1491 157992320 606814952
1 839 959520361 691362593
1 1672 605792171 900308978
1 2314 791920185 668804974
1 5106 353781431 397789706
1 4805 325550406 282203753
1 5474 457963245 82257796
1 5418 836751839 288103159
1 4168 766740227 138586685
1 218 159769467 534272131
1 4008 889608861 610903767
1 3449 376784848 593538644
1 3649 103475622 329108207
1 4996 589403640 639947555
1 3914 68633563 97399096
1 4955 703561019 5733699
1 2640 322533874 90871341
1 4708 477894894 30539362
1 152 699001774 803507299
1 2298 771035454 585623040
1 5632 97553834 582921614
1 2607 445252691 536132239
1 3093 713392937 58715267
1 2125 834965127 288652554
1 4900 681166244 832847826
1 350 182216073 168325621
1 3220 900567648 901024514
1 1869 79427842 683257858
1 3269 70016594 425443900
1 3012 826444729 895928394
1 4153 478926222 503016308
1 4163 947474160 700743693
1 1201 793201752 521058548
1 807 58174634 163056942
1 4525 98222872 222705547
1 4486 676652461 899123415
1 5729 863411028 931831888
1 1129 762132890 359143681
1 1363 586072216 227143069
1 1788 881810015 961762843
1 1084 360541789 293603645
1 3506 450327941 859115628
1 898 594420956 701829451
1 933 794480079 22373765
1 238 900541133 809057823
1 2623 892732529 342932248
1 1363 406381509 897113052
1 4780 997073756 397096694
1 3463 58885697 347479981
1 575 28421562 636094315
1 4946 885015553 792500791
1 4551 336962364 304468561
1 3884 723777087 245671032
1 5645 614687430 779022928
1 2390 419902706 284849645
1 5689 83337379 573920518
1 5843 915510814 169910862
1 2306 696204441 974361441
1 4408 376817560 12665960
1 3411 706850275 622160390
1 2980 62714117 533006020
1 1113 480351660 199119200
1 4388 555392897 2275154
1 2687 6347335 896976572
1 2966 332858736 391787698
1 155 578569385 29041030
1 2837 441496163 19987585
1 2228 81754423 946649368
1 3389 363305562 808360178
1 3154 336154030 241880247
1 5722 763536616 257991217
1 3983 102329429 248358970
1 5833 578610655 564190880
1 1130 946527813 258057132
1 289 685684537 149448725
1 4002 384259044 140472956
1 801 978070240 596753302
1 2765 343593972 525738074
1 3140 22686755 946516950
1 2140 921975600 685356639
1 2735 168913741 443489171
1 2123 169459175 329428655
1 2463 859602365 456623912
1 1777 541062266 648751567
1 4193 388136972 66782205
1 6084 162330791 112605920
1 1586 221816919 696093683
1 1757 616691875 710437081
1 176 503235010 546176003
1 5602 376835653 606498637
1 3913 334638362 191299636
1 1404 144270311 915582046
1 1486 785704834 198855679
1 4232 181443254 290773352
1 3799 353389177 107902353
1 711 595154666 683510575
1 1870 187170979 521088992
1 5244 848969508 99306522
1 5318 20790924 860049120
1 3432 251711846 455870656
1 6065 449309341 356659538
1 2058 996834095 495286416
1 3590 235130772 573559728
1 342 58817893 709937448
1 5819 964162430 122355850
1 5571 508550983 852943319
1 5310 36655248 437158107
1 5034 74308278 343185376
1 3645 746175872 634188996
1 4163 277848884 484398621
1 5340 145490202 583655977
1 4104 428730771 854939390
1 4546 509667465 106320852
1 4850 528101239 148323296
1 4481 167399236 76832636
1 2263 476482182 872251583
1 1141 571227176 235097578
1 5933 45377643 809474121
1 2245 400523196 881320406
1 2934 458719323 748760164
1 577 771904720 142653074
1 4198 362499023 404993204
1 894 833819653 877062141
1 2750 788720780 646455599
1 1268 952700931 963558772
1 4347 791301020 758769460
1 5348 312966596 645651906
1 3092 892022634 311279490
1 1984 598479844 658823594
1 2605 48218193 53245986
1 2040 973734556 456817884
1 2057 272021933 549293260
1 1138 932455245 632170165
1 4269 323110116 656665788
1 1716 597990819 835183986
1 3515 901965381 936923225
1 5558 922705027 797759150
1 1236 441825770 199711282
1 1752 249564363 48552885
1 4841 785056362 755187587
1 4826 59741452 883318974
1 1070 980384182 466814369
1 2176 461477571 419954715
1 5814 650823173 576858241
1 5672 756630500 135282510
1 4254 620397825 15755799
1 3974 731066206 320393293
1 1594 382804873 911664817
1 2877 561680732 299467898
1 4929 186778035 196805464
1 5759 357365129 346985825
1 1137 747488810 724523215
1 5590 500316497 941747539
1 870 237122228 425050229
1 471 919205532 991958448
1 2238 47701822 225952112
1 5613 939695037 293554877
1 1023 955536904 869481113
1 2577 833174998 482833872
1 612 3429822 651200326
1 1943 789187525 47953270
1 3033 961082789 516015536
1 4424 601202578 727985787
1 5034 807345740 844578518
1 4880 394185385 888089732
1 3233 696452957 588984924
1 2051 137363469 6438849
1 2833 131616281 303898653
1 2883 924960525 49315020
1 355 235746669 847928928
1 1316 134026230 694021399
1 4639 562275670 469685414
1 776 999152664 963832054
1 5439 960766487 935767410
1 5007 622176492 346119083
1 2779 615873581 37100216
1 2138 674420725 727549845
1 483 683395468 20628838
1 5068 267243606 253087922
1 2505 159479813 971596791
1 3988 851786568 791903338
1 87 378989368 421243510
1 101 649374070 502672944
1 824 2290050 100506806
1 2721 99411471 855644173
1 5506 550896015 533473360
1 550 146828829 562304563
1 4521 672623318 585110846
1 2462 465074439 29779301
1 3349 864884720 579401768
1 3258 876361034 765876090
1 2291 237355863 36699942
1 4054 233490710 275650944
1 5688 742412895 840357416
1 828 850458036 525368702
1 5064 362639890 592620481
1 5190 641412146 279692739
1 267 44027774 961831203
1 493 971670901 617633348
1 3749 929083888 732387970
1 3032 63165643 178835499
1 3151 570717205 153099884
1 993 136594138 301615941
1 1921 686298922 646548358
1 58 5909367 551738415
1 2519 395784764 33051651
1 2854 312831548 278971448
1 3180 232570969 328758465
1 1000 111342880 716045505
1 2473 626796583 919054859
1 2948 875324198 188365452
1 360 917906888 948498270
1 5693 801772865 895611135
1 4878 399454120 836853793
1 4178 649389379 978429081
1 1801 305115956 745151438
1 2539 916793157 970180426
1 3740 631477629 5141124
1 3817 606446866 432373816
1 2353 324894203 392497009
1 2866 687257398 831989585
1 783 973509681 201325934
1 19 174988555 288186280
1 5855 241485838 792379254
1 4234 650881261 942354409
1 5949 541416736 273612377
1 2362 451206539 707638987
1 4329 345299985 849727960
1 3276 753099908 261215184
1 5712 25210590 359437389
1 2567 194388023 820526953
1 5912 285069915 870946716
1 1009 630144437 449574179
1 80 261234424 770065584
1 4371 545543645 732103405
1 4675 941274826 764388514
1 3524 748832579 681714484
1 2889 596209838 794265988
1 5739 186303821 136718187
1 2072 650907763 552481395
1 2622 316279885 244122592
1 4530 922528429 829322858
1 1632 861303761 258042230
1 4657 621167190 948179934
1 3038 796369296 364208648
1 5844 540177732 972872840
1 3341 4897077 286263088
1 4505 666812623 605834844
1 267 686775437 733441244
1 522 213604958 440247500
1 3667 991866965 716797735
1 2343 577012031 646293111
1 5383 493470391 937196384
1 1540 805008303 959828374
1 3967 590824956 396580749
1 2718 134340531 450684554
1 16 462302902 566797467
1 1231 832071073 310760796
1 2346 156665559 721915007
1 6150 396239734 821474314
1 4518 389657398 640807733
1 2558 866499126 466175993
1 3203 283071951 491332400
1 4144 321668150 595786416
1 3745 908682582 902362792
1 5706 455880362 970889028
1 5436 390196367 507262699
1 3135 660149087 259877005
1 6243 549433633 836040041
1 5789 308428887 396940717
1 4143 831608876 354028791
1 1929 134667981 167116775
1 5917 622505757 93608287
1 4411 11371470 783296442
1 810 879928369 785327265
1 4097 74533506 234237988
1 1199 696838105 463738928
1 325 918123639 267577190
1 6115 975814017 700568204
1 666 996810368 959559150
1 542 713458765 933888333
1 5279 48177545 828773290
1 5402 423812653 538291310
1 936 868498838 159267406
1 2328 266362615 258907922
1 3539 790150028 409555010
1 2840 291601469 10558993
1 3580 649712826 305177533
1 1360 340196790 984334335
1 1504 447215444 981782667
1 5853 765603012 494136816
1 1478 193523652 196245915
1 5153 140436596 62152808
1 1325 996155911 358388949
1 3341 248494689 965766245
1 6212 58537091 856727442
1 3999 833887536 435933131
1 3392 58773113 125543609
1 5493 606253102 594003728
1 5088 254538419 908459266
1 1574 830266570 299974631
1 5679 121985555 748274717
1 3978 408166241 17257389
1 5212 406209227 152061446
1 4697 308036617 811446686
1 2027 206051358 133907037
1 2819 656146334 660712882
1 6227 537681438 401504030
1 956 833375934 62613606
1 2887 217149948 170432580
1 4090 168611847 341323793
1 3662 838755575 295522211
1 4254 588245322 797962985
1 458 349352368 913506257
1 1298 757272486 604131536
1 2515 718832491 288513047
1 2244 555672532 666107324
1 4938 705610584 388207088
1 3282 527313566 252289183
1 3362 719578237 282818264
1 5234 410012955 470733195
1 5743 823933500 80689542
1 3150 482471498 157138184
1 1461 98245764 595319884
1 4630 93629917 708534758
1 1644 263996887 826883578
1 760 410083506 322633685
1 4664 426463171 862862058
1 957 798230270 468027767
1 1683 365879056 255625551
1 1245 497120862 98694919
1 608 487869894 935724383
1 2721 637047821 983891296
1 5330 230361142 888179133
1 2825 455515209 828452053
1 531 52162659 49076531
1 368 146866628 303780958
1 5444 909937799 263028442
1 6279 994615820 585289637
1 3949 99182763 633172506
1 14 909243867 5325762
1 3954 121283960 393805311
1 2196 826671928 213194537
1 2187 716263212 719468833
1 4756 21110317 453423770
1 5477 958164051 788752986
1 4117 759868431 644405673
1 3831 948069000 86865741
1 2452 591204366 122459121
1 2791 568783755 908389657
1 1876 632272455 530510145
1 499 466439672 820966919
1 6063 122062436 341728717
1 1852 446532123 328387165
1 502 473851937 247731184
1 3296 909506582 683012504
1 4810 97876205 215322871
1 3065 175850694 665463067
1 22 110200633 305787682
1 5587 483751280 721970427
1 5586 815250800 168884195
1 4774 727841717 209021126
1 3725 662931765 439053193
1 3213 482839711 951217571
1 5950 715793525 63713618
1 5843 602305932 579421431
1 1455 208936359 487430337
1 2413 97909920 531113524
1 3959 447491094 768659725
1 62 264839539 883763693
1 1930 829781948 900167750
1 1466 964460587 934010392
1 235 994206054 970308630
1 6147 851676307 519642111
1 2622 195452823 816726220
1 951 472216136 450292809
1 616 687685582 224514550
1 6393 745854619 192670749
1 3782 206904559 317112085
1 6255 781142765 375957430
1 831 251111004 200628960
1 637 94518525 822576820
1 4623 667578846 987747150
1 2817 523733472 143919072
1 1139 154981186 249346829
1 5949 471976886 335220754
1 1337 225332285 172348287
1 2479 973388210 645044895
1 2463 735275167 77456153
1 1533 966034206 519489804
1 6427 196310119 351212242
1 4632 918678878 611007391
1 4197 376021533 587912574
1 2523 532213280 322727727
1 3738 152968937 631292850
1 274 277653920 406585602
1 4933 961612775 911848304
1 2333 58631108 489011957
1 2302 672862111 471986997
1 2197 46537057 823586642
1 3206 343891839 505071781
1 1804 549201504 657693559
1 1734 534052535 146818544
1 78 106646090 80635139
1 3889 327097484 57744496
1 4321 756576265 230697386
1 583 544658565 773455886
1 1247 267833160 215327875
1 204 821630935 269575843
1 2766 159330857 233724198
1 5304 74980871 649619923
1 3332 886055100 903524059
1 2090 223403508 721923513
1 1046 153714712 279208347
1 3059 934608980 180638298
1 3404 98511678 23586035
1 3793 563487726 20786869
1 5578 524880989 648404441
1 42 52987875 62687488
1 3262 847378846 356555332
1 6346 787194451 896666356
1 2004 538405509 711589493
1 654 749666265 552011608
1 4148 22626498 955495224
1 1947 869995537 623429217
1 5264 456840029 569800344
1 593 25854611 284338419
1 1719 64173628 528293336
1 1028 444334936 107514642
1 1868 916661829 226449891
1 5014 324817812 24872057
1 4880 804846030 678826130
1 6463 947666607 241205817
1 5766 798655108 990202656
1 826 521864363 453872821
1 4115 799669580 102604624
1 4643 775987257 744280493
1 3336 899735880 209141386
1 4995 140965862 168436457
1 313 97009122 145937647
1 3319 323130334 26476444
1 6277 996592353 510343475
1 3763 340291545 944742264
1 3914 993064156 963884400
1 4975 98648313 368303138
1 4672 252487457 483504187
1 4466 768372701 861827569
1 2074 455805362 661520437
1 1700 307676851 994801198
1 2620 25111776 516711542
1 523 510979404 917731932
1 2713 848880641 139633522
1 2160 827981307 552144095
1 6072 980494800 100653825
1 4724 498902422 358138126
1 2573 81971069 55518669
1 2817 411318016 159795159
1 4592 961666781 394473796
1 3763 555852537 406079397
1 134 716771299 34242370
1 4019 66138395 772622135
1 3283 372525998 345992517
1 927 156094690 956338140
1 2688 762144457 521856379
1 4374 571816596 577394067
1 241 330224431 350179568
1 4944 561414580 367578905
1 4708 512068169 58079895
1 1119 312467271 350374047
1 6132 490774467 910255074
1 539 248571174 464785960
1 307 129520448 898209295
1 4567 164289842 810237022
1 5900 437052265 655867462
1 5981 820348786 417753985
1 4312 456859600 853103120
1 2325 2079879 493483369
1 5075 792023433 816916534
1 4606 214225377 654051768
1 967 754103334 537750458
1 2886 784142199 669519171
1 173 724749738 466026542
1 6060 854974942 878395316
1 5329 604921094 888173475
1 2615 652108489 917062530
1 5226 175010658 636455986
1 1268 195610628 914181012
1 1452 810063979 750565299
1 2254 666333714 720425677
1 4625 293932157 963380141
1 421 952580180 919884152
1 3711 443508533 828293401
1 3032 531846643 185688324
1 690 431044626 695853330
1 6230 655676465 310088075
1 777 198404516 781873816
1 458 860775462 834253442
1 893 901236324 16867447
1 1286 2531921 9448500
1 4344 429632530 570123894
1 2104 475001600 757318730
1 5772 118517801 459572661
1 5669 545211664 162223859
1 5233 271577046 355543179
1 4210 684585657 423790899
1 3048 976101844 835075566
1 509 140924385 574679185
1 2852 607709507 22798671
1 6341 331511636 713615171
1 555 262520545 5036525
1 1454 291118624 422576671
1 5440 110388180 417949356
1 5272 681522229 899935174
1 811 844188821 897552062
1 6031 113639443 793249466
1 1631 745259119 364878996
1 1332 732775140 994358937
1 3545 744329813 915847153
1 4434 108428882 237678548
1 2270 277601453 698939311
1 1258 578885521 816048775
1 2957 633862354 67102854
1 1350 568168429 893715144
1 1198 463671768 402690248
1 5545 33156807 905404116
1 3776 24002905 454021303
1 3105 501247849 808796099
1 552 126696918 104515301
1 2744 913190835 782604551
1 6543 2317708 312662137
1 6369 273683893 564994389
1 719 95334446 894167230
1 5210 233415716 27678840
1 2408 735510259 632927805
1 3925 347401547 10334107
1 3681 654130356 221325093
1 2042 931882864 407110350
1 5304 185984921 161863224
1 810 791458230 130336532
1 4060 995809454 642508850
1 1915 83096980 203206857
1 1106 733567544 199860936
1 4413 216699392 705692384
1 1075 94543016 711091185
1 5396 34110612 428153657
1 3638 416958532 520254698
1 1473 960553616 343130212
1 2144 683334900 435154673
1 404 231930223 477324732
1 1353 931479594 91891280
1 4163 212985806 516938688
1 2486 653885339 562602418
1 6218 3824916 271480645
1 1344 808688452 557230732
1 874 165856415 693759316
1 1691 189682853 81712362
1 778 13200300 603126594
1 2733 26962661 56895203
1 2986 711432347 593801865
1 6497 725384966 530382341
1 3869 994293493 594693931
1 4980 946913784 788972634
1 4016 858483354 540720067
1 4212 394535162 391473899
1 2984 924658965 271135959
1 6577 22843364 577030723
1 1233 807283834 310467279
1 1191 597679845 676110889
1 883 631563863 427602802
1 1896 294430394 829122204
1 6034 366228813 615574874
1 676 924834134 396800124
1 686 551218862 628938808
1 3583 226920507 860355729
1 3087 484908787 926571992
1 4565 123591108 17952716
1 3522 108777730 295506223
1 6125 370369000 721962103
1 6506 245904658 778178276
1 1195 802867802 627751682
1 2730 243150599 960629272
1 2609 604017826 657244189
1 3323 177932041 634394316
1 5665 451492547 69741906
1 436 211663756 636511767
1 635 586958709 299116225
1 1956 570114110 739968878
1 4441 535755313 918143639
1 5088 281476200 314669667
1 3346 933525295 347895537
1 4619 710717133 483338895
1 6084 651442629 997746856
1 6567 294298763 721607434
1 3995 4403051 56128414
1 1699 603623933 951693416
1 2313 402680049 597594121
1 2323 200775907 922149652
1 5272 175868436 96301561
1 5490 844162095 135219408
1 2088 810331248 991173533
1 2988 743925975 209059139
1 1005 132520492 374489557
1 3432 493573486 454797353
1 4410 717507079 208392521
1 3539 961397327 574319023
1 4370 613184507 519027733
1 1972 670810238 215460660
1 6251 244081416 691928384
1 1951 751978035 303743469
1 4807 575105244 14592785
1 5 666782134 635169605
1 5692 305823802 878857035
1 4848 322679098 688245774
1 3029 694838789 925758180
1 2948 925974152 650941264
1 1163 284357112 173209165
1 5231 450566103 552099268
1 2096 459107409 80201785
1 4722 461501259 454336651
1 1260 744868828 847093569
1 2535 782440370 949175047
1 982 226119309 547234129
1 1496 525106574 716963303
1 5394 494146910 319290639
1 2000 880858237 582128998
1 511 279492729 961480238
1 5705 137539627 177235356
1 4988 187105602 167651845
1 5654 110930698 923812776
1 1286 864559087 491778104
1 5282 907785884 326166602
1 5357 660780360 194752113
1 6208 756517528 705953118
1 1733 473096000 183684274
1 209 88001055 72897417
1 2699 180846884 64997783
1 6085 770955554 73809933
1 410 385768232 405682614
1 5720 808212557 926985805
1 5539 226655879 64647690
1 6042 957684821 804790405
1 6529 973522881 862233352
1 4842 114279731 459393539
1 6035 878463615 973792436
1 1137 810513094 836819894
1 1267 27195812 664972212
1 1104 950697133 92425423
1 5346 653339343 714016233
1 4918 941040778 608725701
1 6011 136348258 765425966
1 5597 287684932 966323269
1 3173 733040498 952117216
1 4694 587422251 425573976
1 1255 973104221 772056699
1 54 656468117 140988493
1 2868 106207260 230237830
1 5279 454248772 660809191
1 5084 871183286 657877582
1 5731 912925170 860267733
1 2823 475356279 517786462
1 5714 688781835 529024553
1 1939 967728803 20137466
1 4052 101497003 625374274
1 2562 293950618 617675250
1 2013 999574039 426282408
1 2658 445930186 813246275
1 614 242553846 560764119
1 1744 733598483 253891149
1 6054 905852299 497494682
1 408 373186324 46859909
1 698 743964977 492652546
1 2343 593142524 455709170
1 6384 207998161 714171814
1 1901 571875522 977705713
1 2858 838775945 734047284
1 4480 731000570 969675556
1 5876 838588825 555549752
1 231 627524572 583694090
1 2005 871053949 813984537
1 5482 446906939 251104886
1 665 848618396 826033741
1 4097 67060139 477641692
1 5785 387218078 451874426
1 3763 334405923 589958447
1 2608 884042054 100603619
1 3141 685070658 111605481
1 1292 962326297 636811912
1 6629 96300735 802752001
1 778 660489773 10981356
1 4618 614483509 843412904
1 2668 730076346 880372915
1 4542 571345295 68612737
1 190 137684011 621093658
1 5991 423598179 202447299
1 2596 397118737 539329658
1 3675 421332249 554296489
1 6537 190678735 343194790
1 732 574541626 174609389
1 1868 103109589 8639501
1 5246 154485497 599172179
1 6171 906136324 424649166
1 3612 983597864 742192472
1 2647 957227786 468096208
1 4432 989102385 718529763
1 1303 991932713 253046265
1 5008 344604447 610666177
1 5064 527391881 772912485
1 128 413711859 668904762
1 975 822212348 918786578
1 4764 377932777 180427867
1 3140 196919759 435808313
1 2266 32570760 214142786
1 3227 907733590 807024760
1 5487 607345392 324054119
1 5417 570925624 643862006
1 6016 363019468 35872091
1 4666 820719069 25084926
1 2911 518573383 875380363
1 986 286775530 69270051
1 1481 181155103 752395958
1 2121 280719948 223329398
1 1032 444112972 902623164
1 1227 567074769 131656660
1 1596 855831404 597821543
1 626 325823055 942179189
1 4479 185891697 359303830
1 1479 922244625 583295623
1 4052 14045769 634017195
1 567 120516474 36592839
1 4740 535214712 884552404
1 5106 983513919 508994714
1 2449 545905129 18638380
1 6540 659701256 990854811
1 1625 648862171 634431008
1 5493 462602597 730074859
1 786 715424808 697371525
1 3719 310838871 467442478
1 3695 698001230 696503393
1 5243 816298406 488904073
1 3880 357246683 991321788
1 5472 94359274 607606987
1 3306 52024925 461050436
1 6670 662305050 542425767
1 5237 149103695 383768659
1 2116 679684267 352991432
1 1110 772293933 516675297
1 5624 479554450 650372749
1 6744 839455646 572648074
1 5751 857881989 491123790
1 799 570089871 638906977
1 638 417232410 647786108
1 5558 995149620 546283053
1 3666 409607391 147493516
1 5268 697018207 56713034
1 1870 125858877 379632116
1 5419 778221925 56201389
1 5611 723723484 694970836
1 1878 152645958 201369033
1 6750 519155231 313075908
1 6039 752094279 317911677
1 655 877634366 7883589
1 292 51144606 177432054
1 2447 859053334 777378102
1 2302 14837875 682706166
1 4158 247050359 453482761
1 1967 530151013 83943707
1 1536 88849880 928711215
1 2484 213703463 103906577
1 3209 952698745 988272423
1 1681 891217370 347023183
1 4859 173182457 220146991
1 2810 111260349 403599480
1 2090 475747082 450577399
1 748 661821905 363667097
1 2052 781578747 47649427
1 867 956950540 748031798
1 1171 889796542 933361598
1 2854 230085055 477915325
1 4380 979390232 18415653
1 2024 427219962 708223409
1 3862 474957220 39650489
1 1637 638456085 800180629
1 4529 806104087 389679216
1 2514 234434699 425634743
1 1261 285379946 226444949
1 197 70701820 152874459
1 1224 740958638 512416597
1 2396 133772520 874786904
1 4522 153139708 225436082
1 1507 275078418 598329908
1 5998 428488483 568841025
1 5863 885468823 633565477
1 600 405223878 282839048
1 5473 454179261 986241161
1 3525 354416461 404067622
1 1125 350143640 570302522
1 518 312618091 444724819
1 5583 105773423 430663949
1 4181 310114902 585387096
1 2738 167669824 143646726
1 6190 753647998 901947046
1 5100 836639104 915073862
1 6585 969300485 314968375
1 1245 210109739 621180280
1 6274 195015617 467694693
1 3509 916780012 455430618
1 119 837395793 297926398
1 921 683814089 399964211
1 1093 843923594 892622857
1 961 448725412 831279570
1 4098 646373 711039608
1 128 330623184 323714956
1 1174 606149153 402738381
1 5950 85452048 492319877
1 2718 512550118 320484869
1 3482 71050070 838511292
1 2580 355581204 948367890
1 1427 549989809 3024579
1 4084 846513638 764470119
1 3950 17059546 457414527
1 2128 620300099 730057248
1 880 305515506 145664383
1 2601 502754569 709104569
1 2849 997371999 793906802
1 5373 387185622 418208319
1 3200 553988165 587396394
1 1995 279125440 772122006
1 2604 484437316 203367250
1 3211 961664000 403780559
1 3006 48727769 215073107
1 2959 754564168 590184677
1 6215 929139851 489988948
1 385 515457019 790742163
1 3428 911744355 740650982
1 1906 975816309 888562141
1 1804 407091456 6120765
1 6131 68445633 750008534
1 1078 993668243 654584203
1 4218 343310680 818530901
1 6095 330790674 980062992
1 6173 66756055 3874173
1 4727 904704557 857822343
1 6575 851394876 654684352
1 5412 171376929 44180290
1 3978 957711182 987158150
1 4777 158019739 335201089
1 1511 547778404 927513713
1 6512 763466402 253575419
1 692 616312742 220806172
1 5402 779532623 967179989
1 1297 511615213 388253879
1 909 498180527 977668046
1 696 735411208 526277757
1 4959 862207095 321956100
1 2996 859015024 536418384
1 2696 476141738 557041253
1 2006 967846087 505524510
1 5822 215188012 853761107
1 470 109332006 981677803
1 3819 396804478 11302049
1 1792 479247564 918604399
1 6274 704766478 70022843
1 6557 252735950 155043829
1 1215 360768076 399354529
1 1153 562391078 805218349
1 4369 708465232 433812377
1 3927 87621576 160363034
1 651 995561772 429611352
1 2845 280871000 614821323
1 3327 930132358 327282190
1 3181 452854098 778620916
1 2631 412421599 171471705
1 6791 981751511 591144472
1 1013 755494301 152788668
1 1454 159955955 854937060
1 3125 1725732 578827440
1 356 589929308 695936610
1 4743 846283650 465857764
1 2303 898762321 829387083
1 3463 141330672 840719853
1 1348 874975802 42195445
1 4182 406411680 443111703
1 113 211853234 385129741
1 3514 815486163 496306770
1 1796 143919241 752287701
1 4173 864647953 483404330
1 10 867173973 557705546
1 465 218134872 149821391
1 2614 204931890 294076450
1 3274 905088957 67205934
1 4646 246213896 494202691
1 1286 947442514 911854832
1 5305 362424145 269722294
1 55 578942122 353203331
1 3090 956483519 917455321
1 571 889623682 664386479
1 5801 662924673 459555563
1 5995 318818997 316602448
1 3280 759920943 994948578
1 2876 665099948 746787435
1 1392 196619656 338450976
1 4552 807296897 345485668
1 2737 698286466 442163151
1 4183 65612356 319577025
1 836 388023769 664823033
1 4154 859778674 884061166
1 6087 257163039 89606431
1 6092 570885697 132522
1 6383 883858403 181875699
1 5543 331055571 10218210
1 6885 531608595 803772794
1 3594 235235289 731935539
1 310 921376414 578593762
1 188 685975408 747977488
1 6758 203188687 322321489
1 1507 821564954 517116525
1 388 606890436 763603716
1 4320 215866009 651789696
1 4209 451460605 888235934
1 3098 742143827 690899550
1 2235 165104608 689339101
1 4991 139527619 553586159
1 1634 997207679 98655344
1 4228 677903477 458004720
1 2629 544714775 812709559
1 2301 40886623 331736770
1 5382 847720688 356425171
1 1497 781213206 630700368
1 6075 487868522 522022737
1 3841 294640675 876822511
1 4322 792748304 49554233
1 6669 945017223 249526459
1 6878 942698121 243610253
1 2611 932229204 937805986
1 4079 896895693 649194251
1 5904 214024636 403954902
1 1948 710991255 424672394
1 4707 500956211 405217025
1 4072 855759564 962603621
1 250 154017379 787726543
1 394 104049950 962699953
1 1729 855817788 655488382
1 1059 816829554 915543629
1 5671 916284188 784448557
1 2624 754083503 780761868
1 6397 854886709 79574350
1 3078 849130602 899830346
1 98 119272752 642848548
1 671 878522902 187733157
1 5947 177449412 604675086
1 1867 929314883 43266706
1 1880 628689625 919986581
1 6594 933838285 684530944
1 3017 254924572 383219796
1 5088 81755408 563656152
1 3748 732370385 528445913
1 2304 893444558 714082436
1 5494 790949376 43949717
1 3319 247580890 869431154
1 328 726817798 280239319
1 4986 850576959 139860563
1 255 15612466 655676116
1 4875 948879171 312643916
1 6100 587349105 742213858
1 3986 906444663 732766415
1 2899 925603477 21172044
1 6395 478306687 203228227
1 6457 966854757 924610418
1 3912 286308600 982683862
1 181 428811189 266713440
1 6356 663844733 277212914
1 1875 976650433 200154155
1 1610 636450226 14996570
1 6858 969491033 193794897
1 2415 837434851 19489771
1 6357 590729718 271302461
1 443 875746762 693512180
1 2315 940150147 582220084
1 2566 661883378 828241835
1 878 60286388 898407521
1 3511 981666704 223981644
1 4288 515961152 922108627
1 5759 231659950 820537399
1 2628 964805466 462697305
1 1698 226156255 743313573
1 5384 355576786 456251774
1 4591 106088712 816769707
1 2729 72386973 954729006
1 6042 790161101 156416805
1 4814 90083623 984000124
1 532 158252841 860665302
1 3832 670243540 120341384
1 4495 856947649 333592132
1 213 838784481 875627114
1 6556 224198348 596780997
1 2257 146104636 705292401
1 6614 905803266 572718226
1 3209 9059375 589626129
1 916 749035001 614508674
1 2392 125310888 234183800
1 3000 396663089 998090095
1 5418 537302519 762536614
1 343 768646645 31185615
1 2286 526096886 778370180
1 3628 150361263 73082304
1 5786 77028602 361773489
1 5300 625839509 524342553
1 920 267065586 476442301
1 4224 525764136 795253216
1 5371 427082427 148437006
1 6957 475855585 437490839
1 5867 35330914 360399714
1 4417 10209126 180320755
1 6287 431123857 665800614
1 2333 420132800 373556446
1 6379 659906320 454648944
1 6690 723038032 671631925
1 289 363980729 459741633
1 845 819573801 265263173
1 6042 848479280 651082149
1 2718 711103146 86750266
1 2903 637263474 805519485
1 1700 707057790 790881454
1 2012 281389404 839573380
1 2032 492840530 10833656
1 1557 900715198 916357846
1 228 110669312 362114161
1 6460 541209246 30939212
1 4443 108519065 92924000
1 3326 858586990 79520744
1 1018 459087818 527952243
1 6746 313813398 754589635
1 833 271374291 989476847
1 2398 766571029 743405670
1 2192 6034610 349391018
1 4385 461073137 384028234
1 5585 151072985 774072399
1 4646 387706031 654714260
1 3376 714479009 857778175
1 6036 68324667 469264951
1 5370 244003670 979687638
1 5523 285601803 905524217
1 4356 825746624 721147371
1 699 177732110 69585623
1 1073 396513695 603980983
1 6173 35989679 946181956
1 581 62418828 641412800
1 6837 281407853 114757937
1 3081 56191584 725802197
1 1191 697607609 296076340
1 5070 112234602 945113004
1 5490 888385570 480334674
1 2071 198284420 5998412
1 4730 60610297 906483163
1 6741 498867538 571854893
1 740 818254643 501699772
1 2611 65626875 866450571
1 1970 734382286 430710477
1 4947 755211935 626788938
1 3811 173191818 770095369
1 1131 249412560 54385485
1 6318 723367350 368708479
1 1969 109487070 621260803
1 2257 140859069 723875344
1 7089 31806328 593405651
1 4576 516057339 194183405
1 1394 362555464 396966210
1 2008 966788485 841329964
1 771 481566352 234345321
1 6745 555221 807231700
1 6841 262674588 359693213
1 3603 915823869 110355030
1 6975 369419248 282185067
1 878 770648138 907354105
1 2537 79942365 893170914
1 2714 896925432 551193550
1 4586 762506107 343902068
1 3747 460597599 622069259
1 5446 749793585 327238783
1 1853 595114363 103047871
1 862 28297547 748714620
1 1005 857168795 125337993
1 1239 418359254 474412596
1 6350 783589096 264889509
1 3772 338147119 414687920
1 5993 996827780 847846577
1 2184 462562063 96804852
1 4271 358249891 321998530
1 244 456959430 498852966
1 5040 801524082 607842515
1 1020 907953881 94901851
1 5107 645706005 31061142
1 4766 936157957 165918111
1 5118 148927966 946319103
1 5426 367361332 379218833
1 91 253352426 555208101
1 693 900162108 872212016
1 3076 334711286 541373480
1 6931 481744180 117178096
1 6486 461805104 458010300
1 2912 152594734 474474991
1 4046 981983587 900544189
1 2771 306555419 864455283
1 5665 875931553 641233489
1 6137 922302838 960564714
1 4774 855256097 227002478
1 3180 169464121 691893309
1 1562 31821201 409777109
1 4446 263032577 749926508
1 3856 943958477 325602401
1 442 356799277 280618868
1 2163 261518582 145111151
1 4546 837759962 664018703
1 1360 666777885 162686158
1 1875 638474292 190735347
1 1481 801528966 777312731
1 5198 229342344 125033366
1 4468 891285141 698648971
1 651 526750323 545334694
1 4008 704759159 513953405
1 6416 630079795 436836314
1 3716 799400116 270604388
1 344 831207831 893755290
1 5661 820992082 695081104
1 4457 265834945 105236893
1 5949 264127326 916195542
1 5221 153567253 214627994
1 3887 780195648 152208308
1 7037 304979335 136105131
1 7046 806110750 205569047
1 4337 118694133 482597130
1 1806 837031257 365221739
1 3997 898110764 143436618
1 1166 116277937 558774838
1 589 574577836 93194034
1 3232 693215851 298471463
1 2945 759573536 137762356
1 2962 384975929 974071107
1 3000 588797379 885264100
1 4025 116867284 264704283
1 3582 897857943 902909743
1 4841 633142280 318674018
1 5914 779235651 858985043
1 820 332451159 692388295
1 6320 690958960 148575771
1 2049 495039359 774858197
1 3507 675714089 147356546
1 5297 448470540 387661612
1 2241 567563721 948441494
1 5249 777141694 942812515
1 6007 778479004 792614997
1 4666 852625116 627586338
1 3612 266409585 19706416
1 4163 824384936 53710432
1 4987 889147283 802708750
1 5715 801931783 534399927
1 7122 957183650 172139192
1 3754 495807849 364560463
1 658 734338051 375519265
1 1474 164879634 302652255
1 1610 613372926 259722397
1 3127 302077910 310499170
1 2265 672013034 487049425
1 6505 664199701 915190697
1 6177 77286109 759921339
1 5050 663516503 367724748
1 5625 64712792 790847764
1 532 782371965 220091148
1 6705 987078134 214117294
1 2638 457278696 727537437
1 3432 518082679 642614228
1 3075 915297100 53203496
1 6828 711723167 542341115
1 2694 627531508 457822733
1 3896 974477360 711783589
1 1971 728420493 629145388
1 5957 256734908 439343670
1 3674 800361648 223195866
1 5024 606645561 420105793
1 2423 251926941 803182599
1 421 822603352 782300375
1 1295 232422603 936555161
1 4615 353883426 722395741
1 5424 740441988 666726367
1 3228 154256479 537471085
1 6522 732945652 318020097
1 3717 744192101 376311119
1 2241 52138710 451479280
1 3205 828338129 980249861
1 5457 384868932 414183950
1 5801 233007779 402876578
1 1809 39744675 547026203
1 5358 955777966 829229039
1 1519 931656534 695183878
1 1318 239492869 831289697
1 3343 758350191 772581336
1 4658 332315226 298824926
1 6448 365185307 2503029
1 174 390294766 292904855
1 3600 566186354 278108332
1 3776 281343331 206219278
1 2400 123703469 735233523
1 6134 152207147 88342547
1 3341 855331484 630350749
1 1603 205120714 893336079
1 2880 152829733 619193173
1 6626 462505009 316157214
1 4149 482539786 980175172
1 3333 491091718 832623283
1 7185 301429809 149021895
1 2687 503052630 85964919
1 2417 854544575 244909691
1 3899 374175792 583088450
1 6088 144122601 688379604
1 70 168112878 186774190
1 1550 856367967 818332438
1 2937 371544129 99467681
1 6997 940681346 277228352
1 7125 392480381 193293276
1 4940 318536973 150498314
1 2093 775792599 429743459
1 3308 132383220 131578585
1 5873 487546917 444612618
1 2596 370258070 731658293
1 4567 482272586 941075506
1 614 966482005 869362588
1 3365 793092570 622999355
1 4302 794249715 450015750
1 4075 917931320 567374494
1 3424 598893511 600142093
1 1115 558601331 700425241
1 3758 457581523 27158957
1 643 821575575 701472135
1 2986 957089842 360920449
1 1926 447237738 392198314
1 5680 375953517 440713745
1 1010 957566633 120343229
1 6549 110117435 582092535
1 6729 199973467 18238834
1 5667 999166648 867366411
1 6310 516386480 437107067
1 1360 365583643 279806044
1 3707 516909323 183401596
1 2577 558087380 609601798
1 4973 668929617 318422415
1 3503 956623237 53051851
1 1802 913893469 61282906
1 2612 313844106 455405045
1 1865 925703648 707912638
1 6051 636213812 997916214
1 6620 995134120 773996297
1 194 129439501 865892107
1 6913 98063898 135911878
1 2874 577684527 981477816
1 2429 330198427 277323944
1 777 168267653 667684756
1 774 39941863 401201368
1 4292 653512842 659492252
1 1075 714628960 91651454
1 6592 814325441 87150229
1 2740 128158938 406602773
1 6388 254529749 556797787
1 5301 692893621 524502707
1 2501 457037263 46325511
1 5523 577632637 161537963
1 5907 48789779 690051685
1 6482 191427838 208911777
1 1728 465689112 350900620
1 3027 151872266 278886959
1 5115 948437467 133471588
1 2430 42688041 254794342
1 2429 744531270 807743204
1 4327 380755959 995624723
1 3165 703061605 611421830
1 6269 786619533 670522678
1 605 721736652 181592406
1 2 695868007 534926636
1 4917 313425836 844046299
1 3896 428255730 280074344
1 6627 988066669 686837551
1 3829 768459029 163289412
1 2457 898465055 56580005
1 5907 472669500 20656502
1 4651 541507005 945068169
1 1008 260256370 708124088
1 7257 70272284 295086681
1 2043 213619693 250095050
1 2352 51205912 538958977
1 6950 302218787 219920652
1 3534 701228685 136519501
1 3276 413443147 372763644
1 6941 986721747 558990168
1 5354 190155546 379428677
1 1186 636371334 333826644
1 6114 30269015 176016505
1 4140 616852095 834989727
1 6492 261807783 446035278
1 1545 128128644 455821402
1 5556 734972524 889437753
1 263 547686405 617573293
1 1961 573620216 2163705
1 1984 450487185 279163879
1 7088 738908558 74596548
1 2051 625487137 743363632
1 7 598106069 642475651
1 1359 428476027 802402677
1 5433 318885980 955040854
1 6173 267206719 880775254
1 1744 391795629 267078455
1 2596 450934537 523127099
1 4870 710335097 527212324
1 6935 760658839 258378072
1 2417 526890148 309965696
1 3193 569666825 884444559
1 2780 129135517 655055464
1 4602 423725243 476361557
1 6763 491462765 716307749
1 6172 878599523 758820666
1 1475 929966430 222528744
1 6801 290570003 700972107
1 3280 999284530 162138568
1 1181 132627393 698997343
1 5683 8154057 18351384
1 7229 481861344 55825280
1 3977 903454336 466166638
1 3555 734208605 625164646
1 1817 514091417 39499881
1 1782 232730025 487580598
1 1819 108252028 60847544
1 7096 740409321 412805460
1 309 240078197 770664072
1 2668 843824546 651183202
1 2652 60126663 208964088
1 6827 762649493 161711639
1 80 898805487 244817303
1 847 720936312 306420753
1 1087 88457025 496643272
1 4650 504912414 528078469
1 627 750277173 374683866
1 2423 555493244 489948944
1 2179 506468 326236501
1 5049 356363552 264833634
1 1028 608481284 436673247
1 3006 619210583 766798432
1 6885 258944118 825451989
1 6767 56231981 466501302
1 2805 985121595 288904276
1 3353 379845130 419653585
1 5321 337019499 862102854
1 3119 302066435 104145954
1 1347 109170069 158841251
1 4042 648584538 191899229
1 1910 497748986 148735846
1 5776 472191585 661521573
1 779 816321784 308003517
1 6426 397190885 822706390
1 924 30289070 806610794
1 6373 948926932 209006352
1 1407 372190202 534571750
1 3471 376028150 482841476
1 4589 119833004 422370272
1 6522 282205349 383455043
1 6921 8157708 675634575
1 7051 29354666 932166130
1 3027 770120188 105246110
1 273 183545167 22002215
1 6340 481491358 805967486
1 427 749639015 708173031
1 5283 284859224 947240555
1 4447 813759108 85420516
1 355 520427938 615281057
1 2355 497063101 331343807
1 2284 656024219 683169154
1 1489 158964495 454516772
1 7090 197358144 155144323
1 1621 644349655 620105674
1 6448 51365010 630294670
1 3660 18603126 694143303
1 6554 743582217 250615810
1 5685 678470304 403951863
1 4059 489160202 899671513
1 828 121753124 137945098
1 1408 94912205 451172982
1 4261 309122103 727000980
1 4067 306422583 56626013
1 4012 274146453 468193172
1 2126 380897700 469365966
1 59 158985031 205705918
1 3758 838215790 151852185
1 6598 112012194 255720414
1 5282 141927349 304088306
1 6042 629994724 997204537
1 6689 273268086 84259396
1 3445 443825568 107711552
1 6167 515814950 654023300
1 101 829211207 931214977
1 7424 374546110 106847493
1 6447 348954972 775915532
1 904 703820573 262568138
1 465 303925166 853069690
1 4900 874712431 672901673
1 421 283781492 303830743
1 7228 911363031 49975653
1 3490 111645405 342907300
1 4414 423987646 464549472
1 5052 936226831 751925602
1 2496 11951951 51594866
1 2809 331570459 687157884
1 5361 85495051 323555880
1 4691 275890255 879874124
1 3843 886386654 793566580
1 3939 23181039 476628431
1 4851 154507129 798620364
1 2765 988555689 533778410
1 3209 751828396 971317696
1 4224 214079056 229138134
1 4347 636558270 834141702
1 7149 828923290 344386323
1 6357 377293580 22345187
1 3426 565778039 569039895
1 1462 442306682 152598217
1 1255 76343358 553734993
1 2925 255912781 974971055
1 5338 751662670 549076315
1 329 533300175 982695910
1 697 854675339 544739703
1 2205 318250216 836734052
1 4414 111752712 822553236
1 2529 355870082 716087016
1 2146 571638437 584839136
1 288 569924779 212959121
1 3864 371349024 342890076
1 3145 75112197 381856141
1 5523 54952536 69317117
1 5223 54036640 923405851
1 2645 555220399 413008944
1 566 854052811 480438885
1 2764 592869293 175035817
1 2843 25833537 767783162
1 4278 619018228 794942255
1 6886 883979855 44578825
1 5691 95235331 505015337
1 4313 294896031 302686562
1 3513 429940732 134481492
1 1575 456086942 607492614
1 815 288152838 921332636
1 1171 583295928 555409313
1 5636 16686999 401068121
1 2226 883188233 952171313
1 4371 138380685 801020727
1 7385 227906673 154886667
1 2367 467947557 623588034
1 4757 445064289 653865762
1 4267 63464211 747807490
1 3958 232214011 753861243
1 577 446269630 25450639
1 4031 676539805 623387605
1 1103 365517640 303332861
1 2173 145600157 453020135
1 4654 540006549 157709481
1 3290 449509597 659720588
1 1197 456630228 946561954
1 7143 272586955 836597458
1 597 109903174 839757541
1 6538 582172522 80908284
1 3510 65561482 42548847
1 6757 158842525 746102884
1 1471 809041161 653586712
1 3304 79388896 119763156
1 2499 204282960 103469429
1 3636 894064715 391745990
1 9 833059305 27731627
1 2137 7719151 509312424
1 2118 992719101 372668855
1 3530 461866519 968547801
1 6599 804297346 677925668
1 1632 40780954 253263216
1 4084 612119426 212230940
1 3104 497141808 625387567
1 4741 531535693 273091548
1 4847 156742996 28699287
1 3816 318089902 479589889
1 643 787691410 789403384
1 3603 693311025 476156959
1 83 112931121 234153505
1 3153 214249943 597116511
1 6656 321139716 680667403
1 7376 273759550 949324095
1 3219 74339852 740471473
1 2309 344957746 857442535
1 6817 420036451 704878329
1 6208 652140294 465265659
1 5503 827128088 523965616
1 2813 417807249 272012767
1 2076 322436943 494414275
1 5084 633187016 724305899
1 5490 561050876 472467679
1 3172 188299071 230588994
1 5651 601334641 969813451
1 7315 498927891 584058693
1 285 710314882 700411166
1 4543 221807419 516620947
1 6902 266701251 285343429
1 4529 991305018 768137570
1 6212 442676830 484041827
1 6792 494583418 243376341
1 3645 576808299 721433065
1 1001 925090302 236895906
1 2957 351215048 100759173
1 1429 974840604 653519020
1 2925 666622353 354397438
1 2060 619074040 951102342
1 6481 148122069 579525580
1 1376 396961404 130786258
1 4473 245470656 173251943
1 2657 831264858 817986092
1 2885 345912726 5711260
1 422 764328838 505515622
1 7248 242549237 562589825
1 3079 201260568 747948521
1 3761 6585188 232213305
1 6614 425549776 688873033
1 2268 141448574 382890659
1 5769 482558601 20721015
1 4059 411322149 536072926
1 3089 799082989 581800977
1 3291 260879100 197894735
1 5471 66619206 343866233
1 5523 363817565 713517883
1 889 820225225 430743952
1 7192 853242297 854928653
1 7297 487509361 996673387
1 2564 935916234 473947693
1 3584 562812386 844724179
1 1894 316954503 452886586
1 5772 83683707 410672424
1 7403 239893322 86754334
1 602 280827311 42020338
1 5349 73331871 3290914
1 4071 112876700 460286995
1 1838 53268509 884085151
1 5343 842065793 655266479
1 1783 980168067 850025872
1 6436 689081137 767967883
1 7356 842740178 447978508
1 3801 550980524 807755646
1 346 984034804 195460049
1 1195 18540500 614305759
1 5301 478058467 371798502
1 4778 303980033 643432234
1 5237 375872796 705376949
1 2929 258718824 4863899
1 1077 350307245 711767609
1 6562 891084651 502478336
1 1027 917501408 448667369
1 3819 515782755 142981167
1 3428 238736126 463765668
1 7423 494059375 967088817
1 6740 282707364 286385181
1 2379 897922937 245257140
1 3692 649152807 535736816
1 2496 320805829 817180896
1 6699 178483149 152337522
1 6159 514113475 965836058
1 2561 185403832 433592686
1 6829 910954840 101582903
1 2312 158560204 876180380
1 2475 235341260 64931487
1 5735 460667667 817693524
1 1776 431686521 373648824
1 4297 786507990 873575165
1 1331 747410666 189807234
1 6537 215317435 883530248
1 741 396520677 207908121
1 4640 601728643 279851541
1 3672 744789292 689642626
1 7605 296202483 509056271
1 547 63622213 263627581
1 862 181198386 698752186
1 5276 494656289 471056527
1 3245 221412403 994638439
1 1281 325514350 884591994
1 5167 356394560 441866866
1 4029 662959687 498385561
1 702 763049139 310230081
1 5369 752946563 551545648
1 2140 938592219 683359355
1 2901 179637803 907661756
1 2223 630000986 216885472
1 4212 815291379 857281926
1 3199 340252473 238510565
1 5144 590674039 722909571
1 2598 546816501 401492643
1 5565 104250808 195041581
1 336 365493746 563520611
1 5326 705536793 475088786
1 6208 373480945 967965858
1 7145 41492182 969835737
1 4962 351976354 349346639
1 6770 158809757 494835099
1 5602 509278343 48217684
1 173 53047867 354536481
1 4970 430551701 355531060
1 7609 969542738 620516715
1 2254 721958838 426073797
1 133 558260514 703638702
1 629 681347637 629234405
1 5616 967961725 491742254
1 3380 485779034 663729166
1 1392 186692461 145532228
1 1871 530556563 148729124
1 7624 510974114 207025492
1 7220 86420528 680844676
1 4518 413352446 769020518
1 4262 843448259 277343835
1 2190 792849423 703449034
1 2293 724323577 469070187
1 2750 877263262 151462139
1 4152 485127592 964446028
1 5191 94620721 283283631
1 74 700527094 737403809
1 914 432828148 731788768
1 4429 972017640 286885797
1 413 145980635 738537448
1 2711 587894306 162396881
1 1750 425433674 717035073
1 1161 786341781 42293853
1 7062 577791306 248744340
1 333 757284610 80012742
1 4347 518709856 227157119
1 7191 921517635 653236345
1 2426 734655861 883848217
1 5484 614241647 809504354
1 4604 673495286 841803855
1 7158 434807400 585836142
1 2319 248653704 464800919
1 6925 701598374 958116663
1 5319 691991972 982103895
1 5250 803790206 814999145
1 4494 837689956 361651446
1 7667 875038753 237215482
1 5533 327688992 821446680
1 1875 865091257 284805152
1 2608 293221377 580799091
1 1284 767062081 155485025
1 4935 324887346 705114321
1 3590 240100507 342058131
1 3323 967748635 961221290
1 2876 334970775 809138905
1 6231 722265006 229979638
1 2126 867790370 192157466
1 5850 198266636 538572096
1 1804 808113475 844457748
1 7607 205653046 585083775
1 3835 255382921 335989980
1 4650 406091310 145700128
1 1617 611040267 871040858
1 3238 582884818 809840169
1 2947 429322745 497236064
1 261 31360417 156002194
1 6118 801061194 618918967
1 4724 8772534 544612422
1 3188 17517408 283091020
1 3333 421197139 917116698
1 5799 427667650 21939309
1 805 523910574 280109120
1 4476 608368752 372501713
1 5190 528803902 10795201
1 6648 884621382 306387607
1 5807 178785056 745859963
1 7320 344955326 447453367
1 4306 888493778 39607098
1 6339 396888191 452839293
1 160 833390566 763457716
1 3132 522284740 216919367
1 2525 183391849 195800740
1 123 130461320 361828360
1 16 725335738 724890800
1 4497 951162873 796248022
1 7668 166998801 912496364
1 6921 603846639 351525315
1 7054 234279287 184013865
1 5429 498469179 110677716
1 5853 987650731 8693043
1 7074 686144638 263492260
1 7211 389304023 50492501
1 5164 22491192 545470375
1 7015 745844014 743093475
1 2928 894609000 405836117
1 3790 231989517 723066018
1 3685 900983519 981691068
1 6138 680154310 153138770
1 5040 29192172 262254143
1 3226 886777950 469453461
1 6193 987737327 783293425
1 267 965950987 748137072
1 204 237660243 41295363
1 2554 991806783 322019684
1 3908 834783332 962439590
1 5707 266305747 216947691
1 3366 314116300 665861347
1 433 313019645 626513487
1 5952 417757427 161651521
1 2957 828059361 499305061
1 6205 566766049 262949736
1 6090 848258179 506568769
1 4727 723995427 156361251
1 5651 944530615 988189741
1 1734 520659908 414092042
1 6534 517627634 537534817
1 462 509827329 169710392
1 4035 981156916 206056304
1 1531 72586137 715702187
1 5533 397013813 42158649
1 5541 906522779 418807363
1 2740 970497462 83968386
1 6127 797427068 606612200
1 968 518248661 688422851
1 7472 812865834 214484597
1 7143 724273842 233232632
1 4539 3918524 432326117
1 236 426904039 325882286
1 995 654533836 825507113
1 6390 173550586 806755699
1 7401 135501935 291346276
1 5753 190921468 139385996
1 7544 902046051 510592900
1 324 891212385 803280335
1 3016 241101814 538343490
1 1156 883416859 631873620
1 3254 465980739 78307964
1 1311 935008556 870804796
1 1642 770342828 427486903
1 6208 866160971 217672341
1 3777 82409737 366252850
1 4651 104060854 814614614
1 5158 400588747 904721151
1 3008 749486076 85578408
1 2132 640598135 624923679
1 4288 871963022 513689328
1 6712 989233189 941830952
1 6515 26425875 251205807
1 2930 113509169 573750031
1 5729 514914864 194657112
1 7462 920038235 195454309
1 3070 438067531 643728260
1 3993 745033592 301450371
1 738 224622169 38127339
1 3056 579114751 442806240
1 2516 21186234 497636815
1 2867 519594881 226662003
1 3487 4697738 508619439
1 3684 785371088 760437727
1 5792 701729959 91299302
1 5738 241096504 666172507
1 1677 480820524 303816155
1 982 480875637 935137949
1 3917 255368944 45905
1 6679 571956858 765830363
1 4996 159115087 370406646
1 4896 764842617 284512454
1 4608 318900798 825471710
1 663 16877180 972840034
1 4030 135548296 585935312
1 2234 801456721 513138423
1 6095 845903878 758839459
1 2673 815210952 211835670
1 662 67638471 517136918
1 3327 269945648 801292643
1 1196 104878857 734570765
1 6276 935926892 780183402
1 4754 270515747 287896158
1 5622 882619219 858953616
1 2393 839846819 13434682
1 4231 552687116 452643803
1 2851 323802207 583564507
1 1026 236004929 783422864
1 6025 34185422 481319272
1 1153 675588087 404859503
1 4037 878603247 102394956
1 1369 325296391 247223473
1 4678 32288477 739797876
1 5226 231744493 162068809
1 2420 337667309 859696533
1 7348 157177336 935493512
1 1995 21540059 28227960
1 7407 726945256 366028465
1 1468 295479706 76409483
1 2172 484748789 856963580
1 3105 769874676 20195249
1 5103 689064797 583987244
1 7674 177038758 46771433
1 582 666232638 460468986
1 3673 496051075 309952214
1 1319 456234792 937142665
1 3499 718065681 800874188
1 7573 17475002 542741430
1 3464 364747389 517864971
1 3311 677224349 61292075
1 2961 32990783 946845487
1 4552 964226221 524236042
1 459 680249820 261999712
1 5482 30240233 116984686
1 2856 418604006 269364737
1 5783 437667518 198355314
1 355 31707135 692894351
1 4115 59333378 524995693
1 1548 203919766 459936637
1 3073 511674799 611069978
1 7544 913467070 541581685
1 4371 681001650 695060792
1 2888 690077888 621516881
1 3007 776980302 791039797
1 6950 920278954 446867063
1 3117 182310625 663477756
1 6109 275468885 115414367
1 2118 612558637 497776220
1 7704 924012243 254320312
1 3625 730152888 343413837
1 4415 183753129 399325061
1 3252 198399120 3658711
1 1625 20213860 748855701
1 2885 649930860 93238448
1 5921 612119619 732656797
1 3001 170991223 811053750
1 211 249627372 143783725
1 271 603952704 919273765
1 2946 730045987 872977130
1 5499 67722623 164466970
1 6349 584410454 747276180
1 388 916979192 822757963
1 2032 101202853 991188019
1 3087 373254697 527402641
1 4384 894944976 571782750
1 7662 938515969 942915784
1 4081 650004929 247219125
1 2370 57996181 714876195
1 5273 68315366 748067130
1 1175 182694924 58354605
1 5857 511689798 718612880
1 5150 937514893 329844642
1 254 820224412 223032940
1 5645 77067432 480936232
1 4479 532927636 104537190
1 5400 19042649 68476870
1 4984 989519449 714519741
1 3501 47233906 21380685
1 3422 807173299 119708686
1 250 792916897 256808811
1 555 279183113 916085732
1 1782 733247239 235953786
1 4459 825876582 878082529
1 4746 408705403 589069614
1 2995 61510475 371081740
1 292 867549316 156360737
1 7542 987415431 421862706
1 3456 636101116 57754807
1 2793 937215922 949874871
1 182 520433949 371814015
1 4582 161588887 344886438
1 5019 262018074 496484623
1 1840 437834194 62336259
1 7654 980007332 582370747
1 3617 400611484 41099882
1 3013 86036897 82622884
1 976 86393215 930301545
1 4089 735797525 866847387
1 1753 999200395 635753684
1 7379 195021040 234222844
1 5746 823015720 752880990
1 2766 456271021 373307618
1 6681 577325518 507131790
1 5086 654924721 653372694
1 4325 538151308 364750931
1 11 993557199 924056584
1 2224 348975382 591703787
1 5776 195583479 883786645
1 5700 595535659 924785069
1 3550 811067632 674635559
1 2564 621531840 315215381
1 7700 150761384 891896299
1 5869 184007811 18294640
1 1701 298926703 931685037
1 3741 339726364 807679381
1 5123 970470631 546018774
1 4165 523412509 811758524
1 7476 916197905 748128613
1 3559 887076743 332741320
1 5482 768827101 75521232
1 7144 951356437 598288461
1 7314 5376287 716788366
1 2309 123019539 170459728
1 3933 98194231 620776163
1 5536 167352991 860649021
1 5818 144542010 867840370
1 4085 126071601 932262671
1 3836 510888079 256223512
1 5847 915351965 85119265
1 4680 593251647 97646109
1 7326 512649181 941013971
1 5638 347353908 759206609
1 2177 294517755 832854553
1 5707 323501989 33872493
1 2739 662882625 272865052
1 6993 689294033 948648044
1 647 829879244 892981784
1 5412 14770344 135799888
1 6733 69737096 257509276
1 4836 743146882 782039900
1 4534 173460677 144154980
1 4853 808022001 111775775
1 1424 575492062 28214538
1 7386 628824915 184760708
1 2166 461579472 855201098
1 529 600321690 945825750
1 7528 644477607 34549909
1 5979 453080251 812056872
1 5181 694021062 276963841
1 3573 804142178 263361361
1 5541 498451851 119683668
1 2588 267536997 715184329
1 4594 517464236 444945406
1 5170 936638004 487281245
1 7087 219759023 335376946
1 7238 171232404 364752118
1 5234 77613748 797647841
1 4333 180889446 613177916
1 4260 190788530 86231966
1 1748 398974399 765901992
1 434 222906983 291438319
1 6428 571116940 496692154
1 998 153480061 218401492
1 3801 961786907 449797399
1 134 388666603 374998221
1 3469 268835828 737950129
1 7484 669657944 134603139
1 6340 102303494 788546815
1 3475 139784702 346034042
1 7808 975776066 862386766
1 7480 223894930 628112592
1 3447 278973429 744381373
1 2507 334387946 465354913
1 4835 524200364 604277616
1 2087 277151703 950404830
1 4645 719167151 68104633
1 4515 508470863 754883017
1 5856 623824545 210166817
1 4194 623081650 73241726
1 6793 598739144 479666013
1 4880 977148933 903919832
1 776 620681855 881220788
1 461 173332405 385274804
1 3585 234307389 927994830
1 4197 693887219 202404381
1 3300 504569025 511590904
1 4617 468347471 123758418
1 2939 659305361 255288935
1 2227 72697085 675159181
1 277 138382740 993950309
1 3204 565104778 889769865
1 975 595579502 303784116
2 911 6371
2 7899 7996
2 5951 6469
2 5580 7910
2 5664 6493
2 2104 5574
2 4073 5325
2 6918 7771
2 7933 7974
2 5506 7108
2 5817 7571
2 2038 5950
2 4804 5094
2 7787 7992
2 575 737
2 2158 7355
2 830 5108
2 7203 7831
2 771 4962
2 650 3116
2 5378 7479
2 5564 5719
2 2772 5769
2 2547 5161
2 4031 6305
2 6267 6960
2 6033 6589
2 6221 7132
2 5658 6789
2 2 1691
2 5975 7721
2 1353 1440
2 5472 6276
2 617 3184
2 295 7827
2 3294 5664
2 1679 2845
2 6886 7317
2 5327 7922
2 3694 4058
2 6419 7717
2 1976 5813
2 2495 7742
2 3834 4989
2 6926 7448
2 7178 7864
2 3383 3836
2 62 3903
2 5025 5561
2 5231 6415
2 5808 6847
2 1698 3439
2 7109 7765
2 4013 5412
2 5690 6841
2 3111 5384
2 205 4695
2 7499 7887
2 5125 7481
2 4027 4383
2 2645 5957
2 333 3821
2 1849 3192
2 3534 4878
2 1639 3455
2 4285 4362
2 4267 4828
2 6704 7216
2 6564 7093
2 2059 6066
2 2913 4386
2 1912 4962
2 1181 4747
2 6057 6404
2 1324 7302
2 6147 6682
2 657 4702
2 968 5982
2 7948 7959
2 6040 6156
2 2477 6205
2 2007 4993
2 7440 7665
2 6210 6576
2 3262 3455
2 1181 7601
2 3925 4832
2 7212 7265
2 6756 6921
2 1556 4302
2 1523 6535
2 835 5780
2 2673 7739
2 7528 7730
2 4915 6287
2 2493 4633
2 2397 6478
2 3939 4444
2 5631 6661
2 5813 7716
2 6759 7139
2 3532 6768
2 7611 7706
2 840 2737
2 5635 6306
2 2970 6325
2 4242 7410
2 1805 4555
2 1506 7614
2 594 2948
2 1065 1521
2 1063 1589
2 1792 7902
2 4491 5451
2 7862 7930
2 3023 3902
2 6636 7624
2 3554 6832
2 4135 6755
2 845 1397
2 7793 7951
2 6915 7508
2 5598 7201
2 5669 6586
2 7229 7978
2 1613 6955
2 7247 7448
2 3802 7557
2 5703 6461
2 390 3927
2 977 2960
2 6002 7145
2 7961 7975
2 1294 5846
2 3283 5493
2 2685 3406
2 2233 7329
2 2562 6155
2 6472 7647
2 6396 6674
2 5135 7871
2 4896 6779
2 7508 7737
2 7940 7957
2 2492 7878
2 2256 4624
2 5867 6190
2 7859 7942
2 4968 5785
2 3201 3368
2 710 3646
2 1467 4450
2 3508 4722
2 314 6451
2 3450 5338
2 3530 6906
2 1255 4227
2 169 3570
2 1634 7853
2 3116 5581
2 7759 7886
2 2780 5850
2 4835 6905
2 7424 7685
2 6435 7033
2 614 3447
2 4274 6330
2 6681 6865
2 2609 4385
2 4149 5272
2 3871 7419
2 570 6276
2 154 7646
2 6102 7525
2 7845 7957
2 1990 7156
2 1397 7666
2 4777 5631
2 7734 7759
2 3615 5822
2 1302 2525
2 1984 6586
2 6086 7054
2 288 6383
2 3539 4303
2 4744 5595
2 3083 7529
2 4519 7321
2 6576 7204
2 1723 4947
2 4718 6712
2 7641 7646
2 3515 6810
2 3137 6347
2 3859 6987
2 3225 5737
2 6097 6952
2 3854 4082
2 7936 7952
2 2738 3600
2 4738 7170
2 1577 1584
2 3575 7157
2 1802 7403
2 214 2793
2 7024 7834
2 577 1782
2 7934 7951
2 3541 7599
2 628 5773
2 7575 7878
2 4077 6670
2 4117 4549
2 2225 2314
2 6670 7074
2 5792 7655
2 2383 7361
2 6357 7433
2 4855 7509
2 3251 7734
2 2992 7193
2 6802 7399
2 5677 7700
2 3165 7019
2 6030 7758
2 6299 7749
2 7102 7642
2 5229 5903
2 2739 6332
2 201 1734
2 6064 6242
2 7440 7925
2 6998 7038
2 2471 6857
2 2773 4771
2 210 2668
2 4053 5464
2 6814 7613
2 1221 1622
2 1450 7870
2 7114 7792
2 5014 5736
2 53 772
2 3996 5514
2 5084 5771
2 3405 3949
2 4453 6525
2 1028 7857
2 660 1661
2 1722 7978
2 6021 6171
2 5150 5434
2 6899 7899
2 341 915
2 5016 7303
2 3034 7555
2 6902 7718
2 6654 7392
2 4942 6913
2 350 564
2 5539 5569
2 4634 5386
2 6423 7976
2 3524 4577
2 1833 5825
2 7109 7261
2 5982 6533
2 767 6178
2 5856 6762
2 1932 3654
2 1088 7270
2 4920 7170
2 6547 7953
2 5680 6202
2 4147 5745
2 3208 4869
2 4156 7226
2 2105 5974
2 543 5441
2 2013 3965
2 1085 2285
2 840 3645
2 162 4881
2 1917 6091
2 2064 7611
2 5583 6880
2 6366 7778
2 5251 5957
2 870 4528
2 695 6290
2 5635 7835
2 5484 6652
2 5965 7891
2 3002 7124
2 1764 3197
2 2321 3686
2 7173 7436
2 7364 7977
2 4912 5464
2 737 6586
2 597 4591
2 2833 4353
2 7633 7832
2 2720 5540
2 6065 6370
2 3934 4575
2 781 5966
2 2806 5609
2 7953 7971
2 7244 7844
2 4083 4147
2 4172 6344
2 6976 7538
2 1404 5730
2 266 1880
2 2105 7688
2 6012 7237
2 5159 5837
2 7178 7766
2 6445 7216
2 5945 6322
2 6652 6711
2 926 4035
2 7978 7985
2 4570 6758
2 5348 7593
2 1596 4713
2 619 7204
2 4711 7523
2 849 6056
2 1356 4543
2 158 6498
2 3109 4235
2 7613 7879
2 869 4104
2 2735 5845
2 2247 4348
2 3052 4674
2 3764 7236
2 233 4141
2 2395 5705
2 4884 6751
2 4973 5522
2 4540 6024
2 5455 6511
2 289 1037
2 6167 7724
2 4125 5262
2 3885 6497
2 7825 7916
2 1445 7674
2 5967 6229
2 7509 7922
2 7902 7990
2 3939 5403
2 4799 7328
2 4361 7355
2 7997 7998
2 381 4652
2 3801 5549
2 4503 4821
2 3753 7591
2 129 864
2 386 701
2 4799 7720
2 5812 7008
2 7328 7582
2 3513 4919
2 293 7962
2 1090 5236
2 3650 6027
2 6772 7906
2 7888 7994
2 685 1972
2 1491 4282
2 1100 4396
2 6687 7249
2 2546 6520
2 7911 7924
2 4301 5648
2 757 3232
2 5793 5957
2 600 1417
2 6854 7584
2 7832 7836
2 3227 5195
2 1410 4384
2 6200 7002
2 1318 3201
2 2185 7149
2 2995 5407
2 5328 7499
2 3716 6933
2 4033 6168
2 1530 1690
2 2311 3791
2 3427 5740
2 740 6465
2 4357 4524
2 2562 7478
2 5726 6559
2 6422 7116
2 3900 6304
2 6167 6718
2 244 732
2 5794 6356
2 2897 3426
2 4768 6598
2 1194 5075
2 598 1254
2 2267 6635
2 3835 4523
2 2330 7837
2 5919 6411
2 3949 6390
2 6397 7266
2 234 1061
2 5205 6309
2 5899 7578
2 3185 6440
2 3191 7756
2 5797 6959
2 1168 5663
2 3496 7389
2 6325 7358
2 2284 7212
2 6884 7003
2 3923 4274
2 6632 7040
2 2542 7476
2 3464 5978
2 4555 7236
2 7236 7700
2 3387 5440
2 1903 5181
2 5832 6588
2 2444 6031
2 7837 8000
2 4781 5136
2 6447 7632
2 3887 6521
2 1899 7234
2 657 5595
2 7023 7673
2 6789 6844
2 3310 6877
2 1956 5854
2 924 3844
2 779 2866
2 4145 5288
2 4177 4903
2 4693 5590
2 3052 7626
2 1262 1952
2 7249 7692
2 7655 7773
2 201 4037
2 7638 7676
2 7745 7867
2 3684 5629
2 7464 7761
2 5134 5187
2 4816 6867
2 2579 3768
2 6572 7928
2 4457 7014
2 7773 7884
2 1493 2014
2 7362 7461
2 4251 4527
2 4177 4789
2 6444 7485
2 5276 7608
2 1311 6236
2 4192 4424
2 1664 7385
2 3073 7074
2 101 1512
2 1674 3396
2 5896 6088
2 2889 5856
2 7051 7235
2 26 5774
2 5686 7818
2 4352 5293
2 2911 5498
2 1686 3598
2 7438 7644
2 740 6752
2 4752 6637
2 2684 2882
2 794 5153
2 2113 2648
2 7887 7953
2 7303 7374
2 654 959
2 466 3580
2 663 7447
2 7310 7954
2 7604 7943
2 1207 2209
2 3644 4518
2 7321 7757
2 6952 7131
2 2445 4503
2 151 948
2 2313 5508
2 5377 5453
2 2214 4148
2 5401 7980
2 1782 5148
2 1434 1660
2 2325 4839
2 981 7926
2 7630 7936
2 3012 7579
2 7836 7944
2 7884 7928
2 3025 7801
2 1811 6917
2 2881 5564
2 7034 7791
2 1130 1915
2 2990 6819
2 2671 4308
2 922 5090
2 5902 7775
2 62 4456
2 3997 5297
2 2566 7723
2 1720 2836
2 4046 4753
2 6766 7253
2 782 994
2 1717 1737
2 802 2105
2 6630 7499
2 1254 6571
2 6273 7656
2 3568 4195
2 804 5255
2 3800 6222
2 7685 7704
2 4776 7927
2 5581 6961
2 1726 3876
2 3664 7700
2 3073 3598
2 6854 7866
2 453 881
2 6628 7737
2 6631 7136
2 7659 7781
2 2918 3540
2 6568 7971
2 6292 7679
2 5296 7154
2 4720 6685
2 2982 7415
2 4487 5396
2 5857 6923
2 6212 6627
2 1480 6113
2 1920 3455
2 1594 7953
2 6838 7325
2 4976 5998
2 7383 7833
2 3626 7632
2 4072 5981
2 2180 7815
2 5008 7949
2 5101 7338
2 1707 2249
2 4902 5154
2 1766 5128
2 2989 4958
2 4511 4594
2 1105 2169
2 4908 6585
2 4187 5688
2 1956 4761
2 5881 7630
2 5568 7950
2 3961 6934
2 1912 7337
2 1867 6913
2 3504 7056
2 1883 4097
2 3220 3587
2 7812 7983
2 4742 5052
2 5103 6714
2 7381 7480
2 2313 4750
2 7102 7844
2 533 3466
2 7508 7940
2 5417 6772
2 5077 6699
2 4486 7012
2 2067 5920
2 552 1974
2 7704 7936
2 2298 4989
2 6602 7110
2 3622 7183
2 5364 6374
2 4375 5221
2 1175 6482
2 3043 3919
2 3484 3972
2 5195 6218
2 7111 7455
2 5280 6930
2 4526 5237
2 5764 7540
2 6348 6431
2 4529 4875
2 2298 6533
2 6189 6854
2 4172 5747
2 2589 2993
2 4558 7604
2 6243 6752
2 1033 1472
2 4892 6110
2 1971 5051
2 3734 5803
2 1283 3276
2 2660 4506
2 7351 7895
2 2517 3178
2 6093 7866
2 5232 7409
2 4831 5950
2 2417 2462
2 676 3233
2 7261 7647
2 4751 5468
2 1775 3592
2 1617 6810
2 1762 6786
2 7090 7766
2 625 3170
2 5757 6489
2 848 4236
2 5161 7062
2 2277 4825
2 934 2668
2 2742 3055
2 3681 6796
2 3469 7121
2 5120 6317
2 3269 5680
2 5513 6133
2 6982 7423
2 5364 6818
2 2754 6554
2 7485 7980
2 6437 7083
2 4522 6536
2 7690 7883
2 3741 4125
2 4616 7466
2 7807 7940
2 1208 4237
2 3486 6493
2 7865 7900
2 7341 7853
2 5585 7292
2 7001 7244
2 5222 6514
2 3943 7539
2 1088 1834
2 1316 6635
2 3144 6702
2 187 2022
2 2854 3084
2 4043 7852
2 6837 7607
2 454 1128
2 604 3084
2 1332 7517
2 942 4231
2 5012 5628
2 1783 1956
2 3602 5591
2 2183 6937
2 1337 5618
2 2598 5552
2 6943 6951
2 2641 3181
2 6637 7755
2 2774 4306
2 6078 6233
2 2476 7622
2 1147 2270
2 5645 6706
2 6871 7413
2 1269 5428
2 6565 7062
2 186 4695
2 5817 5817
2 7254 7513
2 2579 6452
2 6761 7596
2 3877 5444
2 7542 7991
2 6103 7774
2 3823 7086
2 2659 2675
2 2900 5014
2 1056 4448
2 6948 7449
2 7873 7954
2 674 7695
2 4539 7063
2 2929 4697
2 574 5519
2 5319 5708
2 1382 7833
2 33 5552
2 6227 7013
2 4542 5451
2 3362 7199
2 1736 6503
2 3305 6659
2 2994 5176
2 5041 5541
2 2161 3308
2 5897 6026
2 1584 2009
2 5166 5969
2 1565 6709
2 3491 6670
2 663 1412
2 2526 5269
2 5362 7668
2 2894 7118
2 4490 6783
2 1688 4840
2 4181 6719
2 2438 2808
2 3727 5932
2 6009 7478
2 1124 7172
2 147 1495
2 2905 4642
2 6885 7224
2 3751 7254
2 4705 5426
2 782 4772
2 2981 7511
2 7361 7964
2 2210 4854
2 1314 6089
2 3588 3858
2 611 4376
2 4365 7172
2 2501 5742
2 2183 4023
2 4550 7451
2 6229 6463
2 6018 7344
2 1670 2942
2 1227 6742
2 3850 5177
2 558 976
2 2694 7599
2 2704 6202
2 635 3336
2 2476 7800
2 1171 3827
2 3811 4946
2 5885 7240
2 5810 6452
2 7253 7730
2 478 848
2 6644 7394
2 2354 5405
2 6228 7136
2 993 6213
2 4367 4457
2 4130 5911
2 7245 7473
2 1914 2126
2 1377 7336
2 1806 5699
2 2728 4355
2 7951 7983
2 2409 6753
2 262 6455
2 1166 3242
2 6129 6682
2 2185 3827
2 3821 5813
2 1076 5829
2 6839 7507
2 1064 2092
2 5860 7719
2 2642 3980
2 5774 7271
2 1792 3849
2 6663 7125
2 7038 7046
2 581 2462
2 809 2341
2 3562 3901
2 2999 6251
2 1528 6271
2 2135 5000
2 1316 4297
2 3801 4474
2 6125 6215
2 4460 6501
2 949 6720
2 7474 7961
2 4387 5828
2 6934 7480
2 3699 4499
2 3324 4481
2 953 6132
2 7747 7942
2 5879 6563
2 3337 3784
2 812 3798
2 4685 6864
2 4978 6701
2 838 4045
2 1255 5590
2 1021 4380
2 7227 7622
2 4660 5394
2 3378 5872
2 4189 6036
2 200 4821
2 3622 7787
2 5441 7999
2 6341 7109
2 5971 6937
2 2043 3092
2 1406 7652
2 1960 2873
2 1632 3466
2 5698 6111
2 7454 7518
2 76 3770
2 6876 7667
2 6317 7223
2 1805 6995
2 6098 6859
2 6392 6823
2 3147 5943
2 238 5196
2 2994 6379
2 7944 7996
2 7395 7544
2 5495 6078
2 3589 4807
2 2477 4841
2 3803 5766
2 5706 6578
2 7165 7166
2 5756 6227
2 3891 4085
2 7411 7619
2 7851 7918
2 4457 6230
2 6708 6843
2 5438 5742
2 4744 6754
2 5550 6557
2 488 2224
2 6003 6553
2 4875 6248
2 5179 6475
2 5957 6677
2 1883 2765
2 6347 6495
2 599 6643
2 2764 3132
2 5165 7092
2 6480 6518
2 5822 5830
2 6910 7127
2 4322 6956
2 4966 5455
2 679 918
2 4433 7629
2 7971 7978
2 6781 7381
2 2378 7337
2 5840 6873
2 6388 6472
2 7738 7850
2 1883 1946
2 7317 7550
2 3413 6662
2 3201 3675
2 6537 7362
2 7959 7975
2 5323 5979
2 1717 2643
2 266 6116
2 7597 7881
2 7980 7996
2 818 6409
2 3493 5147
2 6161 6275
2 5275 5785
2 6341 6675
2 7943 7972
2 7062 7206
2 2921 5537
2 156 5777
2 7632 7792
2 857 7476
2 6163 6657
2 3927 4672
2 2682 6811
2 4943 6802
2 4657 6777
2 1669 6316
2 1017 2199
2 2895 5543
2 1348 4603
2 2804 4305
2 2964 3313
2 6108 7325
2 375 5461
2 1642 1975
2 3957 4147
2 5559 5992
2 2584 3839
2 1867 2644
2 5801 6186
2 4705 5781
2 146 2856
2 6610 7294
2 3311 3513
2 2327 6611
2 2607 3392
2 5932 6230
2 3972 5853
2 1252 6616
2 1626 6583
2 517 6228
2 1511 1570
2 979 1889
2 549 610
2 7446 7988
2 5486 7950
2 7684 7943
2 6730 6901
2 2015 3599
2 3915 5437
2 5873 7328
2 4218 6203
2 1720 3972
2 4446 7980
2 7764 7962
2 3465 4823
2 666 7715
2 786 6369
2 6708 7660
2 7476 7589
2 5286 6831
2 7291 7751
2 6478 7674
2 5545 6385
2 6342 7330
2 7564 7642
2 2066 4449
2 4841 6833
2 3556 4757
2 1655 5584
2 5234 6546
2 3910 3989
2 3707 7531
2 3528 4739
2 5558 6828
2 5566 6164
2 4223 4572
2 1321 4926
2 7553 7750
2 4733 5730
2 4864 7097
2 6872 7875
2 6886 7128
2 6335 7123
2 3539 4541
2 3160 6858
2 1818 4862
2 5614 5943
2 655 7449
2 4344 7138
2 1106 6910
2 2810 4910
2 6969 7829
2 5924 6098
2 4185 6350
2 5143 5607
2 2096 3708
2 6716 7521
2 3652 7311
2 823 1439
2 3137 5657
2 4275 5882
2 384 6231
2 2354 7093
2 3181 5677
2 6580 7103
2 7653 7765
2 6855 7593
2 7228 7682
2 1247 6717
2 7768 7806
2 2292 2582
2 125 2134
2 6717 7787
2 7223 7380
2 2043 2096
2 1458 1816
2 6921 7022
2 1533 3565
2 1091 6021
2 7215 7720
2 7643 7919
2 7630 7727
2 6226 7321
2 4460 5078
2 3951 4544
2 873 7575
2 4913 7057
2 2135 6524
2 2532 6593
2 6545 7801
2 7661 7901
2 7370 7706
2 2058 7136
2 3005 5932
2 138 5984
2 7025 7337
2 1189 7802
2 4258 7884
2 4956 7979
2 5658 5712
2 5266 6091
2 5879 6097
2 2867 7028
2 7497 7704
2 5787 5933
2 7255 7297
2 7299 7665
2 5008 6955
2 2359 7713
2 12 3076
2 7409 7735
2 2291 2638
2 2657 2836
2 6285 6595
2 7071 7937
2 2439 7129
2 4149 4872
2 3408 4853
2 1965 3970
2 4285 5967
2 5698 6107
2 5588 6962
2 3941 7294
2 7842 7897
2 5067 5289
2 1530 5837
2 3064 7460
2 3732 5720
2 6164 6954
2 6956 7627
2 577 4437
2 683 778
2 3453 6801
2 7595 7883
2 1720 7697
2 2968 7226
2 3194 5895
2 6779 7472
2 1874 6877
2 1944 2075
2 7004 7532
2 6440 7053
2 4714 7384
2 4261 4764
2 5295 6458
2 768 2080
2 7136 7373
2 961 5872
2 6251 7443
2 4755 6074
2 5960 6147
2 2035 2362
2 4875 5277
2 4882 7000
2 144 3836
2 6215 6513
2 5774 7709
2 7419 7811
2 4523 6286
2 6753 7453
2 5296 6269
2 4868 7706
2 936 2794
2 1084 7847
2 4556 6073
2 6044 7875
2 326 7443
2 2526 4976
2 4403 4867
2 1040 1351
2 640 4729
2 1702 7471
2 2816 3740
2 4587 4952
2 6506 7962
2 2155 5163
2 7251 7741
2 6050 6448
2 743 2582
2 7813 7955
2 396 4139
2 2914 4614
2 3058 3836
2 7517 7684
2 5222 5450
2 308 3339
2 993 5553
2 1241 2594
2 6789 7475
2 3180 7077
2 1763 1987
2 5603 7003
2 4582 7963
2 6668 7256
2 7237 7666
2 4303 7339
2 7375 7772
2 6243 6291
2 843 1224
2 6513 7292
2 3882 7121
2 4403 6430
2 5800 6727
2 4595 5027
2 6988 7887
2 5168 5249
2 2105 3691
2 6106 6780
2 3438 6642
2 7217 7539
2 3591 3643
2 7523 7621
2 6861 7567
2 7819 7886
2 2408 5542
2 1244 5648
2 5590 7042
2 5714 5923
2 6156 6843
2 7186 7488
2 6700 7050
2 1182 5167
2 4182 4380
2 1501 7100
2 3598 4601
2 7879 7918
2 2917 2980
2 2382 5678
2 69 7560
2 2028 7553
2 6465 7833
2 3848 6582
2 3640 5339
2 6635 7744
2 7354 7825
2 7575 7586
2 3875 4472
2 7732 7779
2 3483 7997
2 5869 7985
2 4486 6265
2 984 5927
2 5446 6408
2 7578 7929
2 578 5207
2 2667 6578
2 5933 6451
2 1298 3618
2 2850 6506
2 597 2125
2 6765 7128
2 1893 3563
2 3619 7536
2 5387 5487
2 7387 7678
2 6753 7186
2 3862 7664
2 3870 4746
2 576 1417
2 1394 6869
2 4049 4057
2 3601 4284
2 356 2434
2 2411 4321
2 417 650
2 1201 5635
2 1241 4214
2 3859 7063
2 7907 7948
2 2906 5923
2 7415 7508
2 7011 7864
2 6669 7852
2 4575 5973
2 6425 7853
2 7357 7883
2 7895 7996
2 2066 5832
2 4290 7972
2 2403 7026
2 21 5526
2 4981 7770
2 5526 7767
2 282 517
2 731 5222
2 6290 6986
2 1245 2546
2 2792 6892
2 6768 7364
2 4273 5191
2 7064 7333
2 7227 7798
2 6438 7073
2 2980 7458
2 5736 6416
2 4013 6781
2 6351 7833
2 7998 7999
2 6611 6687
2 7193 7244
2 1215 3169
2 3418 3840
2 3689 7871
2 5144 7067
2 937 5044
2 7155 7322
2 5924 7529
2 2818 7664
2 6601 7874
2 5117 7292
2 2506 7030
2 1827 6357
2 7112 7158
2 1888 6196
2 3681 7254
2 1559 5096
2 7015 7139
2 3013 6387
2 1583 6221
2 4314 7549
2 3876 4068
2 6069 7994
2 2212 3299
2 1706 4216
2 3178 5148
2 1355 6593
2 5681 6521
2 1001 5011
2 2289 7705
2 4585 6000
2 3172 7334
2 2572 4392
2 4803 6154
2 762 3078
2 4789 5436
2 1736 3082
2 6975 6980
2 6278 7810
2 35 1392
2 7216 7433
2 1626 6132
2 5357 7365
2 3431 4475
2 5208 7514
2 3479 6151
2 5745 6757
2 3730 7069
2 3627 4625
2 1390 6788
2 7659 7727
2 1956 2796
2 7978 7988
2 7429 7826
2 7583 7646
2 6464 7039
2 3087 3458
2 4734 6116
2 906 5657
2 2632 5521
2 7817 7947
2 1477 4599
2 4679 5874
2 212 1895
2 1793 3936
2 651 3547
2 6543 7139
2 6346 6528
2 7853 7866
2 3813 5803
2 5819 6159
2 2898 5664
2 3481 7404
2 4241 5835
2 7476 7845
2 5754 7264
2 896 1062
2 1881 6980
2 7431 7800
2 5080 7243
2 6975 6997
2 4190 6112
2 2540 4966
2 7080 7792
2 1398 2642
2 5785 6558
2 3670 5258
2 306 6428
2 6381 6969
2 4391 6508
2 1532 1905
2 7923 7973
2 5045 5803
2 4277 5141
2 3154 7971
2 740 6682
2 5525 7657
2 639 2947
2 1707 2038
2 3357 4472
2 6256 7696
2 5349 6862
2 2540 5403
2 2073 6931
2 120 3520
2 4154 4975
2 6534 7398
2 1563 7345
2 114 3271
2 6711 7903
2 5444 7909
2 5126 6982
2 6809 7053
2 6949 7161
2 4502 5625
2 4950 6736
2 2832 5345
2 1014 5179
2 365 4196
2 6351 6791
2 3750 6658
2 1381 6265
2 7180 7724
2 2449 3778
2 2132 2263
2 486 6104
2 738 5605
2 2051 6874
2 455 3242
2 4065 6287
2 2792 4236
2 6520 6574
2 1260 4943
2 322 6655
2 7420 7807
2 6611 6961
2 1559 4646
2 6894 6894
2 879 6560
2 4647 4945
2 5630 5872
2 1512 5564
2 1311 5015
2 2719 6556
2 7337 7585
2 1687 2286
2 2161 6479
2 1329 3370
2 2848 5299
2 2695 5725
2 487 672
2 1944 2234
2 4997 6110
2 7375 7415
2 3720 5752
2 2491 5062
2 5251 6791
2 5080 7308
2 841 7988
2 5651 6494
2 630 5543
2 7026 7670
2 806 1281
2 3523 7461
2 6644 7013
2 3951 5622
2 2560 6289
2 4046 5724
2 2548 4347
2 6093 6310
2 68 6012
2 6329 7850
2 4425 6516
2 5323 5640
2 4682 7211
2 7821 7947
2 7366 7694
2 4950 6351
2 3053 4902
2 3658 6233
2 4053 6460
2 4435 5785
2 3179 3820
2 2417 4049
2 628 1853
2 4097 6423
2 4236 7085
2 1549 7999
2 5383 6394
2 7399 7865
2 799 1091
2 854 5931
2 1386 6247
2 1300 5012
2 1856 5528
2 3007 5515
2 7949 7990
2 5016 6641
2 4677 7662
2 5508 6783
2 5740 6033
2 1440 5632
2 3639 4512
2 7718 7928
2 931 4413
2 5980 6558
2 5311 5408
2 5598 7281
2 297 996
2 7217 7308
2 2339 5655
2 2752 7581
2 7298 7766
2 1727 7298
2 3564 6041
2 2946 4467
2 7957 7967
2 6664 7199
2 7340 7464
2 830 7318
2 4944 6187
2 3482 5144
2 854 1278
2 5570 7349
2 4830 5195
2 5923 7506
2 2141 7445
2 882 7741
2 6632 6921
2 7487 7506
2 6848 7252
2 371 5008
2 6734 7545
2 1498 3493
2 7227 7733
2 2437 7539
2 2743 6134
2 7895 7903
2 7578 7891
2 3990 5933
2 4395 5738
2 4524 4931
2 1406 7525
2 1416 3094
2 4008 5561
2 199 282
2 6967 7604
2 1589 7470
2 7700 7866
2 5359 7072
2 2363 3549
2 6907 7599
2 3689 5845
2 7767 7901
2 2440 4787
2 4126 4388
2 4464 4861
2 3266 5255
2 3765 6245
2 2188 2327
2 4492 5016
2 292 574
2 1743 2388
2 5502 5858
2 5761 6015
2 4430 6058
2 3294 6668
2 6750 7440
2 4649 7173
2 6236 7842
2 1071 2659
2 7157 7426
2 5016 5329
2 2033 3427
2 6731 6797
2 5958 7345
2 7541 7961
2 6930 7267
2 1940 3009
2 212 3618
2 7453 7467
2 3468 3788
2 4129 6576
2 1150 3338
2 6368 6953
2 5036 6666
2 7314 7969
2 6189 6247
2 5113 6215
2 1207 3779
2 5548 7092
2 3926 6674
2 2266 4250
2 6102 6841
2 7469 7538
2 2111 6180
2 1061 2865
2 4550 7369
2 7142 7302
2 4524 7581
2 4421 6942
2 7536 7790
2 5766 6487
2 4834 6379
2 244 3579
2 2869 5425
2 6831 7556
2 6067 6360
2 2594 4378
2 2413 4412
2 7843 7910
2 4397 5629
2 5198 7109
2 5473 7060
2 6443 7239
2 4551 7759
2 6700 6878
2 267 7763
2 2635 6382
2 220 1303
2 4665 7683
2 2610 6661
2 5759 7501
2 4911 7182
2 6874 7019
2 5528 7698
2 486 5140
2 6149 7191
2 4654 6254
2 5607 7490
2 1801 4427
2 813 2881
2 4772 6985
2 2704 3720
2 4668 4931
2 494 6261
2 4840 5645
2 200 7260
2 4782 7392
2 5806 7745
2 4722 4977
2 2024 6850
2 1333 2426
2 3749 7888
2 7745 7769
2 333 4098
2 4963 6467
2 3522 6387
2 5550 6734
2 7394 7493
2 6634 7137
2 6874 7035
2 2795 3095
2 6143 6388
2 6453 6962
2 2916 5528
2 6954 7442
2 1112 4785
2 6789 7312
2 4268 4672
2 5357 7791
2 4763 5935
2 4223 6758
2 1911 5903
2 545 3861
2 981 5163
2 1802 6481
2 1164 3318
2 89 1293
2 4349 6727
2 6499 7351
2 4970 5914
2 1516 4055
2 7468 7870
2 3494 7170
2 594 7311
2 7733 7832
2 6902 7113
2 7503 7934
2 6773 7409
2 7864 7888
2 5311 7363
2 3536 7092
2 7800 7873
2 4100 6640
2 3616 7013
2 509 4636
2 3817 7893
2 6963 7303
2 1251 2575
2 431 6999
2 3984 7483
2 5641 6315
2 6090 7772
2 7699 7753
2 7349 7401
2 4756 6547
2 6668 7136
2 5591 6510
2 4598 6198
2 4180 5699
2 744 3661
2 1351 5121
2 2569 5276
2 1142 4434
2 7047 7765
2 5053 6778
2 3758 7798
2 3406 3701
2 3973 6095
2 2182 6256
2 5934 6027
2 6141 7210
2 2672 3129
2 5182 6661
2 2857 3934
2 2119 2902
2 3579 7626
2 4444 6886
2 1687 6979
2 7691 7858
2 7005 7867
2 4740 7994
2 109 3793
2 2623 5545
2 4 7614
2 6449 6941
2 2572 7186
2 2269 5590
2 2218 7939
2 7448 7563
2 6810 7886
2 4321 4447
2 4961 5209
2 2304 5415
2 1302 2260
2 5057 7669
2 2739 6037
2 5000 6403
2 4125 6686
2 3895 7841
2 3753 4892
2 7115 7744
2 4922 4928
2 161 796
2 2793 5101
2 6885 7635
2 5410 7198
2 7598 7724
2 4454 5604
2 2419 7971
2 3702 5411
2 3729 5510
2 1962 5169
2 4565 5860
2 5407 7521
2 3180 7860
2 3056 5112
2 7994 7999
2 7479 7982
2 1339 1828
2 3994 6397
2 7860 7895
2 5118 5902
2 3189 3568
2 4359 4637
2 6056 6202
2 7941 7991
2 7013 7816
2 7579 7851
2 7037 7992
2 6455 6521
2 2640 2887
2 1046 5543
2 6109 6741
2 911 6258
2 3820 5828
2 3853 4774
2 1006 1981
2 110 4833
2 4539 6601
2 4431 7357
2 7380 7707
2 5979 7397
2 4747 7083
2 4613 5493
2 7918 7935
2 5036 7164
2 1002 5651
2 4484 7147
2 5805 6596
2 7626 7719
2 1489 7291
2 2993 7355
2 544 4747
2 3552 6383
2 2341 3715
2 1318 1793
2 7616 7864
2 6894 7343
2 2343 4724
2 274 491
2 4600 5868
2 3727 6638
2 484 6063
2 7054 7183
2 7578 7714
2 995 2756
2 1155 4303
2 1741 6062
2 3227 4260
2 7633 7832
2 6167 7945
2 1720 2762
2 2643 2988
2 959 2993
2 6681 7984
2 6344 7514
2 5338 6250
2 5905 6129
2 7865 7949
2 7907 7957
2 299 6593
2 3795 6344
2 7935 7982
2 433 5339
2 515 6959
2 2238 5650
2 4398 6111
2 1377 4793
2 4024 7436
2 7418 7888
2 5284 6561
2 415 2157
2 4673 5782
2 1963 6729
2 2755 4467
2 7648 7928
2 2923 5393
2 5198 7940
2 873 5684
2 1908 4179
2 5953 6082
2 2573 4282
2 1647 2585
2 5543 7526
2 4513 4899
2 2931 3360
2 6844 7419
2 3309 4056
2 3609 3703
2 4983 6920
2 5540 6094
2 5259 6601
2 6757 6814
2 4760 5179
2 889 5943
2 2509 2821
2 5228 7909
2 7742 7789
2 2852 4263
2 2948 5454
2 3931 6667
2 291 6642
2 1882 4269
2 3012 5104
2 993 6425
2 7465 7873
2 912 6935
2 7872 7974
2 6886 7359
2 4519 5222
2 2355 7587
2 5279 6204
2 4060 5432
2 5472 7280
2 5249 5543
2 5808 7744
2 6027 7279
2 3438 4797
2 936 2483
2 6178 7818
2 7882 7943
2 3399 5549
2 5186 7464
2 7990 7990
2 2501 7556
2 7269 7781
2 5296 5869
2 4970 6197
2 5864 6424
2 2221 5265
2 5745 7616
2 4365 5417
2 3190 3350
2 4116 6465
2 818 1223
2 6340 7717
2 6469 6820
2 2288 2341
2 922 7972
2 2608 4096
2 1666 2526
2 7240 7477
2 5528 7172
2 835 4386
2 3958 4454
2 7020 7298
2 1112 5710
2 3980 6288
2 2347 4927
2 5181 6530
2 6346 7143
2 4905 5804
2 4524 5579
2 4016 6730
2 2786 7815
2 1591 3715
2 1033 2154
2 876 5232
2 461 921
2 2693 7914
2 7252 7533
2 5 1938
2 6679 6835
2 2997 3278
2 3494 3948
2 5916 7441
2 3634 6315
2 7795 7845
2 6027 7443
2 7555 7683
2 6849 7954
2 152 2267
2 182 1551
2 7397 7772
2 4100 4173
2 4320 4515
2 4705 6985
2 3253 5923
2 1204 1925
2 2993 7977
2 4695 6231
2 953 7357
2 5761 7539
2 3133 3257
2 705 5941
2 410 4973
2 6047 6895
2 2912 6134
2 4938 7741
2 4421 6803
2 4734 4985
2 6337 7052
2 6438 7535
2 7013 7790
2 5844 7785
2 6773 7010
2 1203 2540
2 7306 7796
2 7923 7967
2 1927 3191
2 3174 5042
2 6126 6785
2 2859 7097
2 4659 7452
2 4046 7189
2 3079 4897
2 7587 7587
2 7992 7992
2 6474 6847
2 2884 4741
2 7792 7805
2 1835 6434
2 3823 7182
2 3073 6719
2 3879 5595
2 2698 3844
2 4220 5173
2 7100 7230
2 3823 7202
2 3275 7107
2 6088 6634
2 558 3454
2 3981 7515
2 2709 5252
2 4010 5977
2 6389 7076
2 6852 7913
2 5331 7156
2 7610 7841
2 102 906
2 3666 7965
2 7058 7811
2 3451 5350
2 4367 6919
2 4488 7049
2 3732 5940
2 4360 5960
2 7630 7710
2 5379 6701
2 7973 7988
2 5152 6466
2 5602 6853
2 352 5639
2 7887 7990
2 5378 7454
2 2327 3066
2 5665 7504
2 6051 6388
2 6632 7895
2 5769 7710
2 1505 4898
2 3588 5977
2 5033 7463
2 6395 6396
2 7493 7841
2 7357 7373
2 699 6776
2 3460 5884
2 2238 5964
2 5738 7035
2 6531 6958
2 3072 6349
2 5133 5794
2 2987 3399
2 832 4581
2 5831 7962
2 3554 7572
2 780 1062
2 4371 5641
2 399 5325
2 6411 7207
2 3276 4576
2 2095 5111
2 4993 7342
2 2237 4906
2 5768 6250
2 2369 5071
2 3692 3714
2 1976 6438
2 5497 7494
2 967 6233
2 7237 7652
2 4434 5407
2 6071 7338
2 7636 7640
2 267 495
2 5598 6455
2 6069 6916
2 5807 7927
2 4091 7958
2 318 7689
2 2192 7363
2 5625 6528
2 3724 4421
2 1357 6830
2 2297 5062
2 4216 6805
2 241 5824
2 1023 6630
2 5097 5994
2 88 2291
2 3273 5604
2 6316 6880
2 7366 7763
2 5449 7912
2 346 1094
2 1415 6856
2 2107 2365
2 7826 7988
2 1979 4261
2 4262 5336
2 4579 7633
2 6757 6890
2 3094 4277
2 5120 6999
2 6719 7750
2 5887 6302
2 1427 2095
2 4800 6046
2 3764 4712
2 4474 6773
2 1178 2512
2 1703 6406
2 421 756
2 5608 6951
2 481 1939
2 6802 7856
2 7051 7533
2 2748 3398
2 2109 6519
2 4090 4484
2 1314 2386
2 7341 7754
2 3478 7014
2 4664 7199
2 7014 7307
2 1364 3457
2 7330 7648
2 7630 7992
2 2440 5769
2 3434 3979
2 7034 7722
2 6089 7372
2 1502 3628
2 4053 4897
2 861 1860
2 3203 5181
2 5710 6927
2 3939 5868
2 620 2297
2 2362 7135
2 1526 1774
2 1974 5704
2 40 50
2 231 6278
2 244 5117
2 7135 7216
2 1575 7388
2 2004 6514
2 3243 4192
2 1231 7355
2 1199 1862
2 7703 7927
2 5871 6560
2 1 5161
2 4783 7744
2 2674 7855
2 782 2836
2 3934 6878
2 5187 5335
2 7574 7942
2 4649 6400
2 1024 6048
2 2672 6900
2 387 5322
2 4181 4650
2 6524 6598
2 6194 7906
2 4411 6681
2 1019 7542
2 2496 6135
2 520 5554
2 4811 7865
2 2818 3267
2 1726 7745
2 3157 3557
2 7851 7864
2 1270 2255
2 2703 5974
2 2317 4690
2 6899 7774
2 1302 7153
2 4493 6882
2 5230 5848
2 2197 2551
2 6091 7850
2 4843 7937
2 5081 5679
2 3522 3933
2 2262 2900
2 3395 6308
2 4230 5615
2 1470 4189
2 2855 7364
2 1844 7074
2 6100 7588
2 338 5115
2 319 7445
2 7523 7612
2 1042 3832
2 946 3117
2 7344 7788
2 6077 7853
2 5480 6888
2 6293 6945
2 5670 6036
2 7575 7683
2 1366 6972
2 988 2760
2 5735 6749
2 3542 5166
2 6332 6666
2 2690 5400
2 7276 7846
2 6183 6290
2 2702 5571
2 4472 5506
2 6535 7641
2 6351 6980
2 1381 4662
2 3618 4320
2 6818 7444
2 2075 6689
2 5709 6745
2 77 1133
2 2889 4612
2 1911 2179
2 1689 5048
2 4153 5527
2 2782 6418
2 2592 5397
2 2312 4547
2 7398 7851
2 2623 6881
2 1948 6749
2 5704 7423
2 5204 7615
2 2630 3776
2 7211 7373
2 7322 7613
2 4654 5957
2 4711 5284
2 2459 5904
2 5186 7182
2 7907 7909
2 5155 5211
2 2797 5515
2 6429 6663
2 5256 6998
2 7441 7891
2 6874 7820
2 7075 7091
2 4236 5632
2 273 4306
2 3452 7679
2 3077 3229
2 2044 4269
2 2362 6175
2 5009 7412
2 4815 7388
2 3069 6505
2 2143 3446
2 6437 6967
2 3538 7808
2 3409 6013
2 1802 5436
2 6974 7236
2 5437 5628
2 4904 6841
2 6903 7798
2 7811 7919
2 5528 7731
2 3635 5653
2 5896 7758
2 4738 6669
2 6738 7691
2 6518 6721
2 3587 4709
2 7406 7814
2 4454 7486
2 6217 7008
2 5411 6512
2 4628 7620
2 5827 7080
2 5068 7207
2 2167 3661
2 5746 7865
2 7098 7928
2 29 4083
2 3423 6437
2 3960 6301
2 1827 6164
2 2606 5188
2 7516 7565
2 2432 4904
2 4840 6886
2 4333 7754
2 403 5091
2 5386 6956
2 2764 5284
2 1756 2787
2 2773 4018
2 4831 6907
2 597 1843
2 4960 7800
2 1355 6552
2 6486 7110
2 747 6972
2 6303 7660
2 5520 7032
2 4399 7872
2 163 5963
2 1879 2230
2 7416 7574
2 468 3535
2 1689 4382
2 3009 4196
2 4927 7703
2 3609 7121
2 7721 7886
2 4672 5471
2 165 388
2 4216 5682
2 4975 7821
2 5637 6149
2 7469 7822
2 4074 5010
2 3539 6999
2 2052 3830
2 7525 7825
2 262 1298
2 7249 7525
2 7236 7648
2 5187 6151
2 5980 6176
2 5481 6668
2 7361 7643
2 6370 7186
2 7251 7857
2 2817 5005
2 3589 7807
2 603 5079
2 7375 7625
2 2760 2900
2 1853 5795
2 1738 6666
2 709 4118
2 1336 2872
2 1535 2791
2 4718 6401
2 5426 5882
2 7322 7695
2 3309 3463
2 3061 3404
2 5226 5589
2 3980 5337
2 6397 6965
2 6602 6621
2 5481 7978
2 268 6082
2 1995 4606
2 1228 1444
2 930 7952
2 1269 2573
2 890 895
2 7633 7749
2 2618 6730
2 419 970
2 5402 7834
2 1446 7896
2 3754 7441
2 715 3439
2 6061 7076
2 1859 2044
2 1290 5997
2 3182 7706
2 4587 5903
2 2326 2946
2 1337 6830
2 7829 7917
2 4237 4751
2 7499 7511
2 5762 7254
2 918 2026
2 813 4398
2 1460 2069
2 528 5698
2 2088 5642
2 2396 4701
2 1564 5547
2 6730 6910
2 2102 5324
2 914 4691
2 7044 7428
2 3910 7743
2 1570 3311
2 1193 3455
2 4498 7932
2 4301 4722
2 7046 7184
2 2842 3705
2 1925 3464
2 7124 7874
2 34 7662
2 2401 5092
2 1161 2258
2 3525 6203
2 1189 3987
2 5005 6703
2 3993 6539
2 3572 3995
2 764 6163
2 4353 6637
2 1431 7134
2 1678 3888
2 2784 7820
2 6791 6901
2 3691 7962
2 3829 6760
2 6783 7887
2 2177 5974
2 2793 7195
2 3607 4544
2 5034 7880
2 2256 6009
2 4178 7401
2 7447 7984
2 4715 7620
2 1488 2303
2 384 5802
2 1021 4105
2 5583 5719
2 2785 7327
2 4736 7012
2 4041 5902
2 5697 7369
2 6487 6976
2 1693 7525
2 4463 7373
2 6548 7736
2 4033 7706
2 1165 6542
2 5069 7242
2 7046 7202
2 5137 7388
2 7703 7713
2 3362 5882
2 6222 6649
2 1949 4964
2 6368 6738
2 1050 1281
2 6037 7311
2 2754 4106
2 463 4643
2 6314 7871
2 6998 7180
2 912 1309
2 6803 7661
2 5433 5783
2 1486 1732
2 4292 5439
2 620 6671
2 5256 7627
2 7960 7982
2 2171 2354
2 4110 7977
2 6169 7168
2 1661 4449
2 2359 4342
2 3380 7525
2 7116 7124
2 4610 7890
2 6204 6702
2 6024 6902
2 7075 7315
2 6123 6668
2 4236 7915
2 3296 3478
2 5420 5635
2 5429 7072
2 258 4240
2 5415 7387
2 7688 7717
2 5305 6898
2 2745 3892
2 5277 7909
2 1163 6127
2 7698 7984
2 151 1781
2 328 2913
2 1737 5061
2 6712 7873
2 4842 7421
2 1008 5779
2 357 7825
2 3748 5939
2 1652 2047
2 6321 6841
2 3849 7665
2 1123 1905
2 4154 4747
2 902 4542
2 1433 1845
2 2874 7978
2 6440 6863
2 5900 6009
2 496 2834
2 3246 4364
2 292 2892
2 6655 7679
2 12 164
2 4861 5358
2 4214 7674
2 7370 7470
2 7001 7407
2 3839 7667
2 3747 7623
2 3336 6918
2 6758 7256
2 3514 7439
2 6388 7523
2 1321 1354
2 5567 7461
2 5604 6455
2 6211 7363
2 1659 2613
2 3627 7895
2 7764 7875
2 3904 5854
2 6198 6510
2 1579 2966
2 4880 6625
2 6635 7282
2 7753 7900
2 537 3546
2 2526 5430
2 449 1215
2 7075 7283
2 3058 6665
2 5641 5960
2 1596 2223
2 292 1259
2 4991 6923
2 462 3186
2 1945 6103
2 2965 3118
2 7380 7821
2 1629 4013
2 3815 5338
2 7400 7469
2 3579 6889
2 6374 7478
2 3347 5550
2 1692 6506
2 167 7012
2 4619 5426
2 6717 6830
2 2045 5354
2 751 6866
2 6739 7154
2 5504 6366
2 6518 6522
2 3069 5384
2 253 7408
2 2974 4235
2 1688 5695
2 1967 6729
2 6677 7955
2 2401 4734
2 4376 5650
2 198 7152
2 2231 7453
2 4826 7247
2 2632 4380
2 6500 6621
2 6855 7069
2 1145 3324
2 2948 5651
2 4971 6357
2 5636 6013
2 1083 4004
2 4327 7240
2 5632 7597
2 5539 6312
2 5028 6048
2 5005 7219
2 7637 7796
2 2040 5415
2 7497 7780
2 2400 3695
2 2828 5432
2 2597 4342
2 7646 7776
2 7587 7983
2 1978 3753
2 1167 1790
2 1866 3564
2 3184 5260
2 2572 4881
2 5286 5359
2 5675 7799
2 6798 7691
2 2278 4132
2 6094 6768
2 3455 4990
2 7455 7699
2 6411 6818
2 3519 4652
2 3229 7256
2 7027 7810
2 1512 5818
2 910 3091
2 3748 3763
2 5905 7343
2 7910 7918
2 5695 7160
2 2700 6594
2 4701 5268
2 5826 7294
2 6548 7070
2 6111 7741
2 2551 4796
2 88 3044
2 6683 6998
2 6253 7136
2 1740 6121
2 4180 4281
2 2737 6729
2 528 2865
2 2534 6807
2 1148 7534
2 5529 6204
2 5719 6300
2 4533 7747
2 3636 6922
2 180 488
2 175 2975
2 7288 7493
2 2626 3763
2 6756 7180
2 1518 6046
2 2289 7382
2 4066 5822
2 810 1939
2 4636 4897
2 62 442
2 5570 6879
2 87 1141
2 7003 7090
2 923 7333
2 5960 7754
2 6508 7551
2 7258 7356
2 5239 6540
2 2544 5923
2 7190 7726
2 1416 5966
2 4562 7441
2 714 6028
2 6369 7657
2 6195 7212
2 1275 4744
2 3637 4063
2 5675 7222
2 2885 5021
2 137 1483
2 2441 5587
2 1449 3110
2 5393 6399
2 1974 5711
2 4920 6374
2 821 2721
2 5683 7160
2 2434 6834
2 1752 4776
2 1596 3415
2 3894 4992
2 5401 6868
2 2041 6838
2 2939 7665
2 3267 4935
2 4941 7357
2 4025 6826
2 22 5810
2 4675 7113
2 1848 4254
2 2191 3961
2 678 4051
2 3936 7956
2 5221 7723
2 6039 6395
2 6550 7303
2 6563 6991
2 6432 6553
2 2607 2939
2 2677 4743
2 4192 5605
2 5520 7507
2 3586 7809
2 2073 5131
2 5073 7278
2 4793 6747
2 3253 4061
2 5288 6235
2 459 2323
2 3841 5743
2 6796 7373
2 4197 5615
2 2272 4455
2 6807 7632
2 4477 6295
2 4603 6593
2 4495 5373
2 5687 7889
2 2941 3611
2 3523 6346
2 100 535
2 5406 7413
2 2971 7984
2 2796 6390
2 3747 7610
2 1964 4112
2 204 2572
2 7191 7903
2 1212 4676
2 3292 6640
2 4689 5754
2 3771 4580
2 4999 5788
2 1121 4289
2 4537 5643
2 6377 7007
2 4493 4874
2 5437 6557
2 7805 7822
2 2130 4142
2 4209 6892
2 1612 4049
2 2636 3770
2 6125 7085
2 6057 7901
2 3895 5199
2 387 7937
2 834 902
2 102 5697
2 6806 7680
2 567 3577
2 1623 3722
2 5171 6610
2 7263 7529
2 1214 5365
2 7842 7995
2 2824 6253
2 977 4424
2 3877 7084
2 7550 7768
2 1780 7184
2 5343 7127
2 624 4728
2 5481 5686
2 1191 6407
2 337 7959
2 7377 7388
2 1359 3514
2 4354 7573
2 7823 7961
2 5855 6720
2 2503 7539
2 7779 7820
2 1794 4725
2 5024 6466
2 2598 2769
2 4910 5142
2 2237 3956
2 897 3824
2 6344 7046
2 1045 1066
2 4724 6425
2 406 6298
2 7236 7619
2 7603 7635
2 3187 3673
2 3855 4065
2 6419 7788
2 645 4341
2 5023 6323
2 828 4659
2 2035 7682
2 7263 7444
2 661 1181
2 3442 4587
2 1584 7975
2 45 4761
2 2956 7010
2 3212 3540
2 3815 6774
2 5124 6273
2 7587 7908
2 1420 5437
2 1815 5045
2 947 7302
2 519 7987
2 2896 3778
2 7563 7857
2 804 7976
2 7938 7942
2 140 5723
2 2798 6771
2 2056 3036
2 1698 3710
2 6572 7970
2 7166 7638
2 4809 6763
2 2678 6654
2 3374 4424
2 6527 6924
2 2952 4932
2 5710 7224
2 1797 7916
2 4406 5764
2 3282 7322
2 7044 7056
2 1806 7527
2 6068 7172
2 464 6837
2 7436 7771
2 5058 6224
2 3348 7838
2 305 5391
2 181 5612
2 7607 7715
2 881 3948
2 3883 5402
2 2248 5765
2 6208 6273
2 1072 2183
2 6999 7637
2 7406 7926
2 6080 7787
2 6972 7328
2 6449 7936
2 1144 7096
2 6575 7276
2 7653 7711
2 6802 7569
2 7609 7806
2 973 5585
2 2961 4418
2 3287 4129
2 1791 6139
2 7546 7997
2 1269 5671
2 2270 5881
2 7268 7635
2 5548 6174
2 1298 2228
2 4049 7902
2 1964 6731
2 3575 5275
2 6163 7946
2 5005 6866
2 4999 6764
2 301 2922
2 1155 2754
2 3166 4123
2 6440 7583
2 7681 7846
2 4975 7325
2 2206 7515
2 4475 5339
2 6400 6640
2 4997 6790
2 3375 4642
2 1430 6695
2 3967 7752
2 868 1115
2 1423 3304
2 5075 5966
2 4954 5898
2 4483 6250
2 4792 7577
2 1476 5693
2 5625 6108
2 939 1794
2 5244 7820
2 1121 6809
2 7968 7989
2 7350 7558
2 5479 7101
2 316 1901
2 1337 4700
2 2771 7690
2 2057 3254
2 1175 2804
2 3606 7760
2 3194 5987
2 4516 6803
2 1368 4031
2 3779 5129
2 1328 7741
2 3525 7905
2 6578 7790
2 5554 6136
2 1464 1605
2 162 6496
2 5931 7301
2 908 4149
2 759 6828
2 2099 2195
2 6584 7822
2 3502 3590
2 4804 6430
2 6280 6344
2 6297 7667
2 3005 4374
2 6620 6957
2 1419 6428
2 2662 7170
2 5114 7155
2 7656 7713
2 7771 7835
2 2630 7460
2 7593 7872
2 3859 4186
2 6104 7334
2 7076 7784
2 734 4944
2 4315 6226
2 1391 2438
2 4227 5220
2 1009 2505
2 6460 7335
2 6045 6143
2 307 1083
2 1953 3481
2 3674 5535
2 5394 7268
2 933 6822
2 2787 6270
2 2311 2497
2 3005 5311
2 2714 4591
2 747 6996
2 1002 1280
2 917 1818
2 6234 7933
2 4356 5475
2 2877 4115
2 6165 6800
2 3911 5575
2 1262 3561
2 5872 6884
2 1406 7948
2 4272 7638
2 6282 7607
2 3544 6024
2 131 203
2 7005 7181
2 4938 5465
2 463 4746
2 2394 4163
2 7051 7521
2 168 7094
2 5790 7210
2 149 914
2 4804 7055
2 4907 7703
2 469 6827
2 334 1795
2 4413 5966
2 7435 7678
2 4776 5357
2 7584 7586
2 7589 7599
2 4649 7746
2 6638 7189
2 6776 7955
2 2794 3947
2 1367 6559
2 501 3784
2 2036 7154
2 4989 7999
2 6205 6753
2 5681 7780
2 2072 6094
2 3936 5113
2 1090 7205
2 6880 7226
2 7335 7764
2 5327 7151
2 7188 7345
2 6613 6646
2 2530 4175
2 7025 7750
2 3763 4924
2 3853 6080
2 6573 7371
2 95 1372
2 1189 5231
2 236 2437
2 7440 7984
2 7577 7908
2 37 4584
2 7299 7302
2 5641 5795
2 2023 2200
2 6408 6690
2 2495 6033
2 192 2230
2 6770 7263
2 4957 7442
2 5927 6360
2 5995 6185
2 3397 5353
2 6172 7966
2 1993 7057
2 1751 5425
2 5794 5859
2 108 4302
2 4959 7910
2 4965 7550
2 326 4055
2 6437 7879
2 7895 7984
2 2032 3210
2 1003 1037
2 3740 7481
2 4774 6820
2 6006 7726
2 7950 7981
2 4720 6928
2 1176 2043
2 3904 4072
2 6805 7371
2 4067 4279
2 5281 6283
2 1232 2654
2 3989 6222
2 846 7114
2 1956 5606
2 6910 7051
2 1268 4325
2 2513 3733
2 6105 7060
2 1263 1347
2 6899 7527
2 4257 6566
2 3785 5134
2 7502 7685
2 5518 6158
2 5638 6257
2 317 2279
2 1005 3272
2 1977 2554
2 1664 3700
2 5744 7098
2 7735 7862
2 3597 5154
2 4095 4371
2 7000 7644
2 4471 7384
2 4110 4881
2 696 5940
2 5529 7500
2 2447 3446
2 5526 7801
2 91 6425
2 2134 4560
2 578 2236
2 1459 6223
2 7025 7487
2 5896 7350
2 4010 7198
2 6586 6786
2 5338 6675
2 3368 6158
2 5664 7158
2 2257 6005
2 6448 7412
2 3758 6336
2 6311 7713
3 4572 6077 0
