14 5001
1 1 612638762 142932318
1 1 766061162 40985995
1 3 300595958 691690176
1 4 702804423 177956340
1 3 624738293 576443192
1 3 834089411 206362
1 4 353064045 616205697
1 8 369770034 299342926
1 6 634097326 688795686
1 10 558414728 542471598
1 6 866913980 748234446
1 5 797521353 923922
1 12 232293972 174095911
1 1 619165722 984100546
1 12 558272645 176374557
1 5 699965677 443820855
1 9 585690909 125540146
1 13 283584084 706821950
1 2 1854336 979382267
1 10 66373748 528092831
1 12 166719675 388612686
1 2 561336639 655996417
1 2 879939736 726262091
1 7 688065836 836414932
1 6 672799566 25945286
1 9 390096523 668802168
1 4 537379103 204626551
1 24 566962542 557954539
1 19 47937054 692719615
1 16 744545495 465821723
1 5 954112256 496798909
1 7 209037982 457437110
1 5 246234305 919438803
1 30 77567951 948705184
1 35 663619438 431076815
1 24 249700264 420016221
1 20 187496717 404222272
1 23 188592750 123063142
1 34 225757340 159940575
1 7 404667238 191441791
1 6 680372968 202146549
1 9 566576345 85117172
1 1 949442791 128540524
1 21 911795885 980844831
1 18 368380035 984811287
1 44 211184625 266557561
1 20 927728402 158422358
1 21 240593337 524858990
1 11 558704346 802036283
1 24 524462284 455486477
1 47 990137276 71236352
1 43 822237874 65637996
1 18 160226088 528616337
1 23 855827839 286017962
1 42 140849253 334311927
1 27 15825168 661287899
1 24 130778198 877315958
1 12 3840059 815416645
1 27 908894769 657858075
1 42 911588819 484604974
1 18 819685282 891098651
1 62 548423384 562686702
1 40 801918914 539727153
1 1 138007786 227804107
1 45 301475130 354336740
1 51 122086015 466560873
1 19 252505180 414186767
1 57 466095494 873510420
1 4 59631454 316628505
1 59 376701325 936119525
1 10 343403356 386865349
1 34 910437693 384618920
1 56 664662425 275737439
1 12 758916230 974802397
1 43 699222052 57062216
1 44 405289040 250483356
1 5 179791127 170778492
1 3 351572001 556875926
1 58 958481064 615071874
1 71 812811007 216039286
1 5 37360142 414781387
1 29 659252380 403527394
1 3 424181582 535546546
1 24 42736692 948229062
1 38 921749858 379790308
1 22 614087381 968071515
1 27 595406872 350508087
1 29 563754376 525126459
1 34 168356839 240353548
1 7 714057401 407369252
1 29 470564794 892197635
1 5 181623566 582216613
1 3 730576056 561324080
1 78 670990546 993834844
1 89 766921878 355206971
1 84 28640434 541877881
1 83 960592773 626465956
1 91 360102674 340426474
1 75 596710202 111438584
1 35 745812559 504591923
1 39 126435669 654094936
1 86 620831165 424971079
1 76 390801010 705654904
1 63 228608795 229254960
1 26 776488620 386653497
1 94 444062746 192323019
1 10 923839005 134999634
1 103 690706303 22872935
1 94 907003724 1842799
1 65 982560013 199683504
1 105 157082126 49726339
1 65 153515547 435266618
1 99 75750005 336447363
1 35 179139709 649354049
1 85 411376675 19837292
1 19 494682319 862693997
1 31 831363142 48965977
1 67 417571291 599954229
1 119 766999078 516592378
1 93 653160204 208903645
1 47 563040658 657503003
1 52 404629896 792738832
1 10 929571356 631704491
1 22 497184560 771886985
1 3 234327361 846382633
1 105 930999753 418049324
1 41 748210517 63199120
1 72 481101511 804173287
1 29 524134945 847303365
1 6 360615565 799205
1 121 968365834 510233305
1 27 921909039 279477103
1 106 975799986 688727928
1 96 169083376 556108537
1 29 671426796 123242341
1 28 660071253 139686003
1 44 55065874 651187638
1 63 442822033 761831001
1 61 633953155 867911553
1 133 852634605 371852308
1 6 562192391 962914053
1 17 271229671 735764461
1 67 904691859 375006099
1 8 869488596 291373113
1 116 546350617 907377447
1 98 488788657 226948605
1 28 563551130 549050626
1 22 582908515 512418264
1 93 882632210 695607090
1 5 333870403 43489032
1 73 634347161 1986324
1 75 391961323 604110591
1 59 515368152 191476379
1 85 734283146 306128617
1 77 368656383 9291636
1 17 362482832 534731782
1 122 600622967 614693666
1 158 27872874 241830430
1 159 855581014 787576825
1 148 389010536 81120407
1 97 147783172 104674216
1 108 36863711 651131290
1 121 541675493 123996030
1 103 845911469 357333901
1 19 523950890 457404706
1 19 327955735 809230833
1 19 82407152 814610052
1 40 884024514 444260417
1 96 893839117 829836161
1 82 829859664 906306184
1 96 283233858 987430900
1 162 620028190 977976223
1 98 760746322 370607683
1 111 264443074 813260988
1 34 602201733 21280084
1 149 195623047 533392014
1 136 14142490 497339634
1 7 660457028 270956899
1 22 131537154 158404430
1 113 397861212 668929263
1 77 42163628 666280909
1 180 619781849 373853287
1 62 695789822 667496028
1 165 978590426 488162948
1 116 731691136 303759309
1 88 872615291 830874265
1 144 653567480 159296265
1 8 13741036 602177577
1 171 620806248 360511301
1 96 741760169 905604166
1 155 837428661 831713005
1 76 770283314 499868200
1 136 658521116 251297339
1 94 357424365 209873091
1 180 17840431 694931771
1 141 489483620 768040729
1 16 947692171 806199459
1 125 477536151 583872333
1 47 224177427 527338488
1 136 750086349 873405399
1 179 22919620 534491930
1 90 930616843 402893714
1 107 253116713 958083270
1 204 724963246 91705932
1 155 632444674 538535309
1 120 434767141 524605994
1 183 57821506 621496376
1 150 8288804 917209137
1 166 451970749 110865168
1 195 40637290 476046566
1 150 544958579 549601867
1 170 492979377 399422786
1 35 916110074 218384034
1 82 701442866 429097143
1 149 667292410 379838097
1 161 515131402 221812462
1 29 102002584 479772088
1 90 325409460 210145902
1 159 914144497 465976420
1 47 136898750 34087611
1 49 310953210 884660433
1 222 859786095 258898544
1 197 976310176 429082351
1 46 514605561 670878511
1 15 427448082 522660506
1 153 524980517 150503525
1 208 121993822 895582411
1 125 373359182 343518243
1 50 974439993 644296476
1 175 256538587 127761110
1 172 703596204 680678935
1 84 974544437 668781431
1 12 683580781 202289751
1 185 323104746 981792616
1 184 110398468 913383007
1 121 125325979 116348728
1 220 255292915 923218123
1 167 741045152 935553637
1 144 698995185 958813303
1 229 909278244 551412840
1 170 843667425 62368374
1 52 898077598 730976845
1 76 139746836 624216805
1 12 817757043 937807578
1 209 468848570 855174258
1 33 797516913 548108921
1 188 836677731 860464880
1 199 532364099 270160844
1 68 739464084 920859681
1 216 992244271 974692121
1 244 837755076 979637500
1 92 756308670 818951871
1 101 86263716 652646452
1 45 785014535 497671597
1 8 820908545 709172217
1 116 762977944 194556629
1 131 867951135 725452737
1 127 922600423 125307104
1 47 238002442 549562755
1 160 383678268 197388680
1 32 125708774 797330358
1 208 450937726 314111463
1 141 244013664 35153412
1 93 71666847 554358795
1 100 671860756 917810927
1 16 997286402 481678181
1 241 366560399 85592863
1 27 30510533 387111239
1 231 134341306 752372954
1 226 619308903 967404401
1 204 880224337 625413635
1 221 812241459 777105742
1 130 389838285 42408980
1 84 349762083 449627928
1 6 755373780 517853055
1 21 644562407 749225907
1 91 190648199 838368294
1 128 520683532 599282852
1 221 769431312 617158269
1 242 31561147 330056566
1 270 912661896 903265598
1 244 337512796 297314029
1 226 673249286 731657537
1 5 314637485 797422680
1 2 993803850 788900279
1 77 920489979 54647566
1 61 836377486 612692226
1 2 778282455 728247175
1 283 197442783 440766404
1 282 758623874 460291922
1 136 777915976 336099770
1 203 939109044 71908442
1 231 966221992 685584255
1 126 207999495 410628200
1 220 993490893 711299792
1 235 725452138 589140536
1 81 33458533 570703062
1 17 945367838 465590168
1 243 242778395 134987988
1 161 304613671 731704057
1 8 783584056 195930754
1 70 110170892 682485541
1 132 386599745 379077289
1 287 315500609 726327965
1 16 48986225 536821827
1 64 364773663 256958635
1 248 129217186 282023544
1 137 408930242 956393561
1 70 2590166 942221768
1 303 297538109 940927742
1 124 684948309 540329959
1 141 747550001 293895148
1 97 603158931 86815259
1 159 500662142 291356472
1 65 937184107 363367224
1 63 350668513 972694109
1 63 625231546 382517405
1 238 701124268 836102197
1 10 624867244 612527038
1 209 366263642 288369173
1 109 136308484 506122976
1 189 997390835 822346079
1 123 18504764 157318638
1 120 265624204 288611441
1 120 709692348 765795100
1 182 672661322 847304639
1 247 162333616 673485799
1 164 658126821 722612968
1 215 930022265 811509785
1 163 116117352 152687575
1 18 83661500 681481339
1 302 116881352 277357569
1 329 183287175 433977533
1 301 963006045 528881512
1 122 845019822 994236806
1 255 978618826 756649728
1 325 595732264 172050516
1 202 947820120 961997541
1 300 475060499 127908800
1 56 411340160 900893240
1 109 555318808 315453143
1 227 219701870 393350686
1 299 49335152 512259971
1 229 134056968 948858295
1 267 466500091 243697665
1 221 143068010 510951356
1 60 342417550 652037176
1 338 657582975 968995926
1 274 61995473 986968461
1 338 949871352 238231720
1 233 921425117 257432915
1 211 348925639 614217502
1 194 187886922 560712334
1 178 682878366 292915
1 64 470408080 303708036
1 294 483872221 50537455
1 230 513183445 414133191
1 125 446949646 485525816
1 236 866476443 365668729
1 351 287826556 72207201
1 265 752453407 68326216
1 189 345623420 784631321
1 278 137440956 442686874
1 5 35333953 308025713
1 289 328747643 333505622
1 331 523832665 325094423
1 78 867615201 732926707
1 300 279389652 832000215
1 258 822667690 635394951
1 314 817861881 152578018
1 291 139499120 802620733
1 221 875056452 576726577
1 59 242428091 38623123
1 53 391787861 646088057
1 283 216835464 488646920
1 253 777262829 345535736
1 81 340749902 4732881
1 144 747280350 46033398
1 270 42530851 891215246
1 291 406403938 230232363
1 299 744115305 295772697
1 189 308451272 721929057
1 23 590509971 101042486
1 378 956864977 165111414
1 290 404026267 559108535
1 109 830300717 302492541
1 289 370773633 386745100
1 26 658032325 387283785
1 375 964609544 524262716
1 345 866327963 828495806
1 198 247278136 839329789
1 290 439197888 350811625
1 122 764591050 278062200
1 272 735618349 310202420
1 83 604596399 15103121
1 213 270964754 218638580
1 21 719301548 717197838
1 303 334617344 379217098
1 161 890772265 863489802
1 5 378949252 407355546
1 102 918665103 263251447
1 172 709683023 210405812
1 62 756411830 780895840
1 159 282558878 61196171
1 146 306774643 51834645
1 24 876716368 86757630
1 344 310819135 664390692
1 401 11275163 468576581
1 4 847122462 116469894
1 126 126560404 34153932
1 11 350173292 837633729
1 25 67601846 994655074
1 275 721882114 617847605
1 142 215494231 723189695
1 197 642032499 684650576
1 65 414016066 162258252
1 351 584352046 144795338
1 392 716769854 822234613
1 294 628105065 794458433
1 286 371378439 231078154
1 103 367612983 914654734
1 179 816400335 116629495
1 348 700737000 709625595
1 422 428522120 162579685
1 354 150946820 184028404
1 363 823806951 454844577
1 102 337594074 594797878
1 1 227304874 472282823
1 113 277750582 728979760
1 133 651025413 534641455
1 394 558710746 127762689
1 273 410994070 775315742
1 261 22983030 6260495
1 3 416655490 294756764
1 262 588615287 667465505
1 171 671596977 773593065
1 10 744222705 53454992
1 232 434483379 917720877
1 25 390268491 615354037
1 100 549563725 872475672
1 174 105864536 336274301
1 326 828993514 271863776
1 407 584500155 247240554
1 21 303849188 366400880
1 6 997210915 912770015
1 229 861280630 812796516
1 103 176788280 509633352
1 309 165354860 691451178
1 324 924333295 679748216
1 325 589984181 955577012
1 54 801668800 203280899
1 17 874540872 656040050
1 230 626830963 427789368
1 52 570377902 448206895
1 219 642174073 554505115
1 367 717494201 293287203
1 379 910947919 115911161
1 60 593584038 817883130
1 330 386352199 996904900
1 97 627027353 942430137
1 190 8094256 188742835
1 152 836088914 787325890
1 339 903095123 381789545
1 93 377003320 469874449
1 18 406105865 14406778
1 376 523164038 914523232
1 413 768115097 935448498
1 437 636239870 336332763
1 325 159694867 436791493
1 358 244002074 455516084
1 48 230365175 866915817
1 469 166158117 422135177
1 432 820623116 575393289
1 111 327659890 630619055
1 157 218376223 59570581
1 75 442612448 429158560
1 191 534855745 899992522
1 322 46097504 607947671
1 66 853667423 103704300
1 283 147450874 336030587
1 336 674366625 675833350
1 479 675970718 613412818
1 168 133331690 759194993
1 146 31042101 631756406
1 58 237371683 549293710
1 420 442462108 314684832
1 420 180172043 593008140
1 288 188949155 925102963
1 345 520778269 34231432
1 302 341823567 732918671
1 143 708846319 769839210
1 70 433197938 250259936
1 53 984028609 910095253
1 433 195634315 759540949
1 289 735500350 373102136
1 285 110204379 870636718
1 476 605545460 587293982
1 449 60056861 767310938
1 258 521108247 823021999
1 82 357295155 468788409
1 389 61905164 698504500
1 288 832063902 266694235
1 182 935198785 360168594
1 449 626251423 985900184
1 362 423714831 328914154
1 293 23571836 435900268
1 31 247099402 870822336
1 2 192519999 66364338
1 221 403826255 397216444
1 27 385144404 453870023
1 405 115541179 826851164
1 44 317179424 314387026
1 111 480265090 782173628
1 140 273761521 657941672
1 172 291955861 989522354
1 125 497661724 309297193
1 296 102215446 540576559
1 396 699474411 17533447
1 476 747602379 874405784
1 209 458307751 922237359
1 499 35463578 160545420
1 166 117618155 916917507
1 399 652045095 87662179
1 283 987123529 701414097
1 480 793725394 755274473
1 231 953306023 524386061
1 293 288659633 137540109
1 9 744252380 421885694
1 202 55353592 992978753
1 453 533889532 592724193
1 272 482576051 423967341
1 408 179360832 766547426
1 238 204197928 78338259
1 132 762364374 573420135
1 386 406021691 280694610
1 29 941723899 419394587
1 232 579664438 368884828
1 349 939200038 193121907
1 54 527815835 493969528
1 358 183189816 538561877
1 285 629901165 322149479
1 374 6945467 581724127
1 82 870579949 422594026
1 530 358509259 868961952
1 203 352337188 171504241
1 41 834827038 510970419
1 345 169129177 200853202
1 392 623229910 519169009
1 431 161813630 106495042
1 446 699035569 376119894
1 266 612578928 267875208
1 147 191995476 370317183
1 94 458028040 356353034
1 183 665135936 742497613
1 121 693861816 206561808
1 377 316367773 672030609
1 175 394195404 798755151
1 153 906754031 650444561
1 481 577419242 419519549
1 504 334265998 743727650
1 294 701338323 421459109
1 386 521307876 393755959
1 267 949329453 937655961
1 206 173264406 825900248
1 311 199434491 758122301
1 510 876972602 363337232
1 498 623395572 280247534
1 289 420835545 125553131
1 170 602159019 380558264
1 236 283022796 735714885
1 26 522083603 695741950
1 186 203288438 900409460
1 454 637094951 143880475
1 422 289083181 825257468
1 279 343357217 934294918
1 244 974746293 828629667
1 43 887575417 457611007
1 333 569347070 149849895
1 459 381545872 687468898
1 250 347922616 111624152
1 151 422073393 249663561
1 323 198685587 337493841
1 526 762955971 530384914
1 170 842831864 775130057
1 93 179928550 334997988
1 340 632230743 57388863
1 109 594916601 948084456
1 101 930616460 926803282
1 389 664271664 216367952
1 3 286973119 791916152
1 535 750457907 681061134
1 479 620117209 575187009
1 502 425170197 487609852
1 516 709566825 552769565
1 25 547313023 789521715
1 81 444641220 891414449
1 136 169535807 436987843
1 185 486276264 971083163
1 388 500215100 193909523
1 597 311018333 1261321
1 341 441928023 575793359
1 509 177269942 61795164
1 329 377186591 250556933
1 208 197382351 473017535
1 339 560466149 606298837
1 58 809637338 945422909
1 62 841024673 339730407
1 77 741810912 785909984
1 460 933114125 826159896
1 439 561851076 918490856
1 121 5013905 469286426
1 392 975578451 491109054
1 306 730771738 212865475
1 130 846132386 414691206
1 393 670472839 901893470
1 63 652043538 658657367
1 558 287920954 648077525
1 263 611899292 452232654
1 306 880353357 478352220
1 131 319084155 640462388
1 200 266933326 229695703
1 591 770604698 811690404
1 332 883687585 785528152
1 107 957303461 345608890
1 316 75522762 461452988
1 581 760109063 1287567
1 431 601972752 581474182
1 59 902014572 244788245
1 141 769157332 812416751
1 46 878602524 151649685
1 64 532507042 215438412
1 262 727717523 564475053
1 54 110363590 830066298
1 31 190361940 252037043
1 620 108088927 949516654
1 91 897885746 626381430
1 345 412734217 249133521
1 548 883877046 234955297
1 415 551627887 82832799
1 316 195995691 532905851
1 66 508165874 947494498
1 364 327227087 13919385
1 90 147464477 678433860
1 146 124009402 175604532
1 634 651724289 125770252
1 485 116773095 977676101
1 54 574461607 993139541
1 416 526741626 440347582
1 429 852796489 98576838
1 107 626151676 128307266
1 470 399967758 587002706
1 240 967196267 766781475
1 46 897525556 92879618
1 458 666404196 133299245
1 559 788405300 432288291
1 481 427649738 650289090
1 87 128930278 338754595
1 151 372279926 67535223
1 332 443697948 289723170
1 119 426776820 69196131
1 119 677084057 967989698
1 174 992244323 266891135
1 225 298165113 330989399
1 256 678511394 290267969
1 413 74490785 962751731
1 220 486891224 710652549
1 507 881375059 482378675
1 330 342472033 361754877
1 338 72777031 783502682
1 108 118333874 618648965
1 421 842299655 319816259
1 334 998166105 675541522
1 228 78200809 553355705
1 418 189172536 233832903
1 425 340530502 748067162
1 211 375756341 957070992
1 141 384880920 478742121
1 576 677596867 82204388
1 138 605362583 991018832
1 615 779754919 195037865
1 159 850200170 325957336
1 273 10670297 283226129
1 450 591654105 185352834
1 281 297854090 806145947
1 660 24312664 396756239
1 349 150670697 25510190
1 141 560992623 58361297
1 506 378498670 374046905
1 357 462139162 517821563
1 242 524308717 152366977
1 73 106229290 459162244
1 431 497190108 632545424
1 296 747082500 224989216
1 236 473984188 773750461
1 540 398273836 194055937
1 617 623147045 799164602
1 593 875992456 672132053
1 418 70322148 684280876
1 521 413696024 760967673
1 338 692212503 353862369
1 488 401075260 169603160
1 260 989132262 741903817
1 652 176292160 219666802
1 153 565055186 764796578
1 205 149701828 649132018
1 332 84665295 305131389
1 697 615405129 688535546
1 264 607329920 223675964
1 448 181436022 967448870
1 434 999776641 470121759
1 263 315037652 395863533
1 478 939126245 668192696
1 347 871551082 653113733
1 401 685461542 787187818
1 195 557619338 485820801
1 243 76406295 454910304
1 79 724626127 907053536
1 179 717655368 171198976
1 318 772302283 335643551
1 695 90355821 615575374
1 477 98427930 89240234
1 708 758335588 166100129
1 35 499414850 835780536
1 54 480744712 467998695
1 414 132424065 498451930
1 619 368118060 689746383
1 353 206459712 257638142
1 466 642691102 931014338
1 1 952837391 574088334
1 324 847877940 332962633
1 308 392449576 583397438
1 348 686242944 438823869
1 613 536841880 962851886
1 72 702922804 136684302
1 586 728096006 22949019
1 609 310509199 119865733
1 270 939758184 671909985
1 482 390182571 394079414
1 365 574531320 557212307
1 716 199640114 629745391
1 631 449643032 839233857
1 512 863853144 724748391
1 345 366136703 952122918
1 472 486042564 371350830
1 312 883663832 282786137
1 615 323083340 981894976
1 200 590915334 736746797
1 339 712269874 284678436
1 736 996333441 177891105
1 659 884844434 513214492
1 29 362878773 693075458
1 381 94387069 105480838
1 688 490742426 75119031
1 249 215649654 919948156
1 446 299018204 574749141
1 170 100189295 326098796
1 612 882133373 579587320
1 625 519389746 786213493
1 348 832446317 519339840
1 230 185942531 966672553
1 532 424556914 94441564
1 660 564771348 341490317
1 621 427805954 742100792
1 744 8022232 482218937
1 16 535999984 100177736
1 327 89704492 565007373
1 479 651861865 806108746
1 81 998693002 14684241
1 113 831574575 667276624
1 230 937843511 166980213
1 24 898962693 556526460
1 607 640593023 755743309
1 600 16051584 815403696
1 577 766655150 333869812
1 103 797957350 487559686
1 268 603306790 625973750
1 543 157050806 397163609
1 7 13480237 951361115
1 331 802776820 6027003
1 537 444470219 640629747
1 150 346628198 551684909
1 666 393084326 637604284
1 685 759189861 266182286
1 777 561722906 506056632
1 9 185231135 361123342
1 480 162704717 193055607
1 434 141327189 406472836
1 704 104441669 472326891
1 303 745287190 490581434
1 732 948453161 858843180
1 609 338926114 854433120
1 3 420527841 369754864
1 769 264362242 737626283
1 689 717108722 550854122
1 663 391739356 807620175
1 632 755215776 417148700
1 369 58433512 814307486
1 472 973614910 207651674
1 439 339604831 742579836
1 526 786709539 118910958
1 96 464551784 509633740
1 249 658689448 715723363
1 545 417521777 100256259
1 314 612831165 321521012
1 94 782751204 34628612
1 410 391467474 936060518
1 396 160303442 17611984
1 252 453856594 614396386
1 598 140603700 558605178
1 482 847798573 488500648
1 622 307691797 145297672
1 480 57809372 50751827
1 645 24086423 919822394
1 616 440699405 218713405
1 272 673457008 49929170
1 590 559894391 451726321
1 563 905060114 575608084
1 19 155933514 339352440
1 434 877151209 550670984
1 243 776036959 435884756
1 460 310423988 732024597
1 251 966779654 481349351
1 70 669160840 605520879
1 489 169820253 111021577
1 724 995798923 738267022
1 207 4396496 679433021
1 542 812041912 839891092
1 423 827961785 407284541
1 758 615668746 81360486
1 328 138130466 661376590
1 663 741427958 486241593
1 610 295319968 63223887
1 499 659010424 573173964
1 695 870242887 138606609
1 326 492450547 96727211
1 508 76168333 100350630
1 427 317632443 870419795
1 625 592570645 105425634
1 528 68462911 654242399
1 639 246346994 498570982
1 393 321692004 889630328
1 762 665586389 404681416
1 4 524959424 986977691
1 829 519197238 281031093
1 409 713233002 127482964
1 511 783306041 690423279
1 62 760950677 872391070
1 90 620721641 940437350
1 124 200498447 178245231
1 614 793602850 117814697
1 492 905360174 258624775
1 821 348322237 756478
1 759 507852499 206811424
1 714 796949943 156954446
1 359 175933425 964537184
1 682 458742134 841419104
1 68 759051427 742385911
1 628 580166404 925042074
1 100 60395550 830924664
1 695 580808738 541847049
1 493 179037653 589582516
1 710 806892058 856013204
1 511 791499634 901505505
1 831 780960251 126995218
1 864 858753628 947615608
1 784 771438537 923994201
1 273 488098068 175582363
1 576 288961995 793005910
1 717 283107386 908746310
1 107 888539994 956897208
1 163 800965112 471413372
1 550 102906395 365312572
1 300 497623910 650673002
1 712 528638194 330406458
1 87 92239347 397536150
1 759 630593597 772590916
1 158 854327036 498326213
1 552 682243662 857949092
1 169 388345134 543722282
1 465 968747939 110188904
1 359 848732618 603239051
1 740 816921599 136641286
1 727 901866865 946175516
1 96 955746585 942927324
1 133 525534007 557842252
1 517 384398723 622703908
1 336 546451336 834072338
1 159 127887686 560209858
1 90 651202205 709854911
1 767 407583624 96498340
1 55 588826009 230288751
1 60 165204446 890741614
1 482 390057272 243072235
1 866 264506533 593690798
1 366 287669873 26772606
1 129 835066259 957195606
1 387 939925057 646219608
1 404 396775489 4608857
1 343 111132194 495371360
1 751 484175793 624011172
1 462 707919437 146446667
1 183 412179718 698913591
1 612 717331309 10530385
1 29 286637748 328308730
1 644 63957910 428428029
1 561 772316300 590684391
1 6 698791878 413411367
1 802 416952991 355231651
1 518 652400892 91681300
1 4 361008080 176719876
1 438 846614598 161192268
1 434 941346968 213116468
1 593 103274808 213137170
1 183 58454073 512064938
1 613 192771053 278210258
1 93 363434595 677439452
1 492 829378807 769635558
1 622 98902463 258350739
1 503 242808510 775142975
1 450 555619493 531432252
1 688 412553528 164641495
1 560 684677166 969825028
1 888 201586327 229533445
1 714 253022865 349996134
1 689 822384541 112551682
1 844 638232859 181580794
1 357 780951305 372591951
1 887 621421251 427084781
1 405 444732197 222217673
1 98 46939163 614672882
1 60 431604165 486237084
1 177 169831309 157298762
1 656 26742671 152191566
1 191 987684000 311053049
1 247 120620586 914780818
1 750 279817249 680094586
1 327 126455759 136115196
1 579 510816440 910813818
1 877 693676065 737848787
1 805 758383853 295627484
1 422 521804474 847185582
1 615 281957763 654903398
1 628 468184234 214885886
1 889 675082629 557760061
1 276 802801714 820521497
1 185 878850235 281315854
1 314 64007174 172682657
1 68 182847948 528297553
1 187 699292896 66028410
1 342 743548045 248594542
1 214 335384589 693178926
1 28 373443878 465155461
1 828 918333049 5498225
1 943 556770343 972811984
1 234 782216577 325718999
1 143 417443442 622282789
1 616 841028065 419810472
1 49 390410162 485500269
1 845 383168382 650694166
1 392 570051532 746911038
1 198 550524674 866312655
1 959 657816647 455106281
1 296 832524060 894500671
1 633 406274453 557252260
1 125 744315904 79372511
1 50 525121544 773841110
1 356 984583119 421558681
1 663 809477850 61368
1 320 444114115 894595862
1 282 854774175 583246501
1 757 414294434 485225646
1 396 381440263 51108549
1 368 870390203 600257220
1 569 988694476 722462544
1 433 666789050 156470721
1 366 880699837 937457341
1 215 573106333 775914584
1 699 451212458 466012336
1 328 985343822 905947214
1 653 656405432 871558582
1 933 117669579 347253550
1 214 408752030 248594544
1 665 399632990 102469843
1 450 885301315 968651504
1 630 124352025 543340354
1 248 674400835 554649668
1 578 556294209 225568596
1 300 996622835 969184116
1 785 693958430 188597924
1 830 985421075 68324588
1 220 409187694 668486586
1 669 630483807 216415510
1 889 123486095 82492513
1 90 881875946 369346439
1 225 776713176 385365093
1 3 38776590 728719021
1 359 803943788 767831389
1 859 504742886 834770756
1 960 571633238 411782255
1 378 451928838 996671106
1 353 406221503 167063174
1 618 938615095 671751517
1 836 904057398 660462322
1 888 991647850 753109375
1 922 744810987 783891720
1 1002 705795029 280842342
1 105 828533981 26885858
1 869 281141850 831446821
1 471 829709571 766853687
1 725 95149320 952288109
1 341 653138591 340868457
1 36 933179100 314663402
1 716 80139543 622025531
1 389 619938768 195384295
1 581 87357513 48361267
1 25 196121178 410286518
1 434 244316059 231263789
1 911 388021516 36151362
1 359 284624932 307717887
1 590 103515957 905087891
1 639 887948942 681289623
1 792 965421954 513445581
1 804 446882098 823117200
1 167 717429540 569739562
1 954 300476137 518721608
1 2 547613237 338632308
1 796 843721753 842075140
1 931 74193791 501133512
1 964 225740935 256566758
1 794 526981257 281615666
1 571 260085355 441388585
1 373 394661158 561761401
1 274 756545961 217634039
1 853 319712676 524229103
1 269 657706055 150473761
1 368 376395676 209248091
1 530 172253202 709356635
1 302 871209304 319811838
1 585 491903782 295572810
1 702 20494937 795609297
1 209 113935735 256542884
1 536 87907634 137175342
1 359 355299481 876407192
1 324 137882316 202070094
1 612 962465137 138523399
1 737 624735806 382993309
1 621 934713024 271896690
1 462 877798082 19641396
1 869 317764506 338831
1 642 146487500 812766556
1 804 485782658 347149120
1 1006 108674499 681759935
1 344 13959763 578444545
1 102 475170604 243949219
1 213 259412288 393978792
1 882 786951121 162845952
1 605 899765185 412578623
1 793 716998429 905309992
1 258 390217149 685728399
1 963 806312652 251675637
1 163 917183463 18425344
1 236 656319396 919795940
1 401 680350566 770303464
1 200 417122000 399347236
1 774 237833202 277103199
1 954 592441394 562281859
1 537 9076097 935460236
1 889 154101125 436394645
1 341 882680774 601301950
1 428 634042193 525815492
1 716 893156331 409221908
1 916 810525237 938847323
1 126 281202087 940895282
1 95 453121922 207352732
1 418 470115366 224872088
1 164 923287986 387464419
1 885 666511081 379647577
1 581 31510212 498166609
1 597 651779874 950973947
1 11 559071253 394785269
1 707 712755079 525442720
1 110 626667688 54741447
1 887 271583430 298059065
1 904 379480806 310038562
1 4 219289685 620639953
1 1068 707095735 152753553
1 193 398485808 74997774
1 897 458146257 711370457
1 79 978811043 262003022
1 209 527580274 735409809
1 888 848725734 455703759
1 328 578868738 810402500
1 511 914685310 174137666
1 83 577811024 258808309
1 223 633409057 941273229
1 986 911748993 508288642
1 918 93274442 663589435
1 398 298019203 319320766
1 701 218939808 318378022
1 938 533561665 387646533
1 701 3074833 19842746
1 34 310653763 950923113
1 870 869826161 537689044
1 588 33874704 565859154
1 950 133494585 578263569
1 722 667112854 177404993
1 686 475794377 156248106
1 1060 570681618 670176023
1 628 783050145 198578590
1 973 676563440 908281862
1 1019 112172775 175664680
1 173 694982307 740404217
1 316 773194158 435194500
1 204 581275966 998547237
1 864 776763013 482527221
1 277 898741160 914832302
1 428 51109444 936056031
1 747 363697728 167411618
1 411 385257511 560401969
1 409 790200641 750554689
1 439 545504950 463059947
1 581 195100877 102134490
1 849 702849594 13859926
1 302 210593642 880282972
1 41 923737520 535394305
1 323 732813648 721320306
1 960 878992284 297022050
1 52 695022328 946077858
1 267 13740210 392900823
1 702 689763707 489273061
1 1012 157342262 816793119
1 1009 439316679 911536532
1 139 905174337 306382721
1 645 6940812 696822347
1 844 542429910 300818327
1 816 981858955 736456797
1 992 7011137 993336756
1 848 542912692 524882450
1 433 88253761 606423029
1 515 29565765 400762969
1 680 694975680 754648909
1 296 258779962 21656772
1 1093 525825623 374435328
1 741 251968786 746367474
1 346 264973731 8741677
1 1051 177693260 865349734
1 188 986491160 488073276
1 28 837635759 195595669
1 197 322597791 144611717
1 485 872438386 637563754
1 505 157746263 393352943
1 836 872100151 806816533
1 829 715652312 200668634
1 864 914154674 407934618
1 327 732267288 96085791
1 376 93040238 916421113
1 1 122177242 730417585
1 513 129704518 783804185
1 347 173081011 57147941
1 1077 240043029 529839658
1 826 41526236 877888519
1 961 458574351 509783390
1 1098 478150391 353615915
1 765 68776531 75008244
1 332 955087427 87916142
1 693 765533277 426815574
1 678 920629857 175072687
1 1059 917111466 232727523
1 682 522761236 109387293
1 474 610141910 936793603
1 39 306009278 739339718
1 644 975878291 974834766
1 944 206025044 632543975
1 885 836446952 269861986
1 793 393929166 860355972
1 1032 624925917 566583865
1 27 2496427 334990322
1 153 342497173 750596713
1 288 4885124 186175043
1 1075 864436783 186192896
1 685 180304409 305324252
1 4 862030512 128795358
1 459 688925883 822232220
1 43 415931485 645487896
1 874 42897470 264292661
1 382 132294885 713809842
1 930 383910931 72818526
1 745 285455657 421845314
1 72 639355428 924354728
1 47 300478942 170543622
1 426 342629741 884985131
1 361 498993348 583582280
1 542 443079085 923761965
1 249 114872577 207756118
1 493 222629256 328010938
1 720 487522493 541085871
1 1073 948776560 414621250
1 15 50871787 56832729
1 597 847239894 772288626
1 5 117837771 142796837
1 962 673777394 663372528
1 925 753376206 279043782
1 783 136720744 8382300
1 1050 455612320 56631402
1 713 662686459 645097195
1 1169 963624115 591850247
1 226 224960166 337095572
1 231 36209829 934002150
1 936 156123239 910517629
1 508 513987886 875362754
1 793 537411893 653874044
1 326 752248292 652242435
1 71 134203809 897522928
1 1104 206555160 650326627
1 820 545476108 703097695
1 764 750084205 873448615
1 1004 911063729 842289650
1 294 389559392 542278865
1 458 830372451 160399767
1 1153 991806745 24045095
1 427 962579185 990791504
1 843 610357181 23153393
1 964 344536998 833377635
1 689 305676051 894423115
1 6 102174080 177660714
1 582 570732652 681100494
1 1000 838600415 526118057
1 395 848443093 255899498
1 618 1405853 71167453
1 630 635172616 147080777
1 898 940823582 160633792
1 610 580132334 368204046
1 361 445240412 106424638
1 754 173939861 192191716
1 497 820712889 477351656
1 346 689419115 715949955
1 379 621463083 277370878
1 188 266332 927009850
1 683 220156981 582693415
1 63 144018602 617315462
1 1121 620306489 78407030
1 532 608088397 563731269
1 347 365243577 33778178
1 493 579832725 569137776
1 912 758859386 95164985
1 767 321548322 620970560
1 38 439040797 614383317
1 118 67651095 192597161
1 478 800783982 129525127
1 104 701497038 187808827
1 272 866843140 526372130
1 1084 695829203 285307738
1 149 64526903 248939618
1 40 412061278 885591874
1 602 208435693 443499015
1 265 822922570 465882040
1 1010 660245506 939996612
1 832 55032849 607362315
1 68 219559582 499901285
1 911 788623490 814772553
1 550 108115621 817529010
1 560 992214709 186825320
1 368 953929470 216912095
1 1229 858522231 565031741
1 640 70464491 551535356
1 913 2463343 750401036
1 1145 524598075 427087463
1 1091 255614271 719425732
1 364 606274580 687889560
1 701 625335532 826339297
1 676 308061627 875778695
1 1050 663836182 727360103
1 720 971997783 419172566
1 543 914936184 330189713
1 1233 588336606 110148795
1 971 238334819 813909649
1 215 870713946 704661234
1 616 511720292 853650621
1 1185 891409987 777862955
1 1265 30697721 882270530
1 15 560121803 119256184
1 197 471754332 33333946
1 1113 514026441 945291462
1 517 754220341 382521845
1 380 806794836 55305939
1 316 724516639 141610890
1 376 668300705 76458253
1 376 794731016 912031440
1 666 765972007 444532778
1 480 618621536 805298625
1 260 476880607 346178488
1 296 348748980 58900057
1 116 749936719 145070695
1 924 245296765 141752558
1 1160 552147842 242394707
1 885 850459035 536035009
1 638 522312843 439052564
1 1220 328937943 486444870
1 1267 445943180 75341928
1 326 285388943 803066547
1 397 814443167 140136547
1 569 688106085 934269807
1 818 864877272 385783156
1 634 453378799 956790123
1 1190 404146141 622127326
1 203 992254026 983048003
1 727 148088198 489119894
1 1237 313745403 773988672
1 469 871787299 291089660
1 293 439500417 404588889
1 1003 66946982 81212265
1 1294 277798417 400019529
1 1010 964251526 43493527
1 1015 271893807 116506160
1 762 267864618 14298670
1 702 429487351 216025433
1 407 203316685 999399584
1 88 840584721 132267654
1 174 477368079 705821342
1 752 482245701 238012019
1 244 605313913 986509428
1 1170 691997541 302249963
1 743 767639711 230398823
1 222 900841610 494324303
1 465 136005864 441199626
1 206 926023904 681371266
1 1154 405227500 407489710
1 983 554413055 439066739
1 207 205323789 25280206
1 805 961881599 342946073
1 1135 920653021 733122414
1 654 258926143 446828521
1 1095 289415251 680923023
1 281 538216247 996421124
1 972 523031828 560221645
1 588 798089841 454111093
1 160 782497618 583646520
1 1299 273333327 912327087
1 1043 48060810 109932026
1 1054 89321423 97919854
1 1055 863376009 98743436
1 732 604705581 993801885
1 1243 151505964 491302952
1 1106 249517500 729890221
1 1111 529563145 988711455
1 611 827320139 166424291
1 153 275633171 972801981
1 262 753347626 585750919
1 1136 906847679 70188656
1 71 602433080 794078656
1 1289 560097229 280199360
1 1261 282449093 338361888
1 93 470877116 306123637
1 131 258070539 35527297
1 567 14542819 785605204
1 1026 76562783 289563346
1 812 125897224 956503012
1 571 83333818 766613295
1 1042 777671595 414107742
1 972 119701550 229876200
1 370 643117656 646761756
1 777 677034973 645691421
1 625 585356740 299242304
1 170 358011915 230518483
1 728 473815015 279117528
1 294 440347537 319930833
1 719 436968781 609549152
1 1093 5851074 572691988
1 629 676339361 456980038
1 526 32430796 862415501
1 339 497746170 751459845
1 74 397081601 956508920
1 764 396367187 856231829
1 1368 479543808 237907035
1 981 175911384 120215625
1 24 685072445 799980943
1 421 110654024 913463034
1 681 987150343 780810588
1 715 112619480 649961820
1 1258 491207176 593119736
1 644 647153166 435565630
1 1354 910849369 230224350
1 546 313016217 303399852
1 1306 484743457 713437195
1 291 94852703 203130300
1 281 507215155 685911362
1 775 951383582 356593873
1 48 11636662 453132359
1 1086 103933176 273441759
1 333 612965098 415734906
1 544 43029261 204910516
1 1265 529852252 188467516
1 870 903131441 723030196
1 802 641070178 821640170
1 856 287143555 36396897
1 462 173980862 334423390
1 325 242860634 578652023
1 532 764852126 620467399
1 70 11148927 148260910
1 546 819509315 381276043
1 270 873434427 874603307
1 301 339949788 499833804
1 40 334482036 931788870
1 98 337692876 368975266
1 880 583953218 904759964
1 257 329057785 182769307
1 880 602572325 123189537
1 1096 254237569 471160121
1 248 734104631 989819402
1 630 486119945 338602564
1 483 297820348 722395055
1 250 605303014 55222958
1 385 886206211 918745731
1 1060 532068737 512043187
1 1329 597197359 459573044
1 565 256121413 335836276
1 1242 814445257 529738966
1 534 733190280 292348243
1 959 695619852 181859231
1 252 226271547 115009292
1 1065 629879890 195612368
1 1124 460316836 895710760
1 891 819847804 584199460
1 601 889434227 805776550
1 612 632965201 892330464
1 775 435025185 830980503
1 293 846465048 79811518
1 1345 312453791 862902403
1 1128 887918491 847942376
1 863 580902890 675424869
1 311 461685069 484839345
1 595 552612311 744079857
1 825 400937941 199541111
1 229 367248705 499375388
1 1362 729770953 308770157
1 94 453033192 797582489
1 1362 41743729 574687835
1 104 306385505 825286950
1 265 832927549 185476716
1 683 450943262 911168652
1 423 30175629 969959575
1 359 246933676 393081073
1 1434 684455009 266905671
1 721 981340762 312922539
1 728 249763422 652151235
1 1044 659442765 893460242
1 985 35566086 262639038
1 65 360004190 897507599
1 12 621324927 432435008
1 145 765555190 523004314
1 1438 530606900 170905057
1 220 380760580 686441123
1 597 711403939 187997080
1 177 87135511 409561317
1 28 860277746 251543313
1 144 117777703 202249455
1 223 71914313 939715070
1 536 392399883 644759006
1 1396 252217264 956878383
1 682 350873870 310826896
1 300 962077611 733287885
1 335 47592244 999051158
1 1155 322531563 334704475
1 550 477002643 897793960
1 721 780160320 790442210
1 334 308625641 429136789
1 1374 862586378 96647459
1 1391 252719956 66911307
1 293 657824295 196012134
1 147 129985224 694306098
1 1426 999016064 501650553
1 850 217803297 547336996
1 205 530070269 358910090
1 653 662392569 369504391
1 18 507897370 169712074
1 1274 798152237 942125322
1 316 471805749 648496181
1 56 66272305 720628683
1 550 368253411 255394231
1 330 488487072 595639178
1 736 519493872 190367222
1 1292 215776069 358916148
1 1213 835782807 497693858
1 1277 929758171 311419431
1 1120 426444844 569795619
1 1354 769321603 495254384
1 488 616049384 759691624
1 1075 568953041 494874003
1 1198 1151978 812987399
1 554 703720509 439327181
1 282 974429828 174401617
1 481 61383644 812243033
1 656 916415002 565639256
1 403 795571061 260394187
1 1309 567870744 771762241
1 745 530191347 545269590
1 265 584972695 446301137
1 26 447832786 602655037
1 288 894902722 899656688
1 705 204531670 596154247
1 1066 839312276 426054033
1 1269 39057900 421757228
1 1369 301104244 832980212
1 528 680554531 244524079
1 783 207804458 51503334
1 1133 328407835 531285151
1 1059 498595049 199763156
1 1306 31615767 253032640
1 1338 300929242 441244133
1 1482 717250727 839561940
1 627 34858590 7120058
1 1442 885268438 707996348
1 541 274513599 7277260
1 519 675255601 937986016
1 916 81979740 524895622
1 935 674645155 643903076
1 556 810149982 542256408
1 1160 608803317 202998261
1 646 940887903 646780901
1 218 136792555 699094306
1 352 580690517 547567947
1 887 354930143 293814366
1 555 540760616 375500669
1 644 616677839 496830929
1 1495 462283240 947068808
1 278 545405194 576164536
1 335 710084219 355496808
1 726 87150189 16895182
1 1087 672710997 811078043
1 371 854348955 384023725
1 1356 325194752 947205421
1 1083 172979265 856614655
1 44 848260311 906676972
1 1133 824740622 932227787
1 357 173281825 561406042
1 1199 990731070 743191342
1 786 761172630 387227074
1 602 43673541 651232860
1 738 873241024 977767062
1 372 784418891 321412262
1 1436 800540763 120658128
1 940 931269112 157921155
1 512 675323521 945262812
1 241 960729218 257230995
1 553 240517139 867955855
1 818 732090482 400943739
1 504 670919925 65959382
1 1008 972919231 666442329
1 574 459550773 541177120
1 332 541760492 998906140
1 765 743778801 697512688
1 1345 129682069 161206132
1 170 845716158 893211031
1 79 781868658 542284925
1 804 837974820 710674036
1 635 787783491 765178218
1 1498 646705006 905425415
1 1136 767094970 629189318
1 1119 22017464 480861011
1 1295 817777590 850218610
1 1200 944896738 416192722
1 54 26757577 207962658
1 690 440667253 806790565
1 1032 522695115 578250927
1 1437 696180846 54648844
1 779 317466716 702260677
1 1107 896511348 546810914
1 411 934664476 271531950
1 427 182930449 658051374
1 895 291787882 57657901
1 218 534188847 951580378
1 113 4059850 236171188
1 39 914017231 447251863
1 331 57610520 38665954
1 328 333441404 680740821
1 815 607196378 341164032
1 922 482754445 487553732
1 816 368384293 59804481
1 1128 495485659 15850265
1 660 953500741 761677050
1 1343 553807894 30224627
1 731 125898907 845366395
1 1 40199962 933208693
1 969 719661633 478735417
1 1326 235854030 134204167
1 998 714092561 96798394
1 1445 503212753 44694963
1 1369 773649060 131713816
1 258 448005427 725142527
1 826 924730145 504475929
1 348 347956755 764613669
1 326 592781039 672644713
1 1590 16234108 736647681
1 184 552851697 54136126
1 345 433630585 462082950
1 186 298471801 138757386
1 17 224796873 7669507
1 338 702902355 894202228
1 1391 596533957 410618146
1 254 389895352 809057504
1 52 197876231 143106744
1 266 798297619 15976961
1 1447 95623833 627083242
1 1082 446092822 941892673
1 1058 899558066 687694694
1 710 390670334 98879340
1 4 92130797 721353450
1 116 934664118 447315771
1 701 882199481 46156458
1 653 468810807 3077064
1 43 993399645 312769745
1 78 321375726 167606331
1 1352 328343281 146309754
1 984 27021346 215819940
1 52 200173418 277388423
1 1404 410906832 324625312
1 378 135981087 951429240
1 241 534755162 845252634
1 731 935178899 964961935
1 1476 637704491 407608554
1 1239 912918865 589681406
1 1016 627169464 600211106
1 1487 809555116 638794144
1 1391 890345046 855615524
1 627 457794060 977865600
1 1104 879471606 880069400
1 651 936751413 868353010
1 632 430408418 177823741
1 1150 397789166 204292984
1 721 684120536 302865511
1 235 58824514 241292923
1 1122 900438187 791246893
1 739 239276980 706461514
1 1042 19885182 351600803
1 192 813069280 16458561
1 1023 485777645 123402453
1 582 441573061 342808488
1 709 249106083 25041474
1 773 734412439 238965139
1 111 253984587 486781218
1 569 971875979 927209847
1 1086 310512943 270113674
1 281 947453526 487007950
1 380 619165199 700806517
1 679 811891786 270395505
1 916 530078955 335387073
1 132 659868260 434941838
1 1280 548065198 382784299
1 1331 705493278 917799043
1 1290 254713009 268491829
1 509 910141887 17953749
1 265 104183550 752646668
1 1454 713689635 524140168
1 906 976552820 949161532
1 106 330601255 112629784
1 1017 632623419 482484383
1 10 923216776 577956629
1 1286 316780848 735812593
1 60 483713965 902193643
1 940 989183479 547329963
1 1094 246627170 31429419
1 296 307075326 372863082
1 328 784567641 811620353
1 878 214712630 673023342
1 1331 72655185 690692411
1 472 263401432 510028335
1 178 679698040 230883070
1 1479 5089940 217067683
1 1607 927620725 235264755
1 495 230422871 586569373
1 1659 947484689 760215782
1 1208 509443338 15161841
1 186 910636686 19802972
1 896 80376559 797572694
1 1268 213296672 603701406
1 1333 741627620 191238028
1 1112 561324873 837764806
1 282 746404449 126913596
1 987 817009174 200228357
1 1297 598689406 442190700
1 1255 943675786 562785005
1 805 117136762 809987787
1 127 707463425 810432690
1 1523 123161965 761154432
1 37 689438092 275603767
1 1002 883856890 910105316
1 1298 319369307 876161193
1 1571 550023333 780000919
1 1289 136559826 548848637
1 1524 329938174 859357935
1 1394 341259062 794546838
1 544 613522651 168869284
1 317 70241094 533992664
1 332 318878989 24736944
1 1458 649954807 222226184
1 1658 794625261 182566798
1 856 976458668 340827966
1 1252 622704025 432266486
1 425 231319457 154413405
1 466 29944266 358655873
1 1027 37182740 859034510
1 503 720093472 178816270
1 57 470953392 602548310
1 248 760595745 41375703
1 913 110078024 510870306
1 268 937500630 16776203
1 864 740767170 201273013
1 533 976041939 155679954
1 919 916870712 683891869
1 264 672854803 945766151
1 65 771078748 908557895
1 661 816038767 496963329
1 575 841079715 176086769
1 1603 521719743 29003738
1 648 194418968 69130640
1 45 453362833 696552966
1 8 543594472 431641324
1 1184 102128686 646935870
1 211 475186205 492916407
1 294 271668759 882260144
1 280 629829236 469209713
1 274 840080220 52481383
1 1660 269512393 901719884
1 539 267920657 122400791
1 1696 892972558 986130357
1 1194 451383383 465809920
1 1417 494116091 368596357
1 1089 215371917 212167764
1 1158 290851910 577801611
1 1260 697291398 787622062
1 708 34488575 996995528
1 569 929700964 286576904
1 1188 152644912 562540475
1 811 199468271 357124242
1 889 904203809 540482797
1 849 692613894 548462835
1 1281 47234839 29619295
1 872 655128203 104098174
1 169 159148157 22513264
1 1386 510240043 191508184
1 1323 776934389 749857180
1 583 578311333 132471221
1 1197 862450381 112854598
1 1706 4937862 833592840
1 675 928633045 759009854
1 1065 41438302 63901365
1 814 930089400 445391197
1 1079 108691838 249174088
1 133 555497667 532691941
1 603 618696928 661362323
1 1328 11726443 194705413
1 1627 490250741 271655520
1 174 135054525 429193655
1 1076 176981665 440629842
1 674 605663789 785581681
1 1606 351728103 633058794
1 352 418136948 225385999
1 1514 142063566 494996117
1 258 886305814 188680084
1 417 885854976 285620909
1 167 697785324 58452129
1 94 758943650 777753696
1 1488 512396122 192675027
1 1203 315389783 443223665
1 449 35952855 531540095
1 1279 418156623 64536497
1 1017 850745320 225335672
1 1760 104699712 181166997
1 1276 534777815 315151600
1 956 136450413 798555394
1 951 718521966 318939094
1 815 174834058 455708841
1 927 501739537 95764569
1 1051 821047627 692645106
1 1739 198288137 658685552
1 495 463943672 124133900
1 119 47803229 273774714
1 1739 403554408 774499635
1 1243 523284751 880836900
1 657 899896013 113328748
1 281 613126500 160532415
1 1501 171168128 512496823
1 1175 284953573 781101482
1 721 599211720 450860343
1 1368 313492094 635710310
1 1212 360755477 395416071
1 247 210307925 881354232
1 496 126731051 435491733
1 1641 281322987 620333102
1 80 129337660 634200020
1 154 796394801 422349452
1 1017 142849141 545708982
1 1115 821057892 755510515
1 202 928945929 815092766
1 1587 98996626 19944129
1 1304 607183989 44064549
1 894 232092185 247081756
1 1105 574527956 207982642
1 1072 842510627 645396620
1 895 499927573 652588062
1 1527 591019430 449897916
1 171 702264352 114529019
1 1564 519782802 765913063
1 960 822511451 568299366
1 1501 995732299 333805013
1 383 691417910 855343004
1 702 607007568 331584052
1 452 279768073 645576660
1 1010 934370033 660250527
1 1529 368676830 45953797
1 1413 31789034 427234179
1 1428 558487806 847227089
1 288 639927890 773829333
1 1561 268972565 401144037
1 1479 578045393 504199757
1 821 94177048 929153940
1 1221 339564963 437688227
1 1812 66706284 995454437
1 125 849298763 52220749
1 1600 881893374 179536804
1 1391 451084267 452737666
1 1026 583744118 417864981
1 120 104045112 421133969
1 265 1585428 435581161
1 721 287240900 509146563
1 263 938092956 676243668
1 1108 729395554 545020383
1 594 895346430 307492511
1 778 631667577 626096733
1 1344 937644360 526319843
1 229 316953223 248562386
1 508 345035156 177644963
1 976 38778772 101339187
1 1191 488260453 773291076
1 1451 853338415 516079054
1 125 357707796 388772373
1 1368 553729628 628912594
1 762 616436276 765037803
1 643 575311064 790361628
1 1224 391973467 82730016
1 642 502399993 428731850
1 554 81426334 604870285
1 626 268507284 283153781
1 1428 636116132 810904859
1 1668 925977152 456516216
1 268 47665569 332666141
1 588 489700542 298762592
1 555 392610024 785810414
1 1254 738945567 401131783
1 1593 634194919 335429663
1 836 410777332 280844329
1 408 483287515 680892181
1 938 932383198 78668874
1 577 789597264 195467954
1 1286 542380914 66936077
1 845 954153543 62816188
1 1807 101052739 335279365
1 562 62337184 141212644
1 420 668080374 79588461
1 1042 182179583 841392406
1 1646 904337353 886112366
1 1004 42505646 649873249
1 41 707573402 507076647
1 675 633274400 563167468
1 501 317708617 660708809
1 1746 303122492 530666961
1 831 604261788 216712293
1 711 916638921 832916009
1 328 944922298 739815191
1 1309 434266577 19694628
1 1701 900264555 77311703
1 1369 773399099 142725840
1 1143 5407023 258856745
1 1064 353812509 58451161
1 388 178669283 228147706
1 1377 46464 903881087
1 1164 990321125 107589244
1 487 661440104 400098359
1 976 371767598 174049209
1 1299 350047635 646067858
1 743 461221858 811171037
1 336 275928251 134955342
1 952 187382244 811446492
1 423 572891229 212864008
1 800 892846934 726139871
1 527 152906293 36085860
1 902 178124447 755958218
1 1186 396756302 68631987
1 1312 810806036 951999064
1 1416 116936789 792065728
1 1505 598521582 246919152
1 1714 814355828 158269268
1 707 107334954 909850571
1 1365 300737163 38804788
1 1224 912369487 62184495
1 1212 874344863 964368502
1 995 634447514 391084975
1 1142 204148462 268783808
1 1788 201942481 514939606
1 80 596283417 27015688
1 1029 344980856 76914193
1 1626 932233677 270514490
1 490 519473614 675532118
1 1216 588879485 677063868
1 752 448929830 985096163
1 1067 430818276 818518624
1 1192 565572928 651527940
1 1404 97112401 203006562
1 1279 755704348 77350546
1 448 174808453 638788743
1 1903 50926333 813659600
1 1131 667537401 155958462
1 1797 875849636 508256717
1 1511 168639760 772233155
1 1323 477099963 692017036
1 74 375059006 203703027
1 1671 634696342 971735116
1 285 800592317 247270962
1 799 723246243 468136063
1 307 210440041 450934942
1 12 865042226 844043441
1 1488 391377468 991099101
1 1368 958594725 264206147
1 1783 574626072 258577208
1 1480 348787399 811743836
1 486 294359432 676481158
1 318 333164453 975204684
1 1044 993859053 63069976
1 387 451075904 149301013
1 883 24270187 40094158
1 1783 281308068 309182625
1 551 389271027 121335242
1 394 882311332 80870603
1 1615 156271405 42013072
1 1 33913414 506646076
1 596 784956716 387367822
1 841 204187428 426561506
1 824 134313630 992158746
1 760 754021478 470264315
1 411 376985547 331632168
1 1818 193175251 815780413
1 1125 860074705 390777108
1 167 239593372 202411364
1 1612 31660621 252570851
1 1352 49649601 440101590
1 147 858045038 852790950
1 1015 560143097 754518799
1 1013 215917835 500229454
1 483 866878526 95572848
1 545 698986408 186525958
1 1150 109124471 758726429
1 1160 873046490 956111293
1 223 84365136 644568678
1 1206 951770054 266005103
1 427 369131596 986010485
1 1676 214344314 546314393
1 691 142931088 424916166
1 1196 66240428 868174308
1 174 202127700 32392342
1 101 400474623 915893251
1 1394 292265724 368160020
1 260 219723416 792812862
1 271 593398514 266612078
1 786 567627649 918928506
1 1003 337999767 830039324
1 422 68238712 373025041
1 1092 378395356 175905022
1 582 436499399 507253589
1 1373 653817924 121905826
1 1187 645586990 745631114
1 1405 36047156 484641655
1 632 644216845 420966662
1 930 758485562 733444516
1 16 101203556 362898095
1 413 313335572 357923501
1 800 445447051 17631770
1 590 50405680 329344584
1 454 856010729 528019273
1 1343 362751057 872384285
1 37 220997932 6665513
1 319 50029455 806971405
1 1825 843021181 663442316
1 939 655242025 822848721
1 199 619424582 835702128
1 1283 695024198 762861927
1 448 636293891 241324523
1 101 623369265 498952667
1 1565 815737490 414661751
1 192 705053371 321830341
1 1679 793280550 335157673
1 467 477533517 969670921
1 627 983104036 339789191
1 847 932682911 884888560
1 414 440967946 102262014
1 984 23557213 744394770
1 706 577045242 210478610
1 1242 465897947 78000938
1 1522 131062186 913544170
1 1209 684406067 184346548
1 488 788722396 249700402
1 406 373862235 772389430
1 374 858331657 424619036
1 1283 511436768 111487341
1 1436 797585177 514800206
1 973 431665543 371907364
1 1979 411703851 474147775
1 361 15802561 750106993
1 1588 588105183 638300736
1 1618 606909890 682936076
1 1686 492816204 259163135
1 155 33584900 273104298
1 1771 928919390 840473101
1 829 645739242 613016954
1 519 41385968 202856488
1 1493 359716433 54482463
1 1911 918584436 624579512
1 240 503879413 298408000
1 1530 624951185 70591408
1 250 508014675 742498314
1 591 191147468 773147063
1 196 920121096 415146546
1 318 621235620 998712252
1 1417 280520873 223738438
1 1528 89089321 535920566
1 1611 744446216 588643214
1 446 522856924 338469830
1 994 229848268 8006150
1 212 854528217 729206668
1 1982 746349571 354410971
1 1170 823101812 614667352
1 2026 189193704 272105364
1 493 417551003 228066071
1 830 750283379 308946332
1 150 30143358 106970223
1 1262 499500111 719912949
1 1058 110464468 794522140
1 1386 637067949 508374011
1 201 944400030 7187018
1 363 799830581 158513029
1 1841 553163191 76981180
1 1319 180135037 741546513
1 652 691943199 668516069
1 1233 182172799 511005999
1 795 662511423 438717198
1 408 248393402 622357017
1 492 355874479 917383659
1 2046 457201904 173207454
1 173 445782262 389008484
1 1939 81644394 600411820
1 1213 801323743 810079468
1 719 295684268 956940515
1 1924 118755056 730557985
1 864 821286358 345281920
1 325 11336155 821538354
1 802 156210547 52104548
1 1726 334703376 43369831
1 1287 102061359 299311546
1 517 60925720 534490416
1 19 376854650 716378902
1 546 589219086 754374720
1 392 207173882 134988804
1 1529 652294412 299945819
1 1607 835311852 8733998
1 1076 77240258 366663753
1 805 592967244 406425730
1 12 334868282 418232636
1 81 119483851 112300995
1 644 391627202 986870391
1 631 202613725 387765524
1 182 935584315 447939483
1 890 857796646 533082682
1 1594 711438548 993834048
1 1332 207274549 57065564
1 826 795915673 52449164
1 1367 89719359 403236291
1 1035 311919163 270591424
1 2033 925545890 301460497
1 213 521384425 441859954
1 942 568968334 213345481
1 66 595730994 599266138
1 1704 667665868 511657602
1 586 556602956 385391599
1 1365 779091063 790033984
1 384 109093613 212337842
1 543 9426539 572277518
1 101 703190333 846151710
1 744 617470605 846805799
1 137 412415236 700976644
1 143 587518786 682533448
1 2003 947592641 493046590
1 922 512351497 229336767
1 1312 739269687 479709161
1 288 207960134 376066008
1 1658 528913435 498459809
1 422 301780498 538467194
1 1247 456030792 742875368
1 671 568914733 991545889
1 853 574707546 608851148
1 2085 657329122 174201086
1 2009 854402507 104403543
1 549 83368795 726241971
1 506 807833557 178307368
1 855 955184090 464028687
1 738 286539821 913373198
1 2020 13092875 645916899
1 418 991594885 209337104
1 657 911585015 997353188
1 1007 628121215 72194116
1 1577 359581959 615849159
1 157 68811452 930370322
1 1392 161573484 650768479
1 1327 840684614 585895171
1 331 977579661 107240244
1 2055 860786801 120115320
1 1860 102694302 888386176
1 1887 37884299 961357880
1 1164 684381928 153037806
1 1194 894870026 91938821
1 7 602241306 655577360
1 1184 694800013 639042850
1 1985 548060183 141059514
1 1050 589159819 70901446
1 1987 448431447 552527991
1 689 66897452 90390709
1 213 318311994 574796053
1 830 353296791 885634499
1 1279 660312403 800510063
1 1755 370283878 366463221
1 354 767258812 729607201
1 1085 356201401 70673768
1 593 714421995 347749905
1 375 133029950 999375096
1 1806 501688576 599686159
1 1381 885315896 164169206
1 1228 852729235 701052205
1 1740 825454645 468249480
1 2099 596624519 909744766
1 2000 43014657 894941325
1 406 667068618 731195125
1 1305 222955859 610069152
1 1877 834153894 495410807
1 520 707203803 33142178
1 1497 9527625 446795527
1 1437 372309880 997597194
1 510 824945279 263249974
1 470 887340780 12690566
1 1449 3594963 490560021
1 479 779209867 200742745
1 647 311421772 626328403
1 1667 669135998 906699449
1 1693 910854127 715962162
1 2093 294631411 71985697
1 1 853937196 888128451
1 1322 247305803 525041334
1 24 248347037 995481736
1 2119 674170527 686940893
1 986 668126125 37640219
1 1293 450498518 241720192
1 1330 934833866 827705280
1 474 357491782 458243895
1 2013 412066534 825744842
1 1879 789725190 388483296
1 613 623219248 534754443
1 1265 84037934 315197353
1 1014 967977156 626610194
1 1861 142403913 156712552
1 1043 651510608 449190665
1 659 185673842 913905586
1 1024 661837613 457940509
1 1231 159697630 738988373
1 2102 120775089 41981252
1 1214 450616337 649122248
1 700 67617986 646780889
1 72 675584763 784312536
1 1676 28737799 761498251
1 1021 195617037 667058611
1 538 91160167 881004520
1 1457 464676667 555959602
1 1059 875791370 807213790
1 2093 63125354 779808358
1 1762 654276760 930701649
1 1000 101592886 765084440
1 1715 30466062 170529860
1 1303 581740700 914985779
1 2112 931418483 895680865
1 2176 671786846 765083055
1 1905 641514533 217315907
1 2150 952567943 657743930
1 2176 749138927 294709733
1 1130 674078491 562121489
1 1418 32273120 750629884
1 1420 396098715 405752438
1 2012 324035782 383206025
1 46 577721101 701988233
1 1522 631975687 722680533
1 78 417520763 786940505
1 599 197265776 184434823
1 703 624101614 401188803
1 1149 959886030 514116346
1 111 594235698 598045509
1 1673 649355778 751739254
1 355 101364507 844586402
1 1657 640873340 365230168
1 1682 73436147 665562053
1 436 212355316 46362013
1 1661 844299631 6947259
1 997 348911300 283473437
1 58 956539223 954481668
1 926 526617084 189155181
1 88 968859412 595347858
1 224 486766133 573430073
1 1975 701003458 248701329
1 171 484368868 842099519
1 928 842644921 737527211
1 1789 814796937 541431510
1 379 55779969 147120528
1 1291 786425599 372650470
1 1479 588216856 573606241
1 1804 281977444 813915036
1 376 907110753 169198856
1 2053 358485069 72562233
1 188 347138739 141843710
1 453 201421649 379518919
1 2223 283018985 416296651
1 1917 766103483 456651769
1 2118 123078526 459457336
1 868 208065888 207961104
1 1478 528133569 311552067
1 113 907485830 302556718
1 119 764481023 825296822
1 1394 697059190 757423386
1 14 91535932 436094091
1 1557 753866944 467616742
1 659 487082762 628038742
1 2116 489789292 356097240
1 385 887787582 335895779
1 1305 293398803 135740459
1 728 379716423 118536019
1 500 962935506 993730293
1 2006 186814785 967235017
1 1197 260220825 899896159
1 568 214230246 328607915
1 1222 57397177 35449750
1 1811 20057227 281693266
1 822 914666927 597344643
1 154 240753289 729814729
1 967 579068233 706297065
1 1644 165844053 282872040
1 1068 63351653 764122551
1 836 743732465 683152571
1 1291 986352110 734246715
1 781 972556277 872553093
1 843 787378183 117218921
1 1683 448467734 353431559
1 1846 612121710 868195066
1 1794 747286568 655603080
1 2060 447889152 543870357
1 1469 154151260 378751512
1 1451 636803287 389843936
1 1119 946163761 695307605
1 1641 411369612 997606551
1 1075 527221642 369421422
1 270 520886370 566290802
1 2090 90765933 369852058
1 846 722340191 429849129
1 1696 4545652 549527006
1 1242 965637478 971407495
1 1407 957995685 813302698
1 1304 283500562 290418238
1 454 493151737 857772
1 1075 516690766 540324159
1 1240 467753537 687150206
1 1403 147613333 73054472
1 1762 931691782 627820153
1 1820 465005157 227405461
1 1430 393416862 699517264
1 504 702446229 518071833
1 1009 508637992 507981783
1 135 564844061 353722874
1 818 975319562 370497480
1 435 384363226 293965517
1 1651 888111421 677183324
1 985 830309410 695146045
1 1422 650458401 337639641
1 1661 616767675 30191891
1 1516 402922504 346453212
1 2196 432508108 686005826
1 1800 106035321 2636546
1 910 819059780 936215771
1 2195 228390249 385559625
1 563 446792681 885136908
1 1500 268649274 82775712
1 57 764995067 818996672
1 1184 200614593 649332611
1 673 225882211 210278475
1 2245 437323375 552687848
1 55 308269995 782332384
1 1131 137235839 901894413
1 740 871806260 872905633
1 745 400740100 179209170
1 1604 413053167 955730914
1 2293 574937316 649863436
1 1821 80948729 14275914
1 1946 903677071 169004637
1 610 451833793 645388223
1 788 762822214 337186798
1 1352 877288110 34151008
1 1999 467057279 254475075
1 1340 853875632 757731899
1 1467 481726934 826536605
1 1098 628795533 600421979
1 1018 844180367 322028976
1 1439 508498212 816193503
1 426 689160019 388614806
1 1054 15271475 460109942
1 797 529787365 721573384
1 290 615399112 247073698
1 334 943183568 714104449
1 796 871730830 341048029
1 660 257961041 788619608
1 1220 857653014 858684877
1 1393 46164475 194921536
1 79 866453308 640510597
1 2256 568402748 735669554
1 75 890658864 82099463
1 1034 452607834 163412915
1 35 202965556 893391156
1 634 205950065 384369945
1 982 399733195 8925194
1 770 321294280 147640452
1 2312 720126191 606010146
1 1130 544825897 759235452
1 1721 420563717 858621575
1 1173 309226004 369310000
1 2054 13276824 345209534
1 1705 273201656 713451569
1 1529 359972884 420899406
1 954 951398030 78918136
1 520 382763943 761478749
1 1302 53955109 632729615
1 1917 261081851 263588861
1 1405 664161762 902692397
1 24 876312686 977568363
1 1642 739922519 489437866
1 908 22958919 754809309
1 1815 634109923 483911998
1 823 229612513 310144009
1 1292 79561388 928008620
1 769 260694119 750987672
1 1098 147440987 989422536
1 908 998960646 103203243
1 1663 198286341 713637474
1 1282 77747540 140353078
1 642 259563848 624664440
1 1912 96254347 966899164
1 507 38718970 708804532
1 617 548345914 974065252
1 2154 50713423 162735240
1 1114 778361677 41923420
1 401 490022954 767105571
1 928 233276796 954133690
1 2103 587901740 495844688
1 275 712915563 711585171
1 1755 666275607 703145277
1 831 54364390 868816368
1 1590 355157409 549416312
1 2154 579816534 385659067
1 1499 157070972 48190187
1 1046 559047561 177758548
1 1923 2923902 741322589
1 90 191983642 346376627
1 788 677731278 553983645
1 1845 90226438 630986844
1 131 392974702 521700679
1 767 151657536 260825337
1 1732 437530638 549080834
1 1564 56131928 280808544
1 1091 375538068 88261288
1 257 714714091 614248778
1 1035 500160912 179992062
1 2049 724515346 550881837
1 1429 273362807 152284245
1 935 758158344 949962458
1 890 658401683 860591346
1 1100 107688608 661899954
1 435 680177907 777732973
1 1984 938964009 379192620
1 1133 948751662 28506999
1 1664 821252608 836031910
1 54 503101397 716092910
1 1282 601537257 145501268
1 1576 812437265 536109695
1 691 827061118 953539444
1 978 921146831 960076956
1 1653 657570333 882199634
1 1403 393387436 937659183
1 968 140736663 774177617
1 1290 401210323 785534152
1 550 856169062 876777091
1 1420 879416187 875741987
1 2318 647452651 902954650
1 563 711010660 590894552
1 1413 424903975 281155658
1 2399 192449235 399934375
1 1191 677938566 304287547
1 969 617364526 619182751
1 940 612168810 251060313
1 2219 119691870 234129467
1 1675 597736774 504492767
1 1647 630930531 133702941
1 2136 630961357 819121313
1 2378 637740542 507870579
1 37 654236356 655357856
1 2126 552158975 458607964
1 1699 87135681 524093382
1 1870 592137151 352602460
1 275 284043902 526456433
1 242 259215607 265979710
1 1822 490316436 667228115
1 2250 797390447 824183051
1 607 719003911 329450533
1 2105 501191518 488869318
1 1645 96868827 593159396
1 1372 200154061 382479633
1 229 429277582 559057893
1 1702 961568046 459608883
1 716 397931380 980708248
1 1152 901099733 148212451
1 1588 986670522 542041500
1 1556 100717360 231076419
1 1877 24563204 184870584
1 684 574221484 327831165
1 1948 996505187 525598688
1 2281 879078634 415679386
1 454 736053405 412697822
1 1833 415391454 952495780
1 1796 90186845 883342137
1 1014 76995970 455164772
1 2252 834540303 813267239
1 369 636495618 569690845
1 1022 233715898 164009390
1 166 976231801 745141622
1 2102 76228819 429986768
1 2092 194581783 569619098
1 1563 652686073 309358314
1 1631 193643711 319383360
1 410 595028676 88374504
1 623 241684680 715894764
1 1675 906517987 578568569
1 981 64486538 938738534
1 135 641385867 860721701
1 1207 314680311 753149844
1 927 252440283 878737436
1 2108 117873888 769982997
1 101 527529322 916653712
1 499 750887743 687683674
1 2115 931499101 206311787
1 387 938481034 321575576
1 1304 827065232 135740105
1 1746 862415623 671726252
1 1692 685025837 678298391
1 609 725651171 593816765
1 1743 358318146 813302833
1 143 155717845 136244865
1 1192 212033919 411685786
1 356 11247927 41997672
1 210 641603534 188918782
1 967 712574797 978380202
1 2455 882974834 565994401
1 1302 729809252 408549868
1 626 121281920 924283424
1 860 168519097 729912940
1 1030 474151923 942983360
1 1399 104170101 503885612
1 2127 928221600 709459123
1 2134 491037274 906779476
1 2013 189684778 500247325
1 1285 659154506 795130406
1 1209 103743096 838135615
1 1960 424227592 492519113
1 2260 559244066 319710400
1 2250 815992148 596941357
1 1540 693678040 221872130
1 693 267768226 998633213
1 225 551208178 749582906
1 2175 785684856 149282619
1 26 621308998 286276302
1 426 548372809 801054232
1 646 408559756 650190124
1 2211 103652075 564195116
1 347 276223542 998304997
1 1112 792298572 132888748
1 861 553501589 383557237
1 1545 3036251 966882136
1 1301 202015199 146845090
1 249 565566458 757654697
1 2371 370239247 153680844
1 1677 190313256 72930365
1 80 893892131 720758421
1 1565 423257477 89759954
1 2179 239933457 551785243
1 1445 293018070 653798984
1 1054 21873612 835132376
1 1784 326640536 186308472
1 1017 580153703 232182166
1 1872 467051248 562276546
1 2144 973605172 659193093
1 1503 386198363 89012146
1 459 75931589 301372189
1 2319 837857469 973987836
1 240 631683050 653778079
1 1437 115461282 735394902
1 127 372423997 385315720
1 249 178981925 507030020
1 1502 818472227 540719143
1 1336 980399695 51233031
1 1889 568808679 709486924
1 1694 276972646 305006538
1 348 409901878 654034600
1 456 988715569 940831992
1 1837 908734976 3330330
1 2151 312121027 626795252
1 1009 459783134 524798363
1 1273 247729049 895813073
1 1836 579301270 828368823
1 238 317472364 823116421
1 1274 617580858 292064258
1 2063 515175783 178320724
1 1809 55795935 895309154
1 2296 80854985 829343901
1 69 556425675 772654171
1 2397 294629250 766705727
1 1746 634413485 665330437
1 2246 81847422 207194281
1 268 657409494 585884285
1 733 836180961 63336258
1 863 144920727 320211468
1 984 17467864 905582828
1 2014 97320814 594250383
1 1263 192870082 300883021
1 204 722174020 145668522
1 1225 54778159 922977591
1 1669 678301188 400056081
1 1421 291964841 682511893
1 1429 644063091 852238581
1 400 947739973 179290893
1 2373 722854467 817764801
1 1277 198084951 972890731
1 1197 560487046 116742346
1 1626 672621728 880508112
1 125 304829930 201123275
1 281 81453611 761706000
1 1935 580080305 957862195
1 215 159276173 944899272
1 2452 587973828 236990414
1 743 467515400 93674686
1 906 334675160 863488157
1 888 340694001 628661574
1 1890 536353148 269871871
1 2149 772428187 950352944
1 992 298511423 525360398
1 2102 416176597 347410560
1 1056 839932637 815017976
1 494 787114812 393077299
1 2172 902433520 944703426
1 771 335717109 250362924
1 1789 918393472 193220245
1 1437 173535765 77391966
1 1272 467295043 834364401
1 1729 169182387 42575553
1 252 890427203 719285729
1 835 931904347 215202801
1 697 42706366 83183541
1 317 9676062 857754544
1 409 772084669 566229242
1 1152 912506333 321684579
1 2332 253475367 211995774
1 2432 476211457 51774204
1 2435 231726822 951328602
1 1377 589234747 612120692
1 1145 191598468 821000423
1 313 572852 293417807
1 1420 783210520 872300097
1 2199 783308426 826450964
1 450 47122990 965332169
1 411 840763230 405044005
1 2487 445322189 120881433
1 1870 82490659 93911255
1 1264 286488827 611002819
1 1724 649639510 141541902
1 325 50277096 566350189
1 1683 356571589 421213937
1 1070 957712205 799351281
1 1688 619833282 250477907
1 1796 974495663 234836859
1 1059 213573098 672579011
1 326 873639472 395149886
1 953 565659729 248663593
1 804 991690050 924327036
1 2471 660546968 143128123
1 1277 747307051 257005974
1 1134 689660838 860378063
1 750 10868764 87607686
1 2118 348815483 827738633
1 1687 478867252 310485275
1 1375 771511623 896520198
1 2226 858794030 265896517
1 472 334307825 225719551
1 1840 921775846 576219995
1 628 357370121 59715116
1 377 193433243 632157039
1 2319 224536782 58243713
1 686 861633376 518862839
1 2060 389414821 189937766
1 1996 749616679 654912441
1 151 510768784 545256575
1 1484 395278756 122915252
1 1491 436009512 147982632
1 2129 561570424 872531305
1 694 532874470 796601003
1 58 467964347 757445377
1 430 226991046 587263596
1 565 385519369 508682701
1 1149 337459545 319922244
1 371 868417069 320788535
1 45 972848856 620132129
1 992 819137918 801883531
1 1200 173731352 217382271
1 2609 429081379 255787310
1 2182 744780005 549709916
1 1990 665428310 746145641
1 443 787240679 860342565
1 2433 801795261 392105308
1 959 726278798 166103482
1 84 535691297 259363192
1 213 265705355 116006434
1 266 477066552 973307806
1 173 862397708 755340313
1 1040 664218475 298597112
1 2612 186251074 789977160
1 2218 914132294 306073072
1 147 172685993 51997202
1 498 288305701 907593759
1 2281 951631616 434426110
1 217 97850987 43262176
1 1006 890142760 22258759
1 2220 920627117 712259619
1 170 917893115 892367688
1 592 957357391 430692803
1 336 635875415 959310322
1 1306 720165444 602298536
1 2641 416045007 317154510
1 1230 617751620 586567913
1 2071 735128861 160507189
1 2146 134479184 345891907
1 2094 802337684 658008197
1 2205 434496757 411661739
1 2394 908233973 15399594
1 1981 586653639 312195411
1 700 984186376 887887884
1 735 599899913 119204276
1 1936 186129278 461415067
1 1769 853121653 789435415
1 2645 226000374 415773283
1 1375 84697338 653382391
1 352 624777624 138766282
1 1852 531307172 66458373
1 1150 415067777 454879147
1 1546 549907456 381438433
1 1071 993031139 425197868
1 1267 419978981 412775636
1 1945 145118792 265642290
1 445 340742942 148242807
1 1 853108306 642101231
1 914 314488086 858947058
1 742 738041124 107726845
1 2229 942940694 597142263
1 1049 496130984 196365818
1 1499 855843933 368880074
1 843 989749183 258713300
1 2597 935721774 565283683
1 172 856652534 215345876
1 557 909981562 430816399
1 1096 337599578 562161550
1 1716 193995714 339743474
1 160 724180344 60277800
1 1738 995564484 591151662
1 1664 352295116 169919090
1 2396 875108528 362970033
1 2653 804526389 585354668
1 92 13727471 68741874
1 1325 827403935 638048419
1 2080 186718415 363848566
1 1853 836645425 998478220
1 2122 139073940 732643200
1 1337 41034336 588861623
1 2649 376776936 276607411
1 1329 702038195 409857998
1 674 276464963 962530257
1 858 702865408 307543219
1 567 494584095 437053858
1 373 556210491 581788631
1 797 412136157 173948419
1 1708 154328771 581026910
1 2332 77164347 780868927
1 395 775968233 419128658
1 233 669744292 443504366
1 2521 56675114 46423718
1 894 27046840 191579672
1 14 274182186 668596123
1 540 999456672 340553402
1 858 183234133 407947926
1 2519 350518133 483606224
1 1331 290183217 431359759
1 1295 358384554 275761011
1 817 120425330 815006841
1 681 329770426 324421162
1 469 172673330 739216902
1 2092 849036584 339412779
1 402 576404265 38553314
1 1199 134908495 689029322
1 1275 256509244 186690315
1 1471 308711730 65618707
1 2325 786185786 641647527
1 943 318720801 972938178
1 838 690515587 111900888
1 2653 320270294 390071117
1 104 473316405 514822787
1 1432 928436311 397841846
1 1919 892618212 349038351
1 734 18184951 697195260
1 119 671674224 512223815
1 2106 680417018 448056788
1 1734 619266554 205223675
1 1546 505216269 606598470
1 867 22671714 221238869
1 562 24368338 581484759
1 1343 747036528 125726485
1 580 980320715 93420434
1 2406 582184789 534631825
1 1843 342420515 196537456
1 712 756578474 552097251
1 753 319436141 644930369
1 1884 402176422 957099134
1 1173 736975830 329970425
1 2028 931662083 213569286
1 721 853361656 994839572
1 246 236171271 266989619
1 1023 246535229 36496608
1 844 586494336 660609053
1 2745 623340245 329532382
1 2674 473866791 74076703
1 2095 1674593 891250801
1 2320 361675972 981621093
1 2595 775245650 334702186
1 1340 502426841 714466816
1 762 334853800 871110109
1 1796 679699823 588129600
1 745 280287393 126661182
1 1198 813843401 905472753
1 1281 37974039 385072982
1 2374 265834829 610653002
1 2075 719117301 324548681
1 1989 256235184 767456337
1 2223 219863354 997158546
1 2413 430460811 887948554
1 1953 411991414 665705740
1 1426 469772811 705090948
1 1595 541205374 563063492
1 2144 505638613 1049581
1 1891 279745472 370245501
1 1084 728551589 578874393
1 2518 859457333 711003636
1 321 840255307 886964613
1 1721 988355606 462832975
1 502 310282807 780886841
1 86 335720743 95279450
1 1237 475216136 209466124
1 1917 261157428 857898297
1 2175 558003054 76426961
1 960 895982659 302723532
1 2188 924999926 247662123
1 1555 503879524 730757290
1 1188 488923041 363778605
1 2311 405040918 706652769
1 1194 681458131 393999946
1 1717 895933249 337097250
1 116 587658794 852842784
1 1366 317974177 490839717
1 432 713415234 633845783
1 2108 937359655 186225410
1 2595 555405106 438360408
1 1145 909231071 62457147
1 1789 224981955 821130663
1 2594 580922270 609665591
1 832 17372870 867043272
1 2784 510152087 162984851
1 1830 160996356 173528083
1 2235 882908265 212956074
1 348 610397256 74142620
1 2293 301237146 283453573
1 107 527092761 484088658
1 185 251266876 220184541
1 1274 496126818 499172465
1 1309 409823223 790526943
1 784 739248802 145537769
1 449 253942480 324165194
1 103 444000352 521109263
1 1919 47423361 940528341
1 1498 448725162 117442685
1 103 447968020 234757287
1 538 469818518 685102877
1 1875 537664075 786821726
1 400 373894413 615219763
1 389 838451159 506688548
1 1028 422002063 28365780
1 245 832821286 608424002
1 518 11020464 64463820
1 1179 663121991 891785573
1 653 56392549 461359081
1 558 552546478 287021347
1 1750 32331553 379104438
1 1303 238234645 926964282
1 1674 361847453 451268161
1 899 476880881 943330759
1 1941 538224611 574894524
1 30 803090777 153067519
1 1335 566568070 971674848
1 1380 284566296 301323097
1 541 158439369 252643578
1 1108 797034816 258612902
1 1386 806643349 172657441
1 2586 386698535 266201541
1 374 985288780 107941018
1 671 757458017 279080337
1 552 919972075 49680491
1 256 943269187 628465670
1 477 159840929 623348351
1 1549 315139396 222381329
1 1417 683450086 531090200
1 1633 991150057 89200799
1 1607 484392637 95495676
1 1056 103918919 450065599
1 1925 830938925 727283569
1 2369 598312681 535370823
1 429 382116799 115820648
1 1970 910032778 290135143
1 1431 187318259 743329639
1 1111 969925661 222236313
1 1989 774767685 326565570
1 1350 44086750 538306704
1 549 104259256 407708888
1 2536 865715924 957337658
1 2008 204186124 744356102
1 2269 575831992 345346210
1 2327 123791157 967612022
1 1832 754180602 914389222
1 728 207315247 670160353
1 2176 106843551 721910024
1 906 94611686 4014733
1 695 325607673 692652643
1 1190 963627602 947568753
1 868 801261598 588986116
1 115 28529709 258702360
1 1964 935973319 216083446
1 438 982377936 959044971
1 2527 958007992 546152863
1 715 299472711 150167056
1 2845 177856924 798273753
1 1067 587790926 686616150
1 2857 756857515 732828875
1 1096 746688512 974226281
1 2754 23303630 821803035
1 2808 722656114 938491518
1 321 72181196 633586610
1 2472 282782639 810217476
1 2718 641208975 518995739
1 1326 649537893 931950519
1 239 883156134 749263706
1 995 807908648 647402579
1 292 726243288 843668730
1 2028 16764647 770791440
1 2173 783597195 297356565
1 2269 483735693 134824977
1 614 521962516 4638762
1 815 244138229 676344637
1 1588 4619782 633381815
1 2041 971849403 371631104
1 1686 88076829 378071446
1 1871 395331099 580299559
1 2161 931068950 943442555
1 991 972029997 74203408
1 587 606434613 753123840
1 2025 837881454 989986359
1 170 488821159 498014373
1 2469 618667005 130593690
1 688 114943556 771916169
1 1090 159628384 553904524
1 1311 948497758 667397074
1 947 521215118 135965723
1 1568 779601749 700702888
1 1428 952647335 300228625
1 1936 64951810 315648314
1 911 820017405 44169672
1 1204 420584919 739393129
1 1684 182977806 808195387
1 2717 604950099 268324071
1 1570 581201165 968515620
1 864 935621375 620032011
1 103 971540273 606325171
1 1558 364792540 269371990
1 1613 465789315 454830343
1 1593 107212826 304848962
1 1937 824649715 122592639
1 2619 638474644 916418129
1 1303 507393172 979774383
1 81 180251762 598904499
1 2795 277837089 152835761
1 2383 27534322 318535740
1 1683 692986948 42866621
1 2355 887127204 761739962
1 1455 425247423 394856598
1 2125 540451929 999959984
1 424 957944554 554078772
1 1854 476976073 533533051
1 2240 865772496 828449243
1 95 238708755 520199209
1 2878 995703314 311633506
1 616 638653557 758432018
1 2233 400808470 953810281
1 132 756950882 12676355
1 1879 24741656 208985882
1 1631 261086023 210445481
1 1122 521620335 533659895
1 2645 865461665 462120934
1 1542 967450034 528804612
1 123 341001965 438888215
1 469 30117929 673341526
1 1458 888370692 353421730
1 943 452127134 315770598
1 1093 526080506 996715769
1 828 475486931 143226686
1 432 672948105 109273301
1 1849 256878816 650240708
1 2660 292108205 251382167
1 341 779802983 562434650
1 897 66474442 683651009
1 230 608697958 797724812
1 803 292844290 575497197
1 539 410340946 531191518
1 987 230241207 765196971
1 2307 487686154 704908571
1 229 929676243 797009239
1 1840 300473880 999005176
1 337 338331705 351501318
1 135 683511365 461950865
1 1781 271595256 695231964
1 1068 405228782 406601902
1 417 322934101 228218287
1 1935 133740191 801366833
1 501 361864429 775331183
1 668 156527686 210603018
1 1777 132474045 848134554
1 2820 208966073 684058061
1 82 560246600 804312810
1 2160 837705545 739086576
1 2514 255205197 695082164
1 958 683047559 329464848
1 2764 275895610 454916258
1 1051 293288825 433418507
1 2750 742291626 334384831
1 955 446968699 625858569
1 791 927836537 273649597
1 1929 915674127 477060036
1 2729 567998406 920300381
1 393 67968553 959435534
1 48 612050710 217511027
1 1670 709596109 297747053
1 2698 254207853 990096998
1 2083 718173603 532402378
1 1115 320523232 588053000
1 647 592575278 72711600
1 1542 684162358 40477574
1 2691 983653672 79921910
1 414 153963011 126509882
1 54 514084076 440265810
1 1328 513644465 363382547
1 2519 199531620 988984502
1 347 697410653 232055337
1 1784 896787171 191637315
1 916 929181170 775563816
1 2493 564719590 220404634
1 2570 634015337 656717304
1 1376 730295739 678524971
1 1852 163848366 29578185
1 490 778336649 7081966
1 1933 980279345 527621622
1 1761 258110080 458037430
1 2679 449795134 948213473
1 1216 638425864 114197364
2 1386 2211
2 970 2510
2 64 308
2 678 2159
2 2605 2828
2 1558 1907
2 2663 2905
2 460 2509
2 2659 2736
2 2552 2905
2 1625 1694
2 2729 2756
2 1980 2354
2 736 1247
2 2325 2498
2 1484 2570
2 2024 2266
2 665 2411
2 2569 2644
2 2514 2560
2 406 1231
2 2428 2589
2 382 940
2 428 865
2 2093 2888
2 2267 2425
2 1972 2350
2 1643 1673
2 623 2181
2 1913 2971
2 2695 2968
2 791 1706
2 2319 2490
2 2485 2651
2 2731 2949
2 469 832
2 74 2344
2 2566 2698
2 395 860
2 1226 2338
2 573 914
2 1451 2438
2 550 907
2 433 716
2 2933 2945
2 1050 1922
2 2742 2870
2 2584 2891
2 1382 2123
2 962 2115
2 2637 2877
2 848 2657
2 196 990
2 473 2549
2 798 2044
2 341 2899
2 2325 2764
2 869 2258
2 2163 2255
2 1994 1994
2 1346 2813
2 2817 2851
2 2198 2748
2 1847 2531
2 762 1409
2 1190 2464
2 1502 2728
2 1434 2484
2 317 1095
2 1397 2819
2 2755 2881
2 2545 2959
2 1386 1861
2 1966 2683
2 479 2623
2 296 2671
2 2188 2467
2 1360 1852
2 1764 2960
2 2824 2905
2 2274 2886
2 28 1818
2 2234 2852
2 2403 2599
2 827 2442
2 2846 2970
2 52 1009
2 1384 1598
2 2126 2659
2 2156 2840
2 487 2262
2 1760 2939
2 408 1338
2 474 2522
2 2711 2959
2 2817 2857
2 2910 2989
2 2717 2798
2 2215 2594
2 2749 2772
2 1909 2138
2 468 1046
2 2054 2100
2 1256 1787
2 2051 2849
2 257 2913
2 915 2912
2 4 2425
2 1826 2651
2 2114 2722
2 683 2871
2 474 1433
2 1418 2827
2 541 1548
2 480 2723
2 152 771
2 198 422
2 2900 2963
2 2592 2864
2 1305 2842
2 1301 1447
2 2566 2944
2 1613 1899
2 2802 2967
2 1050 2456
2 938 1918
2 2343 2415
2 2734 2823
2 1920 2167
2 1180 1671
2 1747 1878
2 309 2901
2 559 732
2 2529 2549
2 2057 2558
2 2193 2800
2 1286 2188
2 1883 2377
2 913 2218
2 1875 2237
2 451 1536
2 77 1968
2 2862 2994
2 27 2296
2 1855 2844
2 2577 2893
2 2137 2967
2 2754 2987
2 1812 2645
2 1608 2057
2 1597 1769
2 1474 2330
2 2217 2326
2 124 2933
2 993 2976
2 2844 2941
2 2073 2951
2 2067 2513
2 510 3000
2 698 765
2 895 1417
2 935 1742
2 630 2932
2 443 2900
2 2750 2865
2 825 1187
2 1463 1714
2 1002 1028
2 2597 2738
2 2790 2827
2 2968 2973
2 1590 2979
2 91 2556
2 2356 2383
2 440 2439
2 403 2907
2 49 532
2 1226 2611
2 2158 2636
2 2837 2872
2 1856 2781
2 1794 2044
2 1040 2889
2 80 2741
2 2055 2867
2 1330 2121
2 2746 2901
2 2118 2883
2 1566 2974
2 458 1052
2 2810 2847
2 1405 2356
2 1117 1973
2 1370 1945
2 2267 2974
2 2293 2859
2 678 1413
2 1262 1398
2 1192 1983
2 1841 2083
2 971 2648
2 2568 2981
2 1249 1399
2 2673 2863
2 43 2651
2 2147 2383
2 796 2738
2 235 2489
2 1852 2553
2 2932 2994
2 2518 2727
2 563 2649
2 1508 1836
2 2883 2904
2 1439 2942
2 1058 2193
2 1296 2492
2 1766 2989
2 1225 2015
2 2995 2999
2 677 2156
2 799 2319
2 1367 2366
2 2029 2880
2 1634 2807
2 2920 2940
2 211 1091
2 854 1204
2 801 2838
2 2091 2813
2 2746 2779
2 828 1631
2 2907 2948
2 1267 1464
2 800 2149
2 2339 2859
2 1989 2423
2 2499 2967
2 2720 2975
2 1272 2445
2 896 1107
2 2579 2736
2 2812 2863
2 1753 1981
2 1914 2721
2 1324 2634
2 1659 2203
2 2170 2310
2 1855 2301
2 2559 2582
2 2589 2992
2 2635 2749
2 146 2206
2 600 2488
2 2417 2437
2 2907 2978
2 1970 2814
2 561 1113
2 183 2586
2 2497 2514
2 1562 1689
2 2217 2994
2 838 2312
2 1627 2844
2 380 1760
2 1113 2947
2 628 1723
2 4 1083
2 2427 2740
2 419 1339
2 2885 2921
2 1401 1827
2 1277 2187
2 1684 2087
2 333 1172
2 2862 2938
2 872 1961
2 1046 2305
2 1461 2767
2 1777 2210
2 1032 1472
2 1790 1981
2 2370 2374
2 946 1145
2 2066 2069
2 1626 2562
2 1282 1681
2 1751 1805
2 158 1318
2 1777 2733
2 663 931
2 323 923
2 2818 2839
2 1462 2531
2 1466 2407
2 150 1275
2 1624 2303
2 347 1278
2 1727 1733
2 975 2712
2 1323 1514
2 1604 2259
2 2283 2382
2 1144 2757
2 2855 2976
2 2979 2998
2 2438 2555
2 2502 2828
2 1588 2450
2 276 1497
2 1430 2546
2 1924 2145
2 2313 2792
2 410 1577
2 2647 2817
2 2583 2975
2 839 2613
2 1012 2606
2 2303 2396
2 2903 2938
2 2802 2977
2 330 2527
2 1443 2642
2 2317 2584
2 1737 1817
2 714 2112
2 1703 1864
2 1138 2925
2 1648 2238
2 1658 2072
2 2885 2935
2 2812 2883
2 153 722
2 564 1794
2 940 2741
2 1673 1720
2 1518 1635
2 1859 2669
2 1830 2411
2 33 1090
2 1532 1948
2 1236 2932
2 2020 2443
2 239 2115
2 1592 2114
2 1824 2571
2 1364 1948
2 1576 2866
2 2220 2879
2 2613 2835
2 2921 2949
2 1486 2973
2 1659 2412
2 482 2911
2 2794 2858
2 2928 2944
2 1790 2329
2 97 1555
2 932 2262
2 2474 2926
2 2776 2894
2 55 2276
2 1101 2557
2 1229 1468
2 148 660
2 800 2796
2 31 2558
2 2480 2858
2 1620 2227
2 753 1424
2 1076 1164
2 2939 2986
2 716 1782
2 238 438
2 2992 2998
2 2057 2797
2 2286 2298
2 1355 1671
2 593 1763
2 527 1392
2 1743 2342
2 2537 2870
2 1693 2312
2 2664 2727
2 74 1594
2 2895 2969
2 176 1330
2 1454 1696
2 1945 2822
2 1075 1708
2 275 745
2 545 628
2 1195 1747
2 1128 1420
2 2446 2580
2 1046 1189
2 1476 2372
2 1451 2312
2 887 1437
2 2798 2930
2 2782 2920
2 2124 2660
2 2061 2795
2 2602 2854
2 2054 2893
2 1922 2051
2 441 1661
2 2671 2680
2 636 1113
2 1214 2766
2 1462 2197
2 2866 2869
2 56 1837
2 1773 1914
2 125 2681
2 1823 2449
2 1519 2327
2 447 1411
2 1455 2510
2 2646 2962
2 466 2047
2 1318 2424
2 2877 2891
2 2434 2820
2 224 962
2 622 1641
2 601 2122
2 1090 2251
2 2878 2927
2 2196 2857
2 1337 1882
2 1072 2858
2 1613 1926
2 598 1564
2 1582 1804
2 2057 2400
2 3000 3000
2 1298 2946
2 722 1151
2 1031 2535
2 234 1676
2 1251 1894
2 1038 2110
2 2182 2375
2 1196 2588
2 1254 2934
2 1279 2956
2 1112 2059
2 2354 2984
2 731 888
2 982 2586
2 763 2288
2 2216 2703
2 2344 2486
2 2605 2927
2 1524 2222
2 2465 2836
2 2146 2519
2 248 2996
2 255 1104
2 1436 1793
2 1319 1474
2 587 1857
2 1651 2586
2 1931 2593
2 2472 2768
2 1775 2093
2 1563 2655
2 538 1248
2 124 526
2 1124 1263
2 2979 2995
2 945 2154
2 99 145
2 2504 2676
2 2601 2998
2 1240 2917
2 2191 2515
2 2132 2461
2 904 1454
2 25 1998
2 2404 2966
2 45 2828
2 2734 2840
2 1246 2180
2 2708 2864
2 2232 2581
2 501 2095
2 1518 1863
2 528 1618
2 2099 2750
2 2670 2843
2 1580 2127
2 560 1849
2 1803 2895
2 1978 2869
2 676 2136
2 964 1472
2 1528 2571
2 98 1809
2 561 1907
2 1552 2086
2 1889 2698
2 761 1882
2 2730 2916
2 2634 2789
2 1177 2064
2 2343 2430
2 830 2583
2 1522 1684
2 985 1148
2 1164 1998
2 919 2343
2 849 2218
2 957 2273
2 1258 2515
2 2954 2993
2 2933 2967
2 1628 2299
2 2633 2898
2 379 2397
2 2853 2918
2 551 1044
2 900 1009
2 2625 2798
2 117 2212
2 1843 2379
2 2082 2932
2 2866 2892
2 1447 2383
2 2098 2116
2 2257 2553
2 686 882
2 2580 2768
2 1544 1701
2 1141 1364
2 1036 2358
2 346 1400
2 1342 2509
2 2067 2668
2 2107 2983
2 1399 2474
2 2627 2766
2 2882 2945
2 1938 2012
2 222 2493
2 2000 2830
2 2569 2619
2 1698 2111
2 2978 2984
2 5 1968
2 2601 2612
2 1233 2949
2 752 1914
2 1221 2190
2 751 1935
2 362 1826
2 1596 2052
2 2472 2707
2 446 1382
2 2291 2951
2 516 1298
2 1826 1891
2 2236 2981
2 2933 2961
2 1794 2339
2 2645 2662
2 1486 2966
2 1791 2851
2 2889 2897
2 464 2970
2 2014 2179
2 803 1043
2 2063 2763
2 316 1916
2 2741 2845
2 522 2383
2 1056 1179
2 2434 2705
2 2197 2802
2 1368 1660
2 821 1064
2 2809 2926
2 965 2501
2 206 2226
2 2247 2855
2 1868 1987
2 2613 2731
2 671 1014
2 1374 1511
2 1178 2801
2 2392 2998
2 480 690
2 334 472
2 1865 2843
2 86 2356
2 169 267
2 2495 2665
2 228 1971
2 1301 2172
2 473 2378
2 2312 2320
2 1533 2130
2 1480 2760
2 2531 2581
2 2457 2713
2 336 2927
2 939 2560
2 2082 2642
2 41 1544
2 400 2993
2 2496 2758
2 2942 2995
2 146 2926
2 1196 1620
2 1701 2132
2 2831 2841
2 2031 2382
2 1929 2126
2 1480 2437
2 1785 2146
2 2716 2826
2 1014 1905
2 155 2647
2 1308 2796
2 83 250
2 509 1782
2 1828 2042
2 711 2607
2 803 1133
2 1111 2668
2 1889 2204
2 805 2016
2 2873 2877
2 1111 1568
2 2271 2672
2 1159 2766
2 1994 2904
2 2295 2601
2 2297 2896
2 1124 2632
2 1131 2572
2 877 1562
2 2270 2994
2 227 2449
2 2774 2927
2 284 1230
2 2756 2903
2 2517 2753
2 742 2865
2 2262 2613
2 332 681
2 2923 2957
2 2514 2902
2 253 2159
2 511 1653
2 2566 2629
2 412 2922
2 1070 2450
2 104 1597
2 1274 1356
2 1180 1327
2 1480 2143
2 1014 2983
2 2008 2817
2 2688 2932
2 2183 2643
2 1129 1989
2 2658 2831
2 860 2683
2 825 2365
2 1501 2286
2 38 311
2 1570 2824
2 1782 2135
2 2024 2202
2 702 754
2 406 1677
2 2334 2858
2 2322 2997
2 2676 2899
2 2615 2796
2 935 2617
2 2422 2561
2 420 1874
2 704 1672
2 485 2227
2 123 927
2 2039 2894
2 1982 2123
2 1927 2256
2 192 1839
2 2873 2884
2 502 2040
2 1685 2958
2 2124 2216
2 2216 2232
2 1404 1672
2 2707 2813
2 854 2868
2 930 2873
2 1654 2674
2 304 561
2 501 2247
2 631 2576
2 795 1743
2 948 2614
2 592 1215
2 2989 2996
2 513 1039
2 1164 2798
2 2574 2765
2 303 2950
2 2355 2994
2 1032 2772
2 2831 2979
2 2833 2900
2 1638 2059
2 1165 2855
2 1811 2689
2 2787 2821
2 790 2439
2 1614 2183
2 1614 2142
2 958 2791
2 1605 2071
2 2754 2919
2 899 1145
2 693 1299
2 1587 2521
2 1473 1653
2 1300 2896
2 454 852
2 1770 2869
2 438 2700
2 2272 2284
2 861 2572
2 791 1606
2 2847 2996
2 830 1928
2 510 1304
2 950 1098
2 1736 2033
2 1603 1938
2 1004 1685
2 105 2534
2 2467 2591
2 1299 2004
2 995 2649
2 2722 2813
2 1213 1942
2 1249 2325
2 1744 2618
2 1041 2730
2 1982 2560
2 1586 1809
2 412 2037
2 1395 1844
2 2150 2798
2 1024 1872
2 735 1881
2 94 1912
2 19 1617
2 220 1239
2 1715 2623
2 2847 2911
2 872 2091
2 17 716
2 2582 2873
2 2260 2985
2 1760 2912
2 576 1361
2 2676 2900
2 1805 1955
2 212 2339
2 589 2307
2 1697 2816
2 2572 2966
2 227 841
2 485 1406
2 172 2824
2 534 2508
2 2265 2345
2 918 1924
2 337 2364
2 731 1008
2 1665 2872
2 1391 2368
2 2525 2966
2 1935 2146
2 530 1599
2 682 1399
2 1775 1853
2 2556 2625
2 981 2115
2 2203 2553
2 1621 2530
2 1822 1838
2 1040 2561
2 1593 2690
2 2571 2681
2 425 1496
2 97 1786
2 2311 2844
2 1503 2212
2 34 2644
2 1348 1614
2 163 2355
2 2935 2977
2 330 2521
2 1764 2113
2 1688 1905
2 177 2418
2 927 1498
2 211 2998
2 761 1630
2 2767 2919
2 2676 2947
2 2044 2334
2 2779 2813
2 182 1793
2 19 2227
2 2043 2909
2 1768 2969
2 1396 2743
2 510 585
2 1262 1554
2 2345 2625
2 1154 1727
2 270 1791
2 1427 2082
2 1230 1515
2 2694 2939
2 1808 2819
2 1487 2455
2 1378 2935
2 1852 2689
2 2846 2936
2 2103 2664
2 55 1839
2 2238 2683
2 19 1766
2 2061 2203
2 917 1956
2 79 1281
2 1218 2364
2 1644 1663
2 2994 2997
2 376 659
2 1693 2499
2 2083 2927
2 2609 2627
2 1427 1799
2 2349 2749
2 2051 2538
2 2731 2959
2 2562 2892
2 2323 2897
2 1844 2584
2 2598 2725
2 1169 2610
2 1281 1829
2 1530 2522
2 2250 2270
2 2777 2805
2 104 615
2 2058 2853
2 1137 1818
2 2034 2468
2 2869 2962
2 299 2468
2 2577 2775
2 2008 2698
2 1557 1820
2 712 930
2 1831 2804
2 1330 2567
2 880 2708
2 1541 2833
2 2880 2913
2 2310 2942
2 231 2608
2 1817 2150
2 786 2126
2 100 1557
2 2401 2614
2 315 2148
2 260 298
2 931 2509
2 2645 2942
2 207 2388
2 1963 2120
2 153 2958
2 2541 2861
2 1639 2784
2 1698 2871
2 2815 2953
2 2525 2943
2 1913 2501
2 188 1583
2 1885 2009
2 1911 2768
2 322 1346
2 2941 2952
2 2901 2949
2 934 2885
2 878 2053
2 2131 2670
2 279 2030
2 1228 1229
2 2366 2985
2 254 2746
2 1888 2950
2 2473 2473
2 1462 2141
2 1232 2571
2 1652 2379
2 1678 1818
2 171 1502
2 920 2396
2 523 656
2 527 2243
2 456 1330
2 1946 2860
2 1419 2966
2 106 2307
2 2227 2335
2 1656 2429
2 2948 2963
2 1494 2913
2 2739 2788
2 2925 2946
2 1908 2644
2 2414 2695
2 703 2905
2 537 1087
2 2063 2677
2 595 2617
2 1418 2800
2 213 546
2 2629 2717
2 2869 2932
2 2531 2871
2 570 2527
2 2951 2975
2 1168 1220
2 1607 1908
2 2112 2948
2 630 2985
2 1201 1670
2 1210 2925
2 534 2202
2 1878 2645
2 2660 2754
2 334 2525
2 1945 2741
2 879 1268
2 2754 2870
2 457 2885
2 1532 1860
2 83 1504
2 2409 2526
2 1043 1941
2 2170 2689
2 154 1283
2 810 1680
2 2469 2635
2 400 2517
2 219 1833
2 315 782
2 20 1224
2 128 2037
2 750 1090
2 1369 1614
2 620 2541
2 552 1844
2 1932 2163
2 68 717
2 2906 2981
2 2189 2779
2 1221 2625
2 1647 2928
2 2208 2623
2 101 1696
2 2674 2900
2 59 705
2 309 2634
2 397 1625
2 2214 2667
2 1739 1853
2 2586 2951
2 2150 2893
2 1072 1813
2 2828 2942
2 325 2536
2 2823 2887
2 2488 2985
2 2399 2855
2 1168 1377
2 1935 2089
2 1559 2653
2 2241 2988
2 1654 1839
2 2381 2576
2 2703 2957
2 891 1433
2 1990 2604
2 702 1575
2 1357 1805
2 195 2491
2 436 1986
2 2724 2999
2 1534 2341
2 1957 2842
2 2434 2830
2 794 1721
2 614 2279
2 2001 2572
2 581 1113
2 166 595
2 1773 1828
2 1840 2308
2 2965 2992
2 890 1912
2 2405 2879
2 73 472
2 814 1745
2 1511 2643
2 474 1975
2 34 1858
2 2702 2818
2 2151 2832
2 759 1681
2 763 2483
2 1481 2425
2 1331 2343
2 1951 2488
2 1470 2348
2 634 1070
2 702 1513
2 650 1699
2 2881 2915
2 2979 2991
2 2257 2787
2 1800 2806
2 849 947
2 2811 2934
2 2415 2964
2 2588 2669
2 2994 2999
2 20 1579
2 2461 2916
2 981 1051
2 766 2890
2 2245 2857
2 1798 2060
2 2453 2930
2 2616 2841
2 1091 2109
2 2117 2625
2 2981 2984
2 744 2146
2 2040 2463
2 1820 2663
2 2767 2894
2 889 1048
2 786 1452
2 614 1928
2 1217 2619
2 2537 2631
2 902 1202
2 1917 2938
2 2747 2788
2 779 2235
2 1296 2445
2 1859 2671
2 671 2899
2 1578 2696
2 597 2580
2 469 1763
2 626 1738
2 1755 2692
2 1151 2682
2 1151 1446
2 2098 2321
2 417 2529
2 1294 1899
2 450 2640
2 1059 1189
2 2209 2373
2 2746 2959
2 605 2912
2 1681 2340
2 1100 1689
2 1496 2007
2 488 1056
2 1818 2739
2 547 1729
2 2953 2982
2 1752 2855
2 606 2373
2 2404 2472
2 2288 2435
2 2777 2980
2 1682 2043
2 2641 2641
2 13 1838
2 1959 2575
2 2799 2815
2 2149 2854
2 1920 2229
2 45 2742
2 235 1631
2 1594 1965
2 2179 2674
2 261 1858
2 918 2277
2 2412 2967
2 2866 2965
2 1302 1347
2 785 1274
2 1896 2729
2 2922 2995
2 2760 2855
2 441 863
2 2606 2784
2 1455 2016
2 1075 1687
2 1016 2675
2 2243 2771
2 867 1803
2 2488 2810
2 2598 2944
2 70 2482
2 1773 1808
2 95 2769
2 1712 2133
2 1877 2072
2 2528 2622
2 2988 2994
2 2703 2978
2 108 2651
2 1110 2276
2 459 2654
2 1782 2966
2 1461 1501
2 2519 2650
2 1486 1980
2 2114 2956
2 1935 2706
2 2124 2377
2 732 1354
2 1485 2069
2 140 156
2 1616 2522
2 2831 2918
2 2930 2949
2 132 1150
2 1155 1507
2 1769 2458
2 516 1044
2 1187 1508
2 668 2449
2 928 2381
2 209 2654
2 916 1858
2 30 1014
2 1521 1616
2 788 2092
2 2765 2964
2 668 2888
2 150 2588
2 1672 2589
2 759 1909
2 2932 2948
2 1791 2795
2 2786 2828
2 2111 2790
2 560 696
2 1816 1835
2 1781 2209
2 1230 1730
2 2824 2842
2 2283 2730
2 2757 2816
2 704 2191
2 1069 2691
2 2599 2896
2 2781 2825
2 1178 1544
2 404 457
2 765 857
2 1078 2788
2 242 449
2 2427 2571
2 197 2804
2 2233 2310
2 1930 2800
2 2116 2557
2 2826 2882
2 942 2868
2 1194 2745
2 1580 2808
2 2611 2725
2 1403 2368
2 1233 2998
2 553 1073
2 2866 2999
2 2019 2110
2 1989 2775
2 746 2570
2 2094 2700
2 374 487
2 319 666
2 867 1055
2 2024 2340
2 1133 1534
2 1507 1806
2 1739 2117
2 515 2233
2 2548 2858
2 1969 2130
2 1032 1869
2 1576 1686
2 1788 2315
2 1655 2438
2 771 2603
2 123 992
2 954 2027
2 42 1495
2 1902 2167
2 1712 2806
2 2820 2837
2 857 2312
2 1340 1997
2 1016 2350
2 2408 2908
2 492 1166
2 649 1354
2 1159 1182
2 2966 2979
2 317 2373
2 2161 2591
2 684 2279
2 1133 2819
2 1526 2987
2 1840 2725
2 464 1386
2 1439 2162
2 1603 2371
2 2695 2863
2 657 1401
2 140 327
2 1673 2363
2 752 1703
2 2410 2491
2 1977 2758
2 1403 1539
2 1148 2228
2 2167 2352
2 2094 2697
2 347 761
2 2809 2849
2 860 2004
2 330 729
2 1688 1824
2 1932 2573
2 2573 2866
2 299 1874
2 1859 1893
2 2993 3000
2 2690 3000
2 1746 2879
2 76 2745
2 1329 1622
2 2713 2757
2 2117 2571
2 2472 2632
2 959 1468
2 331 1604
2 1955 2367
2 2853 2934
2 2169 2649
2 2904 2968
2 351 489
2 2961 2978
2 1334 2262
2 1930 2783
2 1106 2382
2 2628 2815
2 521 2975
2 1073 2592
2 1776 1985
2 1423 1971
2 110 846
2 756 1757
2 2818 2928
2 982 1427
2 1434 1810
2 1749 2192
2 669 2027
2 1512 1886
2 528 2110
2 1327 1631
2 2016 2468
2 1469 2313
2 878 1020
2 2615 2825
2 230 1180
2 2468 2753
2 769 1624
2 2351 2991
2 663 2147
2 34 812
2 34 1026
2 324 1934
2 1601 1940
2 736 1650
2 1331 1498
2 330 338
2 1524 2656
2 848 913
2 1769 2854
2 2860 2970
2 2265 2672
2 286 1645
2 2311 2654
2 1858 2633
2 980 1753
2 1205 2611
2 2948 2951
2 435 2250
2 2641 2713
2 2253 2614
2 916 1460
2 1496 2569
2 19 121
2 2900 2958
2 1717 2213
2 2997 2998
2 2760 2970
2 1246 2968
2 1248 2112
2 1146 2126
2 2803 2952
2 507 2464
2 1169 1402
2 1522 2509
2 13 356
2 1915 2947
2 1401 2544
2 360 537
2 921 1924
2 330 2533
2 1083 2774
2 2274 2343
2 1278 1433
2 1507 2252
2 923 1388
2 1404 1423
2 1751 2958
2 12 801
2 1481 1980
2 2625 2835
2 278 1669
2 2317 2758
2 1078 1085
2 833 2149
2 1190 2376
2 2264 2982
2 2135 2352
2 2870 2917
2 2601 2810
2 1200 2569
2 2167 2932
2 2449 2516
2 670 1777
2 1674 2251
2 2284 2441
2 1908 2206
2 1383 2324
2 2737 2969
2 1262 2251
2 1203 2500
2 2565 2847
2 2146 2487
2 2519 2619
2 810 2220
2 1588 2419
2 651 2446
2 416 963
2 149 1680
2 850 2526
2 2154 2979
2 2070 2824
2 1922 2767
2 1430 2307
2 1379 1748
2 2585 2877
2 630 2427
2 2380 2619
2 595 1263
2 1700 2243
2 292 2237
2 490 1214
2 684 2276
2 1429 2274
2 104 1070
2 1543 2568
2 514 1636
2 2122 2828
2 1189 1852
2 2878 2907
2 1561 2426
2 1886 2075
2 2463 2921
2 105 2277
2 1584 2090
2 2886 2914
2 637 1433
2 2729 2835
2 2528 2736
2 1782 2475
2 1121 2102
2 2847 2942
2 2780 2786
2 2786 2889
2 2617 2867
2 2572 2662
2 2436 2474
2 1139 2239
2 2874 2963
2 2619 2711
2 2503 2530
2 2929 2954
2 2582 2712
2 1869 2632
2 1909 2236
2 1888 1920
2 1093 1604
2 1415 1471
2 1448 2353
2 94 1287
2 2920 2943
2 2928 2962
2 1178 2558
2 1784 2028
2 2472 2615
2 2565 2589
2 1860 2184
2 1328 1406
2 1562 1789
2 1987 2257
2 2115 2309
2 1922 2039
2 203 883
2 694 1639
2 2768 2831
2 2992 2992
2 2485 2943
2 244 1930
2 1470 2106
2 176 1997
2 1551 2660
2 66 1513
2 649 1383
2 1076 1377
2 1486 2707
2 2837 2889
2 1706 1987
2 2476 2930
2 2688 2871
2 1628 2962
2 1497 1665
2 1639 2071
2 2625 2891
2 1618 1778
2 319 2181
2 100 1251
2 2769 2884
2 1846 2099
2 1045 1874
2 2684 2836
2 554 2024
2 2533 2554
2 734 2130
2 119 449
2 1703 2828
2 662 2144
2 723 1011
2 2458 2771
2 573 2903
2 2454 2534
2 2291 2601
2 1674 1961
2 515 1847
2 105 1431
2 565 1278
2 213 2927
2 2479 2498
2 1199 2068
2 497 622
2 641 859
2 432 2312
2 2738 2927
2 2827 2829
2 2729 2981
2 2419 2928
2 1942 2048
2 2213 2365
2 167 2487
2 1757 2344
2 538 2784
2 2692 2879
2 1909 2841
2 1540 2906
2 1922 2187
2 636 1610
2 139 1835
2 1242 1336
2 1081 2221
2 1267 1625
2 2542 2960
2 203 415
2 125 1584
2 1210 1922
2 359 2131
2 254 1141
2 2054 2136
2 2998 2998
2 195 1967
2 951 2772
2 2352 2736
2 255 1597
2 1697 2224
2 93 2697
2 1929 2301
2 91 652
2 2920 2996
2 1046 2773
2 21 2270
2 1552 1860
2 566 2377
2 399 619
2 1847 2008
2 245 2757
2 2244 2683
2 1485 2239
2 1120 1345
2 1106 2026
2 2191 2715
2 2183 2691
2 733 1512
2 2262 2638
2 2529 2602
2 2103 2469
2 1830 2234
2 2059 2332
2 311 1476
2 1079 1314
2 174 1950
2 89 1574
2 1331 2618
2 2423 2694
2 2520 2856
2 1747 2926
2 34 959
2 1515 2058
2 2679 2705
2 1782 2950
2 1157 1309
2 1848 2952
2 2900 2928
2 1257 1395
2 2291 2868
2 1927 2109
2 507 2049
2 108 854
2 260 1074
2 2717 2856
2 2500 2535
2 1024 2136
2 1756 2138
2 1599 1867
2 1815 2435
2 2284 2535
2 1448 2362
2 353 1000
2 1145 1923
2 534 2357
2 2692 2698
2 500 1340
2 2286 2639
2 1629 1913
2 2854 2908
2 519 878
2 485 1808
2 135 2114
2 2904 2911
2 1670 1921
2 356 2805
2 1390 2754
2 579 653
2 1981 2849
2 1258 1611
2 2151 2154
2 1570 2371
2 2811 2832
2 1290 1523
2 1378 2755
2 2197 2674
2 2339 2779
2 547 2899
2 2095 2646
2 1157 2770
2 2747 2754
2 2447 2921
2 1330 2917
2 6 2343
2 1673 2686
2 1697 1878
2 1101 1128
2 2265 2333
2 1296 2411
2 1737 2042
2 2011 2169
2 1783 2954
2 616 932
2 1939 2958
2 2637 2931
2 27 436
2 2631 2995
2 1241 1787
2 780 1965
2 365 2088
2 940 1119
2 1521 2598
2 2910 2916
2 2627 2748
2 2527 2953
2 1878 2299
2 902 2785
2 110 1229
2 1287 2589
2 1469 1884
2 2372 2753
2 2465 2685
2 374 2831
2 1767 2173
2 1428 2917
2 1173 1576
2 355 1412
2 2598 2803
2 2047 2848
2 2587 2622
2 95 322
2 381 1097
2 939 1736
2 2826 2880
2 372 2970
2 2865 2906
2 1884 2369
2 1202 2487
2 2642 2947
2 2204 2253
2 1425 2992
2 1059 2284
2 475 1673
2 812 2199
2 1613 1823
2 351 1348
2 1244 2031
2 54 907
2 986 2582
2 2372 2465
2 1215 3000
2 1033 2593
2 2726 2756
2 257 1748
2 277 1446
2 2208 2250
2 96 1427
2 1215 1299
2 1662 2465
2 1977 2867
2 2429 2736
2 1893 2012
2 1216 2681
2 2758 2765
2 800 1222
2 1670 2037
2 1281 2497
2 2504 2602
2 1300 2027
2 1112 2778
2 1114 2408
2 1456 1789
2 2459 2977
2 2366 2403
2 1004 1663
2 2217 2311
2 1967 2642
2 761 1578
2 538 1447
2 2021 2999
2 2161 2307
2 2676 2720
2 211 663
2 2150 2240
2 917 1907
2 1421 1933
2 2737 2794
2 1498 2560
2 2462 2785
2 171 311
2 1694 1985
2 2717 2923
2 856 2328
2 1114 2171
2 46 905
2 2153 2410
2 1375 2888
2 822 2448
2 1106 1321
2 1633 2034
2 2579 2579
2 253 392
2 248 2290
2 1093 2323
2 1201 1361
2 426 1079
2 2523 2639
2 251 1039
2 2789 2978
2 1601 2828
2 1566 2529
2 318 1666
2 2895 2987
2 1854 2831
2 296 813
2 2720 2935
2 560 1017
2 974 1903
2 179 559
2 269 330
2 850 2889
2 2539 2600
2 743 1569
2 323 2316
2 517 791
2 1465 1611
2 1195 1655
2 1140 1174
2 880 2143
2 2679 2996
2 82 491
2 685 2576
2 1109 2469
2 2242 2978
2 1099 1732
2 2786 2871
2 2477 2803
2 1064 1750
2 2240 2420
2 1035 1744
2 1641 1677
2 2080 2335
2 1024 2517
2 1468 1744
2 217 278
2 1018 1223
2 1813 2184
2 2710 2944
2 1750 1870
2 2574 2624
2 431 1004
2 244 1839
2 2113 2698
2 1235 2789
2 955 1888
2 2297 2523
2 1122 1702
2 2877 2996
2 394 2138
2 2836 2983
2 69 89
2 2319 2952
2 2594 2605
2 2200 2906
2 2489 2951
2 2484 2565
2 2201 2465
2 748 1349
2 834 2865
2 1111 2440
2 1452 2116
2 818 1742
2 19 2788
2 1026 1188
2 2657 2756
2 2306 2444
2 1360 2158
2 2133 2271
2 2481 2814
2 2269 2998
2 558 2955
2 306 363
2 2014 2619
2 620 1052
2 1046 2618
2 1977 2631
2 1642 2762
2 2309 2489
2 924 1957
2 2073 2814
2 2367 2480
2 1475 2000
2 1373 1820
2 1530 1779
2 508 2292
2 2285 2364
2 1412 2454
2 984 1419
2 2560 2984
2 791 1378
2 1161 2187
2 1972 2943
2 1962 2764
2 1438 2025
2 1271 2092
2 116 542
2 425 2314
2 758 2602
2 198 1820
2 1717 2990
2 1558 1815
2 2858 2908
2 2023 2660
2 206 2763
2 1908 2584
2 1540 2693
2 1465 2840
2 2455 2740
2 214 1310
2 1171 2919
2 1889 2714
2 858 2177
2 1974 2040
2 1160 2189
2 1894 1914
2 895 2197
2 2198 2669
2 2359 2459
2 1010 2649
2 2848 2949
2 142 1222
2 2903 2965
2 1371 2692
2 1015 2822
2 744 2457
2 735 2072
2 2638 2894
2 1710 2500
2 449 2201
2 223 2220
2 2270 2328
2 41 1632
2 2510 2836
2 2341 2844
2 262 2290
2 690 1153
2 2486 2552
2 1191 2461
2 1612 1936
2 2041 2964
2 2532 2602
2 1061 1127
2 132 1691
2 175 1375
2 103 2932
2 2156 2429
2 1388 2425
2 1117 2578
2 462 963
2 260 1228
2 952 1519
2 2436 2439
2 1890 2973
2 1497 1619
2 1147 1976
2 313 875
2 965 2633
2 738 1392
2 2681 2936
2 1697 2427
2 1066 1298
2 188 1818
2 1259 2888
2 913 2527
2 489 1500
2 788 2998
2 1215 2852
2 673 2205
2 698 2514
2 376 769
2 2076 2922
2 2403 2832
2 2728 2843
2 1345 1633
2 651 1479
2 1643 2471
2 1722 1991
2 187 549
2 2270 2633
2 104 1965
2 623 2554
2 960 2312
2 440 1317
2 1604 2619
2 2265 2755
2 720 2025
2 2025 2362
2 2584 2635
2 87 510
2 1160 1179
2 1840 2134
2 2278 2438
2 1660 2257
2 2799 2924
2 2784 2989
2 1119 1361
2 1061 2024
2 74 1650
2 1259 1808
2 2836 2984
2 2549 2944
2 1352 2755
2 770 2916
2 2567 2882
2 1686 2254
2 2296 2724
2 2578 2710
2 405 2415
2 741 1702
2 777 1952
2 2954 2960
2 907 1414
2 1465 2592
2 1025 2582
2 2737 2958
2 2288 2704
2 1478 1667
2 2154 2763
2 2467 2728
2 1353 2777
2 1274 2562
2 2480 2999
2 522 1407
2 2751 2948
2 2695 2788
2 2560 2772
2 279 1519
2 372 1676
2 2911 2980
2 1510 1589
2 430 925
2 2453 2659
2 1345 2050
2 1117 2727
2 2451 2831
2 1387 1566
2 2044 2532
2 79 2929
2 1792 2535
2 2961 2966
2 2588 2643
2 1545 2148
2 1914 2730
2 1709 2162
2 668 996
2 1044 1891
2 2629 2988
2 1490 2493
2 1719 2171
2 477 2972
2 831 2398
2 1748 2536
2 1226 2401
2 869 2193
2 2605 2868
2 1373 2066
2 1112 1928
2 231 1213
2 2782 2813
2 490 1396
2 1706 2448
2 1996 2177
2 2728 2960
2 2896 2981
2 83 2875
3 1318 1836 12
